120,74,140,0.44881889763779526,0,acoustic_grand_piano	,0
480,62,180,0.31496062992125984,0,acoustic_grand_piano	,1
240,76,140,0.44881889763779526,0,acoustic_grand_piano	,0
960,54,180,0.3543307086614173,0,acoustic_grand_piano	,1
#tempo, {"bpm":143.99988480009216,"ticks":1080,"time":0.94124775}
360,78,140,0.44881889763779526,0,acoustic_grand_piano	,0
1440,62,180,0.31496062992125984,0,acoustic_grand_piano	,1
#tempo, {"bpm":143.99988480009216,"ticks":1920,"time":1.6704150000000002}
480,69,120,0.47244094488188976,0,acoustic_grand_piano	,0
1920,52,180,0.36220472440944884,0,acoustic_grand_piano	,1
#tempo, {"bpm":143.99988480009216,"ticks":2400,"time":2.087082}
600,78,140,0.44881889763779526,0,acoustic_grand_piano	,0
2400,62,180,0.33070866141732286,0,acoustic_grand_piano	,1
#tempo, {"bpm":143.5001602418456,"ticks":2560,"time":2.225971}
720,76,140,0.44881889763779526,0,acoustic_grand_piano	,0
2880,57,180,0.3543307086614173,0,acoustic_grand_piano	,1
#tempo, {"bpm":143.000143000143,"ticks":2720,"time":2.365343666666667}
840,74,140,0.44881889763779526,0,acoustic_grand_piano	,0
3360,61,180,0.3228346456692913,0,acoustic_grand_piano	,1
#tempo, {"bpm":142.4998753126091,"ticks":2860,"time":2.4877211666666668}
960,81,120,0.4881889763779528,0,acoustic_grand_piano	,0
3840,50,180,0.3543307086614173,0,acoustic_grand_piano	,1
#tempo, {"bpm":140.99997180000565,"ticks":2880,"time":2.505265041666667}
1080,74,140,0.4566929133858268,0,acoustic_grand_piano	,0
4320,62,180,0.31496062992125984,0,acoustic_grand_piano	,1
#tempo, {"bpm":143.99988480009216,"ticks":3000,"time":2.611648041666667}
1200,76,140,0.4566929133858268,0,acoustic_grand_piano	,0
4800,50,180,0.3464566929133858,0,acoustic_grand_piano	,1
#tempo, {"bpm":145.9999659333413,"ticks":3480,"time":3.028315041666667}
1320,78,140,0.4566929133858268,0,acoustic_grand_piano	,0
5280,62,180,0.33070866141732286,0,acoustic_grand_piano	,1
#tempo, {"bpm":140.99997180000565,"ticks":3720,"time":3.233794541666667}
1440,69,120,0.48031496062992124,0,acoustic_grand_piano	,0
5760,50,180,0.3543307086614173,0,acoustic_grand_piano	,1
#tempo, {"bpm":143.99988480009216,"ticks":3840,"time":3.3401775416666672}
1560,78,140,0.44881889763779526,0,acoustic_grand_piano	,0
6240,56,180,0.33070866141732286,0,acoustic_grand_piano	,1
#tempo, {"bpm":143.5001602418456,"ticks":4440,"time":3.8610112916666672}
1680,76,140,0.44881889763779526,0,acoustic_grand_piano	,0
6720,49,180,0.3543307086614173,0,acoustic_grand_piano	,1
#tempo, {"bpm":143.99988480009216,"ticks":4520,"time":3.9306976250000005}
1800,74,140,0.44881889763779526,0,acoustic_grand_piano	,0
7200,57,180,0.33070866141732286,0,acoustic_grand_piano	,1
#tempo, {"bpm":144.4999698958396,"ticks":4600,"time":4.000142125000001}
1920,79,120,0.47244094488188976,0,acoustic_grand_piano	,0
7680,47,180,0.36220472440944884,0,acoustic_grand_piano	,1
#tempo, {"bpm":145.00003625000906,"ticks":4680,"time":4.069346291666667}
2040,76,140,0.4566929133858268,0,acoustic_grand_piano	,0
8160,57,180,0.30708661417322836,0,acoustic_grand_piano	,1
#tempo, {"bpm":145.50004728751537,"ticks":4760,"time":4.138311791666667}
2160,78,140,0.4566929133858268,0,acoustic_grand_piano	,0
8640,52,180,0.3464566929133858,0,acoustic_grand_piano	,1
#tempo, {"bpm":145.9999659333413,"ticks":4840,"time":4.207040291666668}
2280,79,140,0.4566929133858268,0,acoustic_grand_piano	,0
9120,56,180,0.2992125984251969,0,acoustic_grand_piano	,1
#tempo, {"bpm":146.50011231675276,"ticks":4920,"time":4.275533458333334}
2400,71,120,0.47244094488188976,0,acoustic_grand_piano	,0
9600,45,180,0.33070866141732286,0,acoustic_grand_piano	,1
#tempo, {"bpm":143.5001602418456,"ticks":5280,"time":4.582700458333334}
2520,74,140,0.4566929133858268,0,acoustic_grand_piano	,0
10080,57,180,0.30708661417322836,0,acoustic_grand_piano	,1
#tempo, {"bpm":146.50011231675276,"ticks":5400,"time":4.687229958333334}
2640,73,140,0.4566929133858268,0,acoustic_grand_piano	,0
10560,45,180,0.3228346456692913,0,acoustic_grand_piano	,1
#tempo, {"bpm":141.50008961672341,"ticks":5760,"time":4.994396958333334}
2760,71,140,0.4566929133858268,0,acoustic_grand_piano	,0
11040,57,180,0.28346456692913385,0,acoustic_grand_piano	,1
#tempo, {"bpm":144.4999698958396,"ticks":5880,"time":5.100403958333334}
2880,73,120,0.48031496062992124,0,acoustic_grand_piano	,0
11520,45,180,0.30708661417322836,0,acoustic_grand_piano	,1
#tempo, {"bpm":146.50011231675276,"ticks":5900,"time":5.117705}
3000,76,140,0.4566929133858268,0,acoustic_grand_piano	,0
12000,51,180,0.28346456692913385,0,acoustic_grand_piano	,1
#tempo, {"bpm":145.9999659333413,"ticks":6200,"time":5.3736775}
3120,78,140,0.4566929133858268,0,acoustic_grand_piano	,0
12480,43,180,0.3228346456692913,0,acoustic_grand_piano	,1
#tempo, {"bpm":145.50004728751537,"ticks":6480,"time":5.613403583333334}
3240,79,140,0.4566929133858268,0,acoustic_grand_piano	,0
12960,52,180,0.2992125984251969,0,acoustic_grand_piano	,1
#tempo, {"bpm":145.00003625000906,"ticks":6760,"time":5.853953333333334}
3360,69,120,0.47244094488188976,0,acoustic_grand_piano	,0
13440,42,180,0.3464566929133858,0,acoustic_grand_piano	,1
#tempo, {"bpm":141.50008961672341,"ticks":6840,"time":5.922918833333334}
3480,79,140,0.4566929133858268,0,acoustic_grand_piano	,0
13920,54,180,0.30708661417322836,0,acoustic_grand_piano	,1
#tempo, {"bpm":145.00003625000906,"ticks":7320,"time":6.346946833333334}
3600,78,140,0.4566929133858268,0,acoustic_grand_piano	,0
14400,42,180,0.36220472440944884,0,acoustic_grand_piano	,1
#tempo, {"bpm":140.99997180000565,"ticks":7560,"time":6.553843333333334}
3720,76,140,0.4566929133858268,0,acoustic_grand_piano	,0
14880,54,180,0.3228346456692913,0,acoustic_grand_piano	,1
#tempo, {"bpm":143.99988480009216,"ticks":7680,"time":6.660226333333334}
3840,78,120,0.4881889763779528,0,acoustic_grand_piano	,0
15360,42,180,0.36220472440944884,0,acoustic_grand_piano	,1
#tempo, {"bpm":143.99988480009216,"ticks":8160,"time":7.076893333333334}
3960,74,140,0.44881889763779526,0,acoustic_grand_piano	,0
15840,54,180,0.33070866141732286,0,acoustic_grand_piano	,1
#tempo, {"bpm":143.5001602418456,"ticks":8320,"time":7.215782333333334}
4080,76,140,0.4409448818897638,0,acoustic_grand_piano	,0
16320,42,180,0.3700787401574803,0,acoustic_grand_piano	,1
#tempo, {"bpm":143.000143000143,"ticks":8480,"time":7.355155000000002}
4200,78,140,0.4409448818897638,0,acoustic_grand_piano	,0
16800,54,180,0.33070866141732286,0,acoustic_grand_piano	,1
#tempo, {"bpm":142.4998753126091,"ticks":8640,"time":7.495015000000001}
4320,69,120,0.48031496062992124,0,acoustic_grand_piano	,0
17280,42,180,0.3858267716535433,0,acoustic_grand_piano	,1
#tempo, {"bpm":145.00003625000906,"ticks":9240,"time":8.021331250000001}
4440,73,140,0.4409448818897638,0,acoustic_grand_piano	,0
17760,54,180,0.3464566929133858,0,acoustic_grand_piano	,1
#tempo, {"bpm":140.00014000014,"ticks":9600,"time":8.331676000000002}
4560,71,140,0.4409448818897638,0,acoustic_grand_piano	,0
18240,47,180,0.3858267716535433,0,acoustic_grand_piano	,1
#tempo, {"bpm":144.4999698958396,"ticks":9720,"time":8.438818750000001}
4680,69,140,0.4409448818897638,0,acoustic_grand_piano	,0
18720,51,180,0.3543307086614173,0,acoustic_grand_piano	,1
#tempo, {"bpm":143.000143000143,"ticks":10200,"time":8.85404375}
4800,71,120,0.4881889763779528,0,acoustic_grand_piano	,0
19200,40,180,0.3779527559055118,0,acoustic_grand_piano	,1
#tempo, {"bpm":145.50004728751537,"ticks":10560,"time":9.168728750000001}
4920,74,140,0.4409448818897638,0,acoustic_grand_piano	,0
19680,52,180,0.3543307086614173,0,acoustic_grand_piano	,1
#tempo, {"bpm":142.0000710000355,"ticks":11160,"time":9.684192500000002}
5040,76,140,0.4409448818897638,0,acoustic_grand_piano	,0
20160,40,180,0.3779527559055118,0,acoustic_grand_piano	,1
#tempo, {"bpm":144.4999698958396,"ticks":11640,"time":10.106727500000002}
5160,78,140,0.4409448818897638,0,acoustic_grand_piano	,0
20640,51,180,0.3779527559055118,0,acoustic_grand_piano	,1
#tempo, {"bpm":145.00003625000906,"ticks":12480,"time":10.833371250000003}
5280,71,120,0.48031496062992124,0,acoustic_grand_piano	,0
21120,40,180,0.3779527559055118,0,acoustic_grand_piano	,1
#tempo, {"bpm":145.50004728751537,"ticks":12580,"time":10.919578125000003}
5400,81,140,0.4409448818897638,0,acoustic_grand_piano	,0
21600,52,180,0.3543307086614173,0,acoustic_grand_piano	,1
#tempo, {"bpm":145.9999659333413,"ticks":12680,"time":11.005488750000003}
5520,80,140,0.4409448818897638,0,acoustic_grand_piano	,0
22080,45,180,0.3779527559055118,0,acoustic_grand_piano	,1
#tempo, {"bpm":146.50011231675276,"ticks":12780,"time":11.091105208333335}
5640,78,140,0.4409448818897638,0,acoustic_grand_piano	,0
22560,49,180,0.3543307086614173,0,acoustic_grand_piano	,1
#tempo, {"bpm":147.0000955500621,"ticks":12880,"time":11.176429375000001}
5760,80,120,0.48031496062992124,0,acoustic_grand_piano	,0
23040,38,180,0.3779527559055118,0,acoustic_grand_piano	,1
#tempo, {"bpm":147.49987708343576,"ticks":12960,"time":11.244456541666668}
5880,76,140,0.4409448818897638,0,acoustic_grand_piano	,0
23520,50,180,0.3464566929133858,0,acoustic_grand_piano	,1
#tempo, {"bpm":146.50011231675276,"ticks":13080,"time":11.346151541666668}
6000,78,140,0.4409448818897638,0,acoustic_grand_piano	,0
24000,38,180,0.3700787401574803,0,acoustic_grand_piano	,1
#tempo, {"bpm":143.99988480009216,"ticks":13560,"time":11.755707541666668}
6120,80,140,0.4409448818897638,0,acoustic_grand_piano	,0
24480,50,180,0.31496062992125984,0,acoustic_grand_piano	,1
#tempo, {"bpm":143.99988480009216,"ticks":13900,"time":12.050846666666668}
6240,71,120,0.47244094488188976,0,acoustic_grand_piano	,0
24960,38,180,0.3543307086614173,0,acoustic_grand_piano	,1
#tempo, {"bpm":144.4999698958396,"ticks":14040,"time":12.172374541666668}
6360,74,140,0.4409448818897638,0,acoustic_grand_piano	,0
25440,50,180,0.3228346456692913,0,acoustic_grand_piano	,1
#tempo, {"bpm":145.00003625000906,"ticks":14180,"time":12.293481833333336}
6480,73,140,0.4409448818897638,0,acoustic_grand_piano	,0
25920,38,180,0.3464566929133858,0,acoustic_grand_piano	,1
#tempo, {"bpm":145.50004728751537,"ticks":14320,"time":12.414171458333335}
6600,71,140,0.4409448818897638,0,acoustic_grand_piano	,0
26400,50,180,0.2992125984251969,0,acoustic_grand_piano	,1
#tempo, {"bpm":145.9999659333413,"ticks":14440,"time":12.517264208333335}
6720,69,120,0.47244094488188976,0,acoustic_grand_piano	,0
26880,38,180,0.33070866141732286,0,acoustic_grand_piano	,1
#tempo, {"bpm":146.50011231675276,"ticks":14520,"time":12.585757375000002}
6840,73,140,0.4409448818897638,0,acoustic_grand_piano	,0
27360,56,180,0.2992125984251969,0,acoustic_grand_piano	,1
#tempo, {"bpm":143.99988480009216,"ticks":15480,"time":13.404869375000002}
6960,74,140,0.4409448818897638,0,acoustic_grand_piano	,0
27840,48,180,0.3228346456692913,0,acoustic_grand_piano	,1
#tempo, {"bpm":147.0000955500621,"ticks":16440,"time":14.238203375000003}
7080,76,140,0.4409448818897638,0,acoustic_grand_piano	,0
28320,54,180,0.29133858267716534,0,acoustic_grand_piano	,1
#tempo, {"bpm":141.50008961672341,"ticks":16800,"time":14.544325625000003}
7200,66,120,0.47244094488188976,0,acoustic_grand_piano	,0
28800,47,180,0.31496062992125984,0,acoustic_grand_piano	,1
#tempo, {"bpm":142.4998753126091,"ticks":16920,"time":14.650332625000003}
7320,76,140,0.4409448818897638,0,acoustic_grand_piano	,0
29280,51,180,0.29133858267716534,0,acoustic_grand_piano	,1
#tempo, {"bpm":147.0000955500621,"ticks":17400,"time":15.071385625000003}
7440,74,140,0.4409448818897638,0,acoustic_grand_piano	,0
29760,52,180,0.3228346456692913,0,acoustic_grand_piano	,1
#tempo, {"bpm":147.0000955500621,"ticks":17760,"time":15.377507875000003}
7560,73,140,0.4409448818897638,0,acoustic_grand_piano	,0
30240,55,180,0.28346456692913385,0,acoustic_grand_piano	,1
#tempo, {"bpm":147.49987708343576,"ticks":18000,"time":15.581589375000002}
7680,74,120,0.47244094488188976,0,acoustic_grand_piano	,0
30720,47,180,0.3228346456692913,0,acoustic_grand_piano	,1
#tempo, {"bpm":148.000148000148,"ticks":18240,"time":15.784979375000002}
7800,71,140,0.4409448818897638,0,acoustic_grand_piano	,0
31200,52,180,0.29133858267716534,0,acoustic_grand_piano	,1
#tempo, {"bpm":148.5001485001485,"ticks":18480,"time":15.987681875000003}
7920,73,140,0.4409448818897638,0,acoustic_grand_piano	,0
31680,55,180,0.33070866141732286,0,acoustic_grand_piano	,1
#tempo, {"bpm":148.9998385835082,"ticks":18700,"time":16.172866875000004}
8040,74,140,0.4409448818897638,0,acoustic_grand_piano	,0
32160,58,180,0.29133858267716534,0,acoustic_grand_piano	,1
#tempo, {"bpm":141.50008961672341,"ticks":18720,"time":16.18964541666667}
8160,66,120,0.47244094488188976,0,acoustic_grand_piano	,0
32640,47,180,0.33858267716535434,0,acoustic_grand_piano	,1
#tempo, {"bpm":147.0000955500621,"ticks":18840,"time":16.295652416666673}
8280,69,140,0.4330708661417323,0,acoustic_grand_piano	,0
33120,59,180,0.2992125984251969,0,acoustic_grand_piano	,1
#tempo, {"bpm":146.50011231675276,"ticks":18920,"time":16.36367958333334}
8400,68,140,0.4330708661417323,0,acoustic_grand_piano	,0
33600,52,180,0.3464566929133858,0,acoustic_grand_piano	,1
#tempo, {"bpm":145.9999659333413,"ticks":18980,"time":16.41487408333334}
8520,66,140,0.4251968503937008,0,acoustic_grand_piano	,0
34080,56,180,0.30708661417322836,0,acoustic_grand_piano	,1
#tempo, {"bpm":145.50004728751537,"ticks":19040,"time":16.46624395833334}
8640,68,120,0.4645669291338583,0,acoustic_grand_piano	,0
34560,45,180,0.36220472440944884,0,acoustic_grand_piano	,1
#tempo, {"bpm":145.00003625000906,"ticks":19100,"time":16.51779033333334}
8760,71,140,0.4251968503937008,0,acoustic_grand_piano	,0
35040,57,180,0.31496062992125984,0,acoustic_grand_piano	,1
#tempo, {"bpm":144.4999698958396,"ticks":19160,"time":16.56951445833334}
8880,73,140,0.4251968503937008,0,acoustic_grand_piano	,0
35520,50,180,0.33858267716535434,0,acoustic_grand_piano	,1
#tempo, {"bpm":143.99988480009216,"ticks":19220,"time":16.62141758333334}
9000,74,140,0.4251968503937008,0,acoustic_grand_piano	,0
36000,54,180,0.28346456692913385,0,acoustic_grand_piano	,1
#tempo, {"bpm":144.4999698958396,"ticks":19320,"time":16.70822320833334}
9120,64,120,0.4645669291338583,0,acoustic_grand_piano	,0
36480,43,180,0.30708661417322836,0,acoustic_grand_piano	,1
#tempo, {"bpm":144.4999698958396,"ticks":19680,"time":17.01964195833334}
9240,74,140,0.41732283464566927,0,acoustic_grand_piano	,0
36960,55,180,0.2677165354330709,0,acoustic_grand_piano	,1
#tempo, {"bpm":143.99988480009216,"ticks":19840,"time":17.158050291666676}
9360,73,140,0.41732283464566927,0,acoustic_grand_piano	,0
37440,47,180,0.30708661417322836,0,acoustic_grand_piano	,1
#tempo, {"bpm":143.5001602418456,"ticks":20000,"time":17.296939291666675}
9480,71,140,0.41732283464566927,0,acoustic_grand_piano	,0
37920,55,180,0.2755905511811024,0,acoustic_grand_piano	,1
#tempo, {"bpm":143.000143000143,"ticks":20140,"time":17.41889037500001}
9600,73,120,0.44881889763779526,0,acoustic_grand_piano	,0
38400,45,180,0.30708661417322836,0,acoustic_grand_piano	,1
#tempo, {"bpm":145.50004728751537,"ticks":20280,"time":17.54126787500001}
9720,69,140,0.4251968503937008,0,acoustic_grand_piano	,0
38880,55,180,0.2677165354330709,0,acoustic_grand_piano	,1
#tempo, {"bpm":143.5001602418456,"ticks":20760,"time":17.95363887500001}
9840,71,140,0.4251968503937008,0,acoustic_grand_piano	,0
39360,50,180,0.30708661417322836,0,acoustic_grand_piano	,1
#tempo, {"bpm":142.0000710000355,"ticks":21120,"time":18.26722737500001}
9960,73,140,0.4251968503937008,0,acoustic_grand_piano	,0
39840,54,180,0.2677165354330709,0,acoustic_grand_piano	,1
#tempo, {"bpm":144.4999698958396,"ticks":21720,"time":18.79539612500001}
10080,64,120,0.4409448818897638,0,acoustic_grand_piano	,0
40320,43,180,0.30708661417322836,0,acoustic_grand_piano	,1
#tempo, {"bpm":143.5001602418456,"ticks":22200,"time":19.21062112500001}
10200,67,140,0.41732283464566927,0,acoustic_grand_piano	,0
40800,55,180,0.2677165354330709,0,acoustic_grand_piano	,1
#tempo, {"bpm":145.9999659333413,"ticks":22680,"time":19.62873912500001}
10320,66,140,0.41732283464566927,0,acoustic_grand_piano	,0
41280,43,180,0.30708661417322836,0,acoustic_grand_piano	,1
#tempo, {"bpm":146.50011231675276,"ticks":23040,"time":19.93695837500001}
10440,64,140,0.41732283464566927,0,acoustic_grand_piano	,0
41760,55,180,0.2677165354330709,0,acoustic_grand_piano	,1
#tempo, {"bpm":145.9999659333413,"ticks":23200,"time":20.073477041666678}
10560,66,120,0.4330708661417323,0,acoustic_grand_piano	,0
42240,43,180,0.30708661417322836,0,acoustic_grand_piano	,1
#tempo, {"bpm":145.50004728751537,"ticks":23360,"time":20.21046337500001}
10680,69,140,0.41732283464566927,0,acoustic_grand_piano	,0
42720,49,180,0.2677165354330709,0,acoustic_grand_piano	,1
#tempo, {"bpm":145.00003625000906,"ticks":23500,"time":20.330738250000014}
10800,71,140,0.4094488188976378,0,acoustic_grand_piano	,0
43200,42,180,0.30708661417322836,0,acoustic_grand_piano	,1
#tempo, {"bpm":144.4999698958396,"ticks":23640,"time":20.451427875000014}
10920,73,140,0.4094488188976378,0,acoustic_grand_piano	,0
43680,50,180,0.2677165354330709,0,acoustic_grand_piano	,1
#tempo, {"bpm":145.9999659333413,"ticks":24120,"time":20.866652875000014}
11040,66,120,0.4330708661417323,0,acoustic_grand_piano	,0
44160,40,180,0.31496062992125984,0,acoustic_grand_piano	,1
#tempo, {"bpm":143.000143000143,"ticks":24480,"time":21.174872125000014}
11160,76,140,0.4015748031496063,0,acoustic_grand_piano	,0
44640,50,180,0.2755905511811024,0,acoustic_grand_piano	,1
#tempo, {"bpm":145.50004728751537,"ticks":24600,"time":21.279767125000014}
11280,75,140,0.4015748031496063,0,acoustic_grand_piano	,0
45120,45,180,0.33070866141732286,0,acoustic_grand_piano	,1
#tempo, {"bpm":143.99988480009216,"ticks":25080,"time":21.692138125000014}
11400,73,140,0.4015748031496063,0,acoustic_grand_piano	,0
45600,49,180,0.28346456692913385,0,acoustic_grand_piano	,1
#tempo, {"bpm":146.50011231675276,"ticks":25560,"time":22.108805125000014}
11520,75,120,0.4251968503937008,0,acoustic_grand_piano	,0
46080,38,180,0.33858267716535434,0,acoustic_grand_piano	,1
#tempo, {"bpm":143.000143000143,"ticks":26520,"time":22.927917125000015}
11640,71,140,0.4015748031496063,0,acoustic_grand_piano	,0
46560,50,180,0.2992125984251969,0,acoustic_grand_piano	,1
#tempo, {"bpm":143.99988480009216,"ticks":27000,"time":23.347497125000015}
11760,73,140,0.4015748031496063,0,acoustic_grand_piano	,0
47040,42,180,0.3464566929133858,0,acoustic_grand_piano	,1
#tempo, {"bpm":143.99988480009216,"ticks":27020,"time":23.364858250000015}
11880,75,140,0.4015748031496063,0,acoustic_grand_piano	,0
47520,57,180,0.30708661417322836,0,acoustic_grand_piano	,1
#tempo, {"bpm":144.4999698958396,"ticks":27340,"time":23.642636250000017}
12000,66,120,0.4251968503937008,0,acoustic_grand_piano	,0
48000,43,180,0.3543307086614173,0,acoustic_grand_piano	,1
#tempo, {"bpm":145.00003625000906,"ticks":27640,"time":23.902151875000015}
12120,69,140,0.4094488188976378,0,acoustic_grand_piano	,0
48480,55,180,0.31496062992125984,0,acoustic_grand_piano	,1
#tempo, {"bpm":145.50004728751537,"ticks":27940,"time":24.160772500000014}
12240,67,140,0.4094488188976378,0,acoustic_grand_piano	,0
48960,47,180,0.36220472440944884,0,acoustic_grand_piano	,1
#tempo, {"bpm":145.50004728751537,"ticks":27960,"time":24.177954625000012}
12360,66,140,0.4094488188976378,0,acoustic_grand_piano	,0
49440,62,180,0.3228346456692913,0,acoustic_grand_piano	,1
#tempo, {"bpm":143.000143000143,"ticks":28440,"time":24.590325625000013}
12480,64,120,0.4330708661417323,0,acoustic_grand_piano	,0
49920,45,5760,0.3700787401574803,0,acoustic_grand_piano	,1
#tempo, {"bpm":145.50004728751537,"ticks":28920,"time":25.009905625000012}
12600,67,140,0.41732283464566927,0,acoustic_grand_piano	,0
50400,55,180,0.3228346456692913,0,acoustic_grand_piano	,1
#tempo, {"bpm":142.4998753126091,"ticks":29880,"time":25.834647625000013}
12720,69,140,0.41732283464566927,0,acoustic_grand_piano	,0
50880,54,180,0.3700787401574803,0,acoustic_grand_piano	,1
#tempo, {"bpm":145.50004728751537,"ticks":30360,"time":26.255700625000014}
12840,71,140,0.41732283464566927,0,acoustic_grand_piano	,0
51360,50,180,0.3228346456692913,0,acoustic_grand_piano	,1
#tempo, {"bpm":145.00003625000906,"ticks":30480,"time":26.358793375000012}
12960,61,120,0.44881889763779526,0,acoustic_grand_piano	,0
51840,52,180,0.3700787401574803,0,acoustic_grand_piano	,1
#tempo, {"bpm":144.4999698958396,"ticks":30600,"time":26.46224162500001}
13080,74,140,0.4251968503937008,0,acoustic_grand_piano	,0
52320,49,180,0.3228346456692913,0,acoustic_grand_piano	,1
#tempo, {"bpm":143.99988480009216,"ticks":30720,"time":26.566047875000013}
13200,73,140,0.4251968503937008,0,acoustic_grand_piano	,0
52800,50,180,0.3700787401574803,0,acoustic_grand_piano	,1
#tempo, {"bpm":143.5001602418456,"ticks":30820,"time":26.65285350000001}
13320,71,140,0.4251968503937008,0,acoustic_grand_piano	,0
53280,47,180,0.3228346456692913,0,acoustic_grand_piano	,1
#tempo, {"bpm":145.9999659333413,"ticks":30840,"time":26.670275083333344}
13440,70,120,0.44881889763779526,0,acoustic_grand_piano	,0
#tempo, {"bpm":143.000143000143,"ticks":32280,"time":27.903152083333342}
13560,64,140,0.4330708661417323,0,acoustic_grand_piano	,0
53880,52,140,0.4015748031496063,0,acoustic_grand_piano	,1
#tempo, {"bpm":145.50004728751537,"ticks":32760,"time":28.322732083333342}
13680,66,140,0.4330708661417323,0,acoustic_grand_piano	,0
54000,54,140,0.3937007874015748,0,acoustic_grand_piano	,1
#tempo, {"bpm":145.50004728751537,"ticks":33680,"time":29.113109833333343}
13800,67,140,0.4330708661417323,0,acoustic_grand_piano	,0
54120,55,140,0.3937007874015748,0,acoustic_grand_piano	,1
#tempo, {"bpm":145.9999659333413,"ticks":33760,"time":29.18183833333334}
13920,61,120,0.4645669291338583,0,acoustic_grand_piano	,0
54240,49,120,0.4251968503937008,0,acoustic_grand_piano	,1
#tempo, {"bpm":146.50011231675276,"ticks":33840,"time":29.25033150000001}
14040,67,140,0.4330708661417323,0,acoustic_grand_piano	,0
54360,52,140,0.3937007874015748,0,acoustic_grand_piano	,1
#tempo, {"bpm":147.0000955500621,"ticks":33920,"time":29.318590833333342}
14160,66,140,0.4409448818897638,0,acoustic_grand_piano	,0
54480,50,140,0.3937007874015748,0,acoustic_grand_piano	,1
#tempo, {"bpm":147.49987708343576,"ticks":34000,"time":29.386618000000006}
14280,64,140,0.4409448818897638,0,acoustic_grand_piano	,0
54600,49,140,0.3937007874015748,0,acoustic_grand_piano	,1
#tempo, {"bpm":144.4999698958396,"ticks":34080,"time":29.454414666666676}
14400,62,120,0.48031496062992124,0,acoustic_grand_piano	,0
54720,50,120,0.4251968503937008,0,acoustic_grand_piano	,1
#tempo, {"bpm":143.5001602418456,"ticks":34200,"time":29.558220916666677}
14520,71,140,0.44881889763779526,0,acoustic_grand_piano	,0
54840,53,140,0.4015748031496063,0,acoustic_grand_piano	,1
#tempo, {"bpm":145.50004728751537,"ticks":34680,"time":29.976338916666677}
14640,73,140,0.44881889763779526,0,acoustic_grand_piano	,0
54960,55,140,0.41732283464566927,0,acoustic_grand_piano	,1
#tempo, {"bpm":145.9999659333413,"ticks":35140,"time":30.371527791666676}
14760,74,140,0.44881889763779526,0,acoustic_grand_piano	,0
55080,57,140,0.41732283464566927,0,acoustic_grand_piano	,1
#tempo, {"bpm":146.50011231675276,"ticks":35260,"time":30.474267541666677}
14880,66,120,0.4881889763779528,0,acoustic_grand_piano	,0
55200,52,120,0.4251968503937008,0,acoustic_grand_piano	,1
#tempo, {"bpm":147.0000955500621,"ticks":35380,"time":30.576656541666676}
15000,69,140,0.4566929133858268,0,acoustic_grand_piano	,0
55320,55,140,0.3937007874015748,0,acoustic_grand_piano	,1
#tempo, {"bpm":147.49987708343576,"ticks":35500,"time":30.678697291666676}
15120,68,140,0.4566929133858268,0,acoustic_grand_piano	,0
55440,53,140,0.3937007874015748,0,acoustic_grand_piano	,1
#tempo, {"bpm":147.0000955500621,"ticks":35580,"time":30.746493958333346}
15240,66,140,0.4566929133858268,0,acoustic_grand_piano	,0
55560,52,140,0.3937007874015748,0,acoustic_grand_piano	,1
#tempo, {"bpm":146.50011231675276,"ticks":35640,"time":30.797514333333346}
15360,65,120,0.49606299212598426,0,acoustic_grand_piano	,0
55680,53,120,0.4330708661417323,0,acoustic_grand_piano	,1
#tempo, {"bpm":145.9999659333413,"ticks":35720,"time":30.86577366666668}
15480,68,140,0.4566929133858268,0,acoustic_grand_piano	,0
55800,50,140,0.3937007874015748,0,acoustic_grand_piano	,1
#tempo, {"bpm":145.50004728751537,"ticks":35780,"time":30.91714354166668}
15600,69,140,0.4645669291338583,0,acoustic_grand_piano	,0
55920,52,140,0.3937007874015748,0,acoustic_grand_piano	,1
#tempo, {"bpm":145.00003625000906,"ticks":35860,"time":30.985872041666674}
15720,71,140,0.4645669291338583,0,acoustic_grand_piano	,0
56040,53,140,0.3937007874015748,0,acoustic_grand_piano	,1
#tempo, {"bpm":144.4999698958396,"ticks":35920,"time":31.037596166666674}
15840,65,120,0.49606299212598426,0,acoustic_grand_piano	,0
56160,45,120,0.4015748031496063,0,acoustic_grand_piano	,1
#tempo, {"bpm":143.99988480009216,"ticks":35980,"time":31.089499291666673}
15960,74,140,0.4645669291338583,0,acoustic_grand_piano	,0
56280,48,140,0.4094488188976378,0,acoustic_grand_piano	,1
#tempo, {"bpm":145.9999659333413,"ticks":36600,"time":31.627694166666675}
16080,73,140,0.4645669291338583,0,acoustic_grand_piano	,0
56400,46,140,0.4251968503937008,0,acoustic_grand_piano	,1
#tempo, {"bpm":142.4998753126091,"ticks":36960,"time":31.935913416666676}
16200,71,140,0.47244094488188976,0,acoustic_grand_piano	,0
56520,45,140,0.4409448818897638,0,acoustic_grand_piano	,1
#tempo, {"bpm":140.99997180000565,"ticks":37080,"time":32.04117666666667}
16320,80,120,0.49606299212598426,0,acoustic_grand_piano	,0
56640,44,2880,0.4566929133858268,0,acoustic_grand_piano	,1
#tempo, {"bpm":143.5001602418456,"ticks":37340,"time":32.27167316666667}
16440,77,140,0.47244094488188976,0,acoustic_grand_piano	,0
59520,45,1920,0.47244094488188976,0,acoustic_grand_piano	,1
#tempo, {"bpm":143.000143000143,"ticks":37400,"time":32.32393791666667}
16560,78,140,0.47244094488188976,0,acoustic_grand_piano	,0
59760,57,240,0.3937007874015748,0,acoustic_grand_piano	,1
#tempo, {"bpm":145.00003625000906,"ticks":37560,"time":32.46379791666667}
16680,80,140,0.47244094488188976,0,acoustic_grand_piano	,0
60000,55,240,0.3937007874015748,0,acoustic_grand_piano	,1
#tempo, {"bpm":145.00003625000906,"ticks":37640,"time":32.532763416666675}
16800,73,120,0.5118110236220472,0,acoustic_grand_piano	,0
60240,49,240,0.3937007874015748,0,acoustic_grand_piano	,1
#tempo, {"bpm":144.4999698958396,"ticks":37780,"time":32.65345304166667}
16920,83,140,0.48031496062992124,0,acoustic_grand_piano	,0
60480,53,240,0.4330708661417323,0,acoustic_grand_piano	,1
67680,50,60,0.5196850393700787,0,acoustic_grand_piano	,5
#tempo, {"bpm":143.99988480009216,"ticks":37900,"time":32.75725929166667}
17040,81,140,0.4881889763779528,0,acoustic_grand_piano	,0
60720,50,240,0.3937007874015748,0,acoustic_grand_piano	,1
67740,52,60,0.5196850393700787,0,acoustic_grand_piano	,5
#tempo, {"bpm":143.5001602418456,"ticks":38020,"time":32.86142604166667}
17160,80,140,0.4881889763779528,0,acoustic_grand_piano	,0
60960,52,240,0.41732283464566927,0,acoustic_grand_piano	,1
67800,54,60,0.5196850393700787,0,acoustic_grand_piano	,5
#tempo, {"bpm":142.0000710000355,"ticks":38040,"time":32.878847625000006}
17280,81,120,0.5275590551181102,0,acoustic_grand_piano	,0
61200,55,240,0.3937007874015748,0,acoustic_grand_piano	,1
67860,55,60,0.5196850393700787,0,acoustic_grand_piano	,5
#tempo, {"bpm":142.4998753126091,"ticks":38440,"time":33.230960125}
17400,78,140,0.4881889763779528,0,acoustic_grand_piano	,0
61440,45,480,0.3464566929133858,0,acoustic_grand_piano	,1
69600,57,60,0.5196850393700787,0,acoustic_grand_piano	,4
67920,54,60,0.5196850393700787,0,acoustic_grand_piano	,5
#tempo, {"bpm":143.99988480009216,"ticks":38520,"time":33.30113562500001}
17520,80,140,0.4881889763779528,0,acoustic_grand_piano	,0
61470,50,450,0.3543307086614173,0,acoustic_grand_piano	,1
69660,59,60,0.5196850393700787,0,acoustic_grand_piano	,4
67980,52,60,0.5196850393700787,0,acoustic_grand_piano	,5
#tempo, {"bpm":145.50004728751537,"ticks":39480,"time":34.13446962500001}
17640,81,140,0.4881889763779528,0,acoustic_grand_piano	,0
61500,53,420,0.3779527559055118,0,acoustic_grand_piano	,1
69720,61,60,0.5196850393700787,0,acoustic_grand_piano	,4
68040,54,60,0.5196850393700787,0,acoustic_grand_piano	,5
#tempo, {"bpm":143.000143000143,"ticks":39960,"time":34.54684062500001}
17760,73,120,0.5275590551181102,0,acoustic_grand_piano	,0
61530,56,390,0.3858267716535433,0,acoustic_grand_piano	,1
69780,62,60,0.5196850393700787,0,acoustic_grand_piano	,4
68100,50,60,0.5196850393700787,0,acoustic_grand_piano	,5
#tempo, {"bpm":144.4999698958396,"ticks":40440,"time":34.96642062500001}
17880,76,140,0.4881889763779528,0,acoustic_grand_piano	,0
61560,59,360,0.4094488188976378,0,acoustic_grand_piano	,1
69840,61,60,0.5196850393700787,0,acoustic_grand_piano	,4
68160,59,360,0.5590551181102362,0,acoustic_grand_piano	,5
#tempo, {"bpm":145.00003625000906,"ticks":41280,"time":35.69306437500001}
18000,75,140,0.4881889763779528,0,acoustic_grand_piano	,0
63360,61,240,0.4566929133858268,0,acoustic_grand_piano	,1
69900,59,60,0.5196850393700787,0,acoustic_grand_piano	,4
68520,59,120,0.5275590551181102,0,acoustic_grand_piano	,5
#tempo, {"bpm":145.50004728751537,"ticks":41460,"time":35.84823675000001}
18120,73,140,0.4881889763779528,0,acoustic_grand_piano	,0
63390,64,210,0.4566929133858268,0,acoustic_grand_piano	,1
69960,61,60,0.5196850393700787,0,acoustic_grand_piano	,4
68640,57,360,0.5669291338582677,0,acoustic_grand_piano	,5
#tempo, {"bpm":145.9999659333413,"ticks":41620,"time":35.98569375000001}
18240,75,120,0.5275590551181102,0,acoustic_grand_piano	,0
63420,67,180,0.4566929133858268,0,acoustic_grand_piano	,1
70020,57,60,0.5196850393700787,0,acoustic_grand_piano	,4
69000,55,120,0.5196850393700787,0,acoustic_grand_piano	,5
#tempo, {"bpm":146.50011231675276,"ticks":41780,"time":36.12268008333335}
18360,78,140,0.4881889763779528,0,acoustic_grand_piano	,0
63450,70,150,0.4566929133858268,0,acoustic_grand_piano	,1
73440,62,60,0.5354330708661418,0,acoustic_grand_piano	,3
70080,66,360,0.5590551181102362,0,acoustic_grand_piano	,4
69120,54,360,0.5275590551181102,0,acoustic_grand_piano	,5
#tempo, {"bpm":146.50011231675276,"ticks":41880,"time":36.208004250000016}
18480,79,140,0.4881889763779528,0,acoustic_grand_piano	,0
63840,62,240,0.4881889763779528,0,acoustic_grand_piano	,1
73500,64,60,0.5354330708661418,0,acoustic_grand_piano	,3
70440,66,120,0.5196850393700787,0,acoustic_grand_piano	,4
69480,55,120,0.48031496062992124,0,acoustic_grand_piano	,5
#tempo, {"bpm":147.0000955500621,"ticks":43200,"time":37.33428325000001}
18600,81,140,0.4881889763779528,0,acoustic_grand_piano	,0
63870,65,210,0.4881889763779528,0,acoustic_grand_piano	,1
73560,66,60,0.5354330708661418,0,acoustic_grand_piano	,3
70560,64,360,0.5590551181102362,0,acoustic_grand_piano	,4
69600,54,360,0.47244094488188976,0,acoustic_grand_piano	,5
#tempo, {"bpm":146.50011231675276,"ticks":43360,"time":37.47033758333335}
18720,71,120,0.5275590551181102,0,acoustic_grand_piano	,0
63900,68,180,0.4881889763779528,0,acoustic_grand_piano	,1
73620,67,60,0.5354330708661418,0,acoustic_grand_piano	,3
70920,62,120,0.5196850393700787,0,acoustic_grand_piano	,4
69960,52,120,0.44881889763779526,0,acoustic_grand_piano	,5
#tempo, {"bpm":145.9999659333413,"ticks":43520,"time":37.606856250000014}
18840,81,140,0.4881889763779528,0,acoustic_grand_piano	,0
63930,71,150,0.4881889763779528,0,acoustic_grand_piano	,1
75360,69,60,0.5590551181102362,0,acoustic_grand_piano	,2
73680,66,60,0.5354330708661418,0,acoustic_grand_piano	,3
71040,61,480,0.5748031496062992,0,acoustic_grand_piano	,4
70080,50,480,0.47244094488188976,0,acoustic_grand_piano	,5
#tempo, {"bpm":145.50004728751537,"ticks":43680,"time":37.74384258333335}
18960,79,140,0.4881889763779528,0,acoustic_grand_piano	,0
64320,45,960,0.44881889763779526,0,acoustic_grand_piano	,1
75420,71,60,0.5590551181102362,0,acoustic_grand_piano	,2
73740,64,60,0.5354330708661418,0,acoustic_grand_piano	,3
71520,66,360,0.5669291338582677,0,acoustic_grand_piano	,4
70560,52,480,0.4409448818897638,0,acoustic_grand_piano	,5
#tempo, {"bpm":143.000143000143,"ticks":43800,"time":37.84693533333335}
19080,78,140,0.4881889763779528,0,acoustic_grand_piano	,0
64320,52,480,0.5354330708661418,0,acoustic_grand_piano	,1
75480,73,60,0.5590551181102362,0,acoustic_grand_piano	,2
73800,66,60,0.5354330708661418,0,acoustic_grand_piano	,3
71880,66,120,0.5354330708661418,0,acoustic_grand_piano	,4
71040,45,360,0.4881889763779528,0,acoustic_grand_piano	,5
#tempo, {"bpm":144.4999698958396,"ticks":44760,"time":38.68609533333335}
19200,79,120,0.5275590551181102,0,acoustic_grand_piano	,0
64320,57,960,0.5354330708661418,0,acoustic_grand_piano	,1
75540,74,60,0.5590551181102362,0,acoustic_grand_piano	,2
73860,62,60,0.5354330708661418,0,acoustic_grand_piano	,3
72000,59,360,0.5748031496062992,0,acoustic_grand_piano	,4
71400,52,40,0.4409448818897638,0,acoustic_grand_piano	,5
#tempo, {"bpm":143.000143000143,"ticks":45720,"time":39.51654533333335}
19320,76,140,0.4881889763779528,0,acoustic_grand_piano	,0
64800,55,480,0.49606299212598426,0,acoustic_grand_piano	,1
75600,73,60,0.5590551181102362,0,acoustic_grand_piano	,2
73920,71,360,0.5748031496062992,0,acoustic_grand_piano	,3
72360,59,40,0.5275590551181102,0,acoustic_grand_piano	,4
71440,54,40,0.4409448818897638,0,acoustic_grand_piano	,5
#tempo, {"bpm":144.4999698958396,"ticks":46200,"time":39.93612533333335}
19440,78,140,0.4881889763779528,0,acoustic_grand_piano	,0
65280,50,1440,0.44881889763779526,0,acoustic_grand_piano	,1
75660,71,60,0.5590551181102362,0,acoustic_grand_piano	,2
74280,71,120,0.5354330708661418,0,acoustic_grand_piano	,3
72400,61,40,0.5275590551181102,0,acoustic_grand_piano	,4
71480,55,40,0.4409448818897638,0,acoustic_grand_piano	,5
#tempo, {"bpm":145.00003625000906,"ticks":46560,"time":40.24754408333335}
19560,79,140,0.4881889763779528,0,acoustic_grand_piano	,0
65280,57,1440,0.5354330708661418,0,acoustic_grand_piano	,1
75720,73,60,0.5590551181102362,0,acoustic_grand_piano	,2
74400,69,360,0.5669291338582677,0,acoustic_grand_piano	,3
72440,62,40,0.5275590551181102,0,acoustic_grand_piano	,4
71520,57,960,0.49606299212598426,0,acoustic_grand_piano	,5
#tempo, {"bpm":145.50004728751537,"ticks":46740,"time":40.40271645833335}
19680,71,120,0.5196850393700787,0,acoustic_grand_piano	,0
65280,54,1440,0.44881889763779526,0,acoustic_grand_piano	,1
75780,69,60,0.5590551181102362,0,acoustic_grand_piano	,2
74760,67,120,0.5433070866141733,0,acoustic_grand_piano	,3
72480,64,120,0.5590551181102362,0,acoustic_grand_piano	,4
72480,55,840,0.4409448818897638,0,acoustic_grand_piano	,5
#tempo, {"bpm":145.9999659333413,"ticks":46920,"time":40.557355583333354}
19800,74,140,0.4881889763779528,0,acoustic_grand_piano	,0
#tempo, {"bpm":146.50011231675276,"ticks":47080,"time":40.69434191666669}
19920,72,140,0.4881889763779528,0,acoustic_grand_piano	,0
#tempo, {"bpm":146.50011231675276,"ticks":47160,"time":40.762601250000024}
20040,71,140,0.4881889763779528,0,acoustic_grand_piano	,0
#tempo, {"bpm":143.000143000143,"ticks":47640,"time":41.172157250000026}
20160,72,120,0.5196850393700787,0,acoustic_grand_piano	,0
#tempo, {"bpm":145.00003625000906,"ticks":48120,"time":41.59173725000003}
20280,75,140,0.4881889763779528,0,acoustic_grand_piano	,0
#tempo, {"bpm":145.9999659333413,"ticks":48600,"time":42.00553025000003}
20400,76,140,0.4881889763779528,0,acoustic_grand_piano	,0
#tempo, {"bpm":147.0000955500621,"ticks":49440,"time":42.72470850000003}
20520,78,140,0.4881889763779528,0,acoustic_grand_piano	,0
#tempo, {"bpm":143.5001602418456,"ticks":49560,"time":42.82674925000003}
20640,69,120,0.5196850393700787,0,acoustic_grand_piano	,0
#tempo, {"bpm":145.00003625000906,"ticks":50520,"time":43.66298525000003}
20760,72,140,0.4881889763779528,0,acoustic_grand_piano	,0
#tempo, {"bpm":142.4998753126091,"ticks":51000,"time":44.076778250000025}
20880,71,140,0.4881889763779528,0,acoustic_grand_piano	,0
#tempo, {"bpm":145.50004728751537,"ticks":51480,"time":44.497831250000026}
21000,69,140,0.4881889763779528,0,acoustic_grand_piano	,0
#tempo, {"bpm":142.0000710000355,"ticks":51960,"time":44.910202250000026}
21120,67,120,0.5196850393700787,0,acoustic_grand_piano	,0
#tempo, {"bpm":145.9999659333413,"ticks":52440,"time":45.33273725000003}
21240,76,140,0.4881889763779528,0,acoustic_grand_piano	,0
#tempo, {"bpm":143.5001602418456,"ticks":52920,"time":45.74369625000003}
21360,78,140,0.4881889763779528,0,acoustic_grand_piano	,0
#tempo, {"bpm":143.99988480009216,"ticks":53400,"time":46.16181425000003}
21480,79,140,0.48031496062992124,0,acoustic_grand_piano	,0
#tempo, {"bpm":143.000143000143,"ticks":54840,"time":47.411815250000025}
21600,71,120,0.5196850393700787,0,acoustic_grand_piano	,0
#tempo, {"bpm":145.9999659333413,"ticks":55320,"time":47.83139525000003}
21720,74,140,0.4881889763779528,0,acoustic_grand_piano	,0
#tempo, {"bpm":143.000143000143,"ticks":55680,"time":48.13961450000003}
21840,73,140,0.4881889763779528,0,acoustic_grand_piano	,0
#tempo, {"bpm":145.9999659333413,"ticks":55800,"time":48.24450950000003}
21960,71,140,0.4881889763779528,0,acoustic_grand_piano	,0
#tempo, {"bpm":145.9999659333413,"ticks":55820,"time":48.2616327916667}
22080,73,120,0.5196850393700787,0,acoustic_grand_piano	,0
#tempo, {"bpm":146.50011231675276,"ticks":55940,"time":48.3643725416667}
22200,76,140,0.4881889763779528,0,acoustic_grand_piano	,0
#tempo, {"bpm":145.9999659333413,"ticks":55980,"time":48.39850220833336}
22320,78,140,0.4881889763779528,0,acoustic_grand_piano	,0
#tempo, {"bpm":145.50004728751537,"ticks":56020,"time":48.43274879166669}
22440,79,140,0.4881889763779528,0,acoustic_grand_piano	,0
#tempo, {"bpm":145.00003625000906,"ticks":56060,"time":48.46711304166669}
22560,69,120,0.5039370078740157,0,acoustic_grand_piano	,0
#tempo, {"bpm":144.4999698958396,"ticks":56100,"time":48.50159579166669}
22680,79,140,0.4881889763779528,0,acoustic_grand_piano	,0
#tempo, {"bpm":143.99988480009216,"ticks":56140,"time":48.53619787500002}
22800,78,140,0.4881889763779528,0,acoustic_grand_piano	,0
#tempo, {"bpm":143.5001602418456,"ticks":56180,"time":48.57092012500002}
22920,76,140,0.4881889763779528,0,acoustic_grand_piano	,0
#tempo, {"bpm":143.000143000143,"ticks":56220,"time":48.60576329166668}
23040,78,120,0.5275590551181102,0,acoustic_grand_piano	,0
#tempo, {"bpm":142.4998753126091,"ticks":56260,"time":48.64072829166668}
23160,74,140,0.4881889763779528,0,acoustic_grand_piano	,0
#tempo, {"bpm":142.0000710000355,"ticks":56300,"time":48.675816041666685}
23280,76,140,0.4881889763779528,0,acoustic_grand_piano	,0
#tempo, {"bpm":141.50008961672341,"ticks":56340,"time":48.71102729166668}
23400,78,140,0.4881889763779528,0,acoustic_grand_piano	,0
#tempo, {"bpm":140.99997180000565,"ticks":56380,"time":48.74636295833334}
23520,69,120,0.5118110236220472,0,acoustic_grand_piano	,0
#tempo, {"bpm":140.5000866417201,"ticks":56420,"time":48.78182395833335}
23640,72,140,0.48031496062992124,0,acoustic_grand_piano	,0
#tempo, {"bpm":140.00014000014,"ticks":56460,"time":48.817411125000014}
23760,71,140,0.47244094488188976,0,acoustic_grand_piano	,0
#tempo, {"bpm":139.4998465501688,"ticks":56500,"time":48.85312537500001}
23880,69,140,0.47244094488188976,0,acoustic_grand_piano	,0
#tempo, {"bpm":138.9998957500782,"ticks":56540,"time":48.88896770833335}
24000,71,120,0.5118110236220472,0,acoustic_grand_piano	,0
#tempo, {"bpm":138.49999884583335,"ticks":56580,"time":48.92493895833334}
24120,67,140,0.4645669291338583,0,acoustic_grand_piano	,0
#tempo, {"bpm":137.99987580011177,"ticks":56620,"time":48.96104004166667}
24240,69,140,0.4645669291338583,0,acoustic_grand_piano	,0
#tempo, {"bpm":143.5001602418456,"ticks":56640,"time":48.979156}
24360,71,140,0.4645669291338583,0,acoustic_grand_piano	,0
#tempo, {"bpm":145.00003625000906,"ticks":56760,"time":49.0836855}
24480,61,120,0.5039370078740157,0,acoustic_grand_piano	,0
#tempo, {"bpm":145.9999659333413,"ticks":57240,"time":49.4974785}
24600,71,140,0.4566929133858268,0,acoustic_grand_piano	,0
#tempo, {"bpm":146.50011231675276,"ticks":58560,"time":50.62761575}
24720,69,140,0.4566929133858268,0,acoustic_grand_piano	,0
#tempo, {"bpm":145.9999659333413,"ticks":58660,"time":50.71293991666666}
24840,67,140,0.4566929133858268,0,acoustic_grand_piano	,0
#tempo, {"bpm":145.50004728751537,"ticks":58760,"time":50.798556375}
24960,66,120,0.49606299212598426,0,acoustic_grand_piano	,0
#tempo, {"bpm":145.00003625000906,"ticks":58860,"time":50.884466999999994}
25080,62,140,0.44881889763779526,0,acoustic_grand_piano	,0
#tempo, {"bpm":144.4999698958396,"ticks":58960,"time":50.97067387499999}
25200,64,140,0.44881889763779526,0,acoustic_grand_piano	,0
#tempo, {"bpm":143.99988480009216,"ticks":59040,"time":51.039878041666654}
25320,66,140,0.44881889763779526,0,acoustic_grand_piano	,0
#tempo, {"bpm":143.5001602418456,"ticks":59140,"time":51.12668366666665}
25440,57,120,0.4881889763779528,0,acoustic_grand_piano	,0
#tempo, {"bpm":143.000143000143,"ticks":59240,"time":51.21379158333332}
25560,60,140,0.44881889763779526,0,acoustic_grand_piano	,0
#tempo, {"bpm":142.4998753126091,"ticks":59340,"time":51.30120408333332}
25680,59,140,0.4409448818897638,0,acoustic_grand_piano	,0
#tempo, {"bpm":142.0000710000355,"ticks":59440,"time":51.388923458333316}
25800,57,140,0.4409448818897638,0,acoustic_grand_piano	,0
#tempo, {"bpm":137.49988541676214,"ticks":59520,"time":51.459345958333316}
25920,59,120,0.48031496062992124,0,acoustic_grand_piano	,0
#tempo, {"bpm":132.000132000132,"ticks":60000,"time":51.89570995833331}
26040,62,140,0.4409448818897638,0,acoustic_grand_piano	,0
#tempo, {"bpm":131.49993205836844,"ticks":60240,"time":52.12298245833331}
26160,64,140,0.4409448818897638,0,acoustic_grand_piano	,0
#tempo, {"bpm":131.00007641671124,"ticks":60320,"time":52.19902812499998}
26280,66,140,0.4330708661417323,0,acoustic_grand_piano	,0
#tempo, {"bpm":130.50003262500815,"ticks":60380,"time":52.256279999999975}
26400,59,120,0.47244094488188976,0,acoustic_grand_piano	,0
#tempo, {"bpm":130.00013000013,"ticks":60440,"time":52.313751249999974}
26520,69,140,0.4251968503937008,0,acoustic_grand_piano	,0
#tempo, {"bpm":130.00013000013,"ticks":60460,"time":52.33298199999997}
26640,68,140,0.4251968503937008,0,acoustic_grand_piano	,0
#tempo, {"bpm":129.5001295001295,"ticks":60500,"time":52.37144349999998}
26760,66,140,0.4251968503937008,0,acoustic_grand_piano	,0
#tempo, {"bpm":129.00007740004645,"ticks":60540,"time":52.410053499999975}
26880,68,120,0.4566929133858268,0,acoustic_grand_piano	,0
#tempo, {"bpm":128.5000192750029,"ticks":60580,"time":52.44881316666664}
27000,64,140,0.4251968503937008,0,acoustic_grand_piano	,0
#tempo, {"bpm":128,"ticks":60620,"time":52.487723666666646}
27120,66,140,0.41732283464566927,0,acoustic_grand_piano	,0
#tempo, {"bpm":127.50006375003187,"ticks":60660,"time":52.526786166666646}
27240,68,140,0.41732283464566927,0,acoustic_grand_piano	,0
#tempo, {"bpm":126.99998518333506,"ticks":60700,"time":52.56600183333331}
27360,59,120,0.44881889763779526,0,acoustic_grand_piano	,0
#tempo, {"bpm":126.50008011671741,"ticks":60740,"time":52.60537191666665}
27480,62,140,0.41732283464566927,0,acoustic_grand_piano	,0
#tempo, {"bpm":126.000126000126,"ticks":60780,"time":52.64489758333331}
27600,60,140,0.41732283464566927,0,acoustic_grand_piano	,0
#tempo, {"bpm":125.49990796673416,"ticks":60820,"time":52.68458008333331}
27720,59,140,0.4094488188976378,0,acoustic_grand_piano	,0
#tempo, {"bpm":125,"ticks":60860,"time":52.72442074999998}
27840,57,120,0.4409448818897638,0,acoustic_grand_piano	,0
#tempo, {"bpm":124.49992530004482,"ticks":60900,"time":52.76442074999998}
27960,60,140,0.4094488188976378,0,acoustic_grand_piano	,0
#tempo, {"bpm":123.99999173333389,"ticks":60940,"time":52.80458141666664}
28080,62,140,0.4094488188976378,0,acoustic_grand_piano	,0
#tempo, {"bpm":123.4999897083342,"ticks":60980,"time":52.84490399999998}
28200,64,140,0.4094488188976378,0,acoustic_grand_piano	,0
#tempo, {"bpm":122.99996925000768,"ticks":61000,"time":52.86514691666664}
28320,57,120,0.4330708661417323,0,acoustic_grand_piano	,0
#tempo, {"bpm":122.49997958333674,"ticks":61020,"time":52.88547212499997}
28440,67,140,0.4015748031496063,0,acoustic_grand_piano	,0
#tempo, {"bpm":122.0000691333725,"ticks":61040,"time":52.90588029166664}
28560,66,140,0.3937007874015748,0,acoustic_grand_piano	,0
#tempo, {"bpm":121.50003948751284,"ticks":61060,"time":52.926372083333305}
28680,64,140,0.3937007874015748,0,acoustic_grand_piano	,0
#tempo, {"bpm":120.99994353335968,"ticks":61100,"time":52.96752433333331}
28800,63,120,0.4251968503937008,0,acoustic_grand_piano	,0
#tempo, {"bpm":120.50007531254707,"ticks":61120,"time":52.98818549999997}
28920,57,140,0.3937007874015748,0,acoustic_grand_piano	,0
#tempo, {"bpm":120,"ticks":61140,"time":53.00893237499997}
29040,59,140,0.3937007874015748,0,acoustic_grand_piano	,0
#tempo, {"bpm":119.5000119500012,"ticks":61160,"time":53.02976570833331}
29160,60,140,0.3937007874015748,0,acoustic_grand_piano	,0
#tempo, {"bpm":118.99992463338107,"ticks":61180,"time":53.0506862083333}
29280,57,120,0.4251968503937008,0,acoustic_grand_piano	,0
#tempo, {"bpm":104.99992125005906,"ticks":61200,"time":53.07169462499997}
29400,60,140,0.3937007874015748,0,acoustic_grand_piano	,0
#tempo, {"bpm":114.50010209592436,"ticks":61400,"time":53.30979004166664}
29520,59,140,0.3937007874015748,0,acoustic_grand_piano	,0
#tempo, {"bpm":113.99995440001824,"ticks":61420,"time":53.3316240833333}
29640,57,140,0.3937007874015748,0,acoustic_grand_piano	,0
#tempo, {"bpm":72.00002880001152,"ticks":61440,"time":53.35355391666664}
29760,55,120,0.4251968503937008,0,acoustic_grand_piano	,0
#tempo, {"bpm":91.49995882501852,"ticks":61920,"time":54.186886916666644}
29880,64,140,0.3937007874015748,0,acoustic_grand_piano	,0
#tempo, {"bpm":91.99998773333498,"ticks":62120,"time":54.4601110833333}
30000,66,140,0.3937007874015748,0,acoustic_grand_piano	,0
#tempo, {"bpm":92.49994989586047,"ticks":62220,"time":54.59598066666664}
30120,67,140,0.3937007874015748,0,acoustic_grand_piano	,0
#tempo, {"bpm":93.00004185001883,"ticks":62300,"time":54.7040888333333}
30240,59,120,0.4251968503937008,0,acoustic_grand_piano	,0
#tempo, {"bpm":93.50003350417867,"ticks":62380,"time":54.81161566666665}
30360,62,140,0.3937007874015748,0,acoustic_grand_piano	,0
#tempo, {"bpm":93.99998120000376,"ticks":62420,"time":54.8650915833333}
30480,61,140,0.3937007874015748,0,acoustic_grand_piano	,0
#tempo, {"bpm":94.49994566253125,"ticks":62460,"time":54.91828308333331}
30600,59,140,0.3937007874015748,0,acoustic_grand_piano	,0
#tempo, {"bpm":94.99999208333399,"ticks":62500,"time":54.971193166666644}
30720,58,120,0.4251968503937008,0,acoustic_grand_piano	,0
#tempo, {"bpm":95.50003820001528,"ticks":62540,"time":55.02382474999997}
30840,61,140,0.3937007874015748,0,acoustic_grand_piano	,0
#tempo, {"bpm":96,"ticks":62580,"time":55.07618074999997}
30960,62,140,0.3937007874015748,0,acoustic_grand_piano	,0
#tempo, {"bpm":96.49994692502919,"ticks":62620,"time":55.128264083333306}
31080,64,140,0.3937007874015748,0,acoustic_grand_piano	,0
#tempo, {"bpm":96.99995311668933,"ticks":62660,"time":55.18007758333329}
31200,58,120,0.4251968503937008,0,acoustic_grand_piano	,0
#tempo, {"bpm":97.49993906253809,"ticks":62700,"time":55.23162399999997}
31320,67,140,0.3937007874015748,0,acoustic_grand_piano	,0
#tempo, {"bpm":97.9999836666694,"ticks":62740,"time":55.28290608333331}
31440,66,140,0.3937007874015748,0,acoustic_grand_piano	,0
#tempo, {"bpm":98.5000090291675,"ticks":62780,"time":55.33392649999996}
31560,64,140,0.4015748031496063,0,acoustic_grand_piano	,0
#tempo, {"bpm":98.99993565004183,"ticks":62820,"time":55.384687916666635}
31680,73,120,0.4330708661417323,0,acoustic_grand_piano	,0
#tempo, {"bpm":99.50001243750155,"ticks":62860,"time":55.43519299999998}
31800,70,140,0.4015748031496063,0,acoustic_grand_piano	,0
#tempo, {"bpm":100,"ticks":62880,"time":55.46031862499997}
31920,71,140,0.4094488188976378,0,acoustic_grand_piano	,0
#tempo, {"bpm":72.00002880001152,"ticks":63360,"time":56.06031862499997}
32040,73,140,0.4094488188976378,0,acoustic_grand_piano	,0
#tempo, {"bpm":79.49999801250004,"ticks":64320,"time":57.72698462499997}
32160,66,120,0.4330708661417323,0,acoustic_grand_piano	,0
#tempo, {"bpm":73.4999577375243,"ticks":64800,"time":58.48170162499997}
32280,76,140,0.4094488188976378,0,acoustic_grand_piano	,0
#tempo, {"bpm":30,"ticks":66720,"time":61.74700962499997}
32400,74,140,0.4094488188976378,0,acoustic_grand_piano	,0
#tempo, {"bpm":60,"ticks":67200,"time":63.74700962499997}
32520,73,140,0.4094488188976378,0,acoustic_grand_piano	,0
#tempo, {"bpm":58.50000146250004,"ticks":96960,"time":125.74700962499998}
32640,74,120,0.44881889763779526,0,acoustic_grand_piano	,0
#tempo, {"bpm":55.99997760000896,"ticks":97440,"time":126.77265062499997}
32760,71,140,0.41732283464566927,0,acoustic_grand_piano	,0
#tempo, {"bpm":60,"ticks":97920,"time":127.84407962499996}
32880,73,140,0.41732283464566927,0,acoustic_grand_piano	,0
#tempo, {"bpm":61.49998462500384,"ticks":99240,"time":130.59407962499995}
33000,74,140,0.41732283464566927,0,acoustic_grand_piano	,0
#tempo, {"bpm":56.499994820833805,"ticks":99720,"time":131.56968962499994}
33120,66,120,0.4566929133858268,0,acoustic_grand_piano	,0
#tempo, {"bpm":60,"ticks":99840,"time":131.83517637499995}
33240,69,140,0.41732283464566927,0,acoustic_grand_piano	,0
#tempo, {"bpm":60,"ticks":101180,"time":134.6268430416666}
33360,68,140,0.41732283464566927,0,acoustic_grand_piano	,0
#tempo, {"bpm":60.49997176667984,"ticks":101300,"time":134.8768430416666}
33480,66,140,0.4251968503937008,0,acoustic_grand_piano	,0
#tempo, {"bpm":60.99997255001235,"ticks":101420,"time":135.1247770416666}
33600,68,120,0.4645669291338583,0,acoustic_grand_piano	,0
#tempo, {"bpm":61.49998462500384,"ticks":101540,"time":135.3706787916666}
33720,71,140,0.4251968503937008,0,acoustic_grand_piano	,0
#tempo, {"bpm":58.50000146250004,"ticks":101640,"time":135.57393087499995}
33840,72,140,0.4251968503937008,0,acoustic_grand_piano	,0
#tempo, {"bpm":60,"ticks":101760,"time":135.83034112499993}
33960,74,140,0.4251968503937008,0,acoustic_grand_piano	,0
#tempo, {"bpm":60.99997255001235,"ticks":102600,"time":137.58034112499993}
34080,64,120,0.4645669291338583,0,acoustic_grand_piano	,0
#tempo, {"bpm":57.500014375003595,"ticks":103560,"time":139.54755512499995}
34200,74,140,0.4330708661417323,0,acoustic_grand_piano	,0
#tempo, {"bpm":60,"ticks":103680,"time":139.80842462499996}
34320,72,140,0.4330708661417323,0,acoustic_grand_piano	,0
#tempo, {"bpm":60.49997176667984,"ticks":106440,"time":145.55842462499996}
34440,71,140,0.4330708661417323,0,acoustic_grand_piano	,0
#tempo, {"bpm":60.99997255001235,"ticks":106920,"time":146.55016062499996}
34560,72,120,0.48031496062992124,0,acoustic_grand_piano	,0
#tempo, {"bpm":61.49998462500384,"ticks":107160,"time":147.04196412499996}
34680,69,140,0.4330708661417323,0,acoustic_grand_piano	,0
#tempo, {"bpm":60.99997255001235,"ticks":107280,"time":147.28586662499995}
34800,71,140,0.4251968503937008,0,acoustic_grand_piano	,0
#tempo, {"bpm":60.49997176667984,"ticks":107400,"time":147.53176837499996}
34920,72,140,0.41732283464566927,0,acoustic_grand_piano	,0
#tempo, {"bpm":60,"ticks":107520,"time":147.77970237499994}
35040,64,120,0.4645669291338583,0,acoustic_grand_piano	,0
#tempo, {"bpm":56.99997720000912,"ticks":108960,"time":150.77970237499994}
35160,67,140,0.4094488188976378,0,acoustic_grand_piano	,0
#tempo, {"bpm":50.499992004167936,"ticks":109320,"time":151.56917637499996}
35280,66,140,0.4094488188976378,0,acoustic_grand_piano	,0
#tempo, {"bpm":60,"ticks":109440,"time":151.86620612499996}
35400,64,140,0.4015748031496063,0,acoustic_grand_piano	,0
#tempo, {"bpm":60,"ticks":112320,"time":157.86620612499996}
35520,66,120,0.4409448818897638,0,acoustic_grand_piano	,0
#tempo, {"bpm":60.49997176667984,"ticks":112600,"time":158.4495394583333}
35640,69,140,0.3937007874015748,0,acoustic_grand_piano	,0
#tempo, {"bpm":60.99997255001235,"ticks":112880,"time":159.02805212499996}
35760,71,140,0.3937007874015748,0,acoustic_grand_piano	,0
#tempo, {"bpm":61.49998462500384,"ticks":113140,"time":159.56083925}
35880,72,140,0.3858267716535433,0,acoustic_grand_piano	,0
#tempo, {"bpm":57.999986466669824,"ticks":113160,"time":159.60148966666665}
36000,62,120,0.4251968503937008,0,acoustic_grand_piano	,0
#tempo, {"bpm":60,"ticks":113280,"time":159.86011041666666}
36120,72,140,0.3779527559055118,0,acoustic_grand_piano	,0
#tempo, {"bpm":58.50000146250004,"ticks":114600,"time":162.61011041666666}
36240,71,140,0.3700787401574803,0,acoustic_grand_piano	,0
#tempo, {"bpm":55.50000416250031,"ticks":116040,"time":165.68703341666665}
36360,69,140,0.3700787401574803,0,acoustic_grand_piano	,0
#tempo, {"bpm":53.000022083342536,"ticks":116160,"time":165.95730366666666}
36480,71,120,0.4015748031496063,0,acoustic_grand_piano	,0
#tempo, {"bpm":50.99998215000625,"ticks":116640,"time":167.08937866666665}
36600,67,140,0.36220472440944884,0,acoustic_grand_piano	,0
36720,69,140,0.36220472440944884,0,acoustic_grand_piano	,0
36840,71,140,0.36220472440944884,0,acoustic_grand_piano	,0
36960,62,120,0.4015748031496063,0,acoustic_grand_piano	,0
37080,71,140,0.36220472440944884,0,acoustic_grand_piano	,0
37200,69,140,0.36220472440944884,0,acoustic_grand_piano	,0
37320,67,140,0.36220472440944884,0,acoustic_grand_piano	,0
37440,74,120,0.4015748031496063,0,acoustic_grand_piano	,0
37560,67,140,0.36220472440944884,0,acoustic_grand_piano	,0
37680,69,140,0.36220472440944884,0,acoustic_grand_piano	,0
37800,71,140,0.36220472440944884,0,acoustic_grand_piano	,0
37920,62,120,0.4015748031496063,0,acoustic_grand_piano	,0
38040,71,140,0.36220472440944884,0,acoustic_grand_piano	,0
38160,69,140,0.36220472440944884,0,acoustic_grand_piano	,0
38280,67,140,0.36220472440944884,0,acoustic_grand_piano	,0
38400,72,120,0.4015748031496063,0,acoustic_grand_piano	,0
38520,69,140,0.3779527559055118,0,acoustic_grand_piano	,0
38640,71,140,0.3779527559055118,0,acoustic_grand_piano	,0
38760,72,140,0.3779527559055118,0,acoustic_grand_piano	,0
38880,64,120,0.4015748031496063,0,acoustic_grand_piano	,0
39000,67,140,0.3779527559055118,0,acoustic_grand_piano	,0
39120,66,140,0.3779527559055118,0,acoustic_grand_piano	,0
39240,64,140,0.3779527559055118,0,acoustic_grand_piano	,0
39360,66,120,0.4015748031496063,0,acoustic_grand_piano	,0
39480,69,140,0.3779527559055118,0,acoustic_grand_piano	,0
39600,71,140,0.3779527559055118,0,acoustic_grand_piano	,0
39720,72,140,0.3779527559055118,0,acoustic_grand_piano	,0
39840,62,120,0.4015748031496063,0,acoustic_grand_piano	,0
39960,72,140,0.3779527559055118,0,acoustic_grand_piano	,0
40080,71,140,0.3779527559055118,0,acoustic_grand_piano	,0
40200,69,140,0.3779527559055118,0,acoustic_grand_piano	,0
40320,71,120,0.4015748031496063,0,acoustic_grand_piano	,0
40440,67,140,0.3779527559055118,0,acoustic_grand_piano	,0
40560,69,140,0.3779527559055118,0,acoustic_grand_piano	,0
40680,71,140,0.3779527559055118,0,acoustic_grand_piano	,0
40800,62,120,0.4015748031496063,0,acoustic_grand_piano	,0
40920,66,140,0.3779527559055118,0,acoustic_grand_piano	,0
41040,64,140,0.3779527559055118,0,acoustic_grand_piano	,0
41160,62,140,0.3779527559055118,0,acoustic_grand_piano	,0
41280,64,120,0.4015748031496063,0,acoustic_grand_piano	,0
41400,67,140,0.3779527559055118,0,acoustic_grand_piano	,0
41520,69,140,0.3779527559055118,0,acoustic_grand_piano	,0
41640,71,140,0.3779527559055118,0,acoustic_grand_piano	,0
41760,64,120,0.4015748031496063,0,acoustic_grand_piano	,0
41880,74,140,0.3779527559055118,0,acoustic_grand_piano	,0
42000,73,140,0.3779527559055118,0,acoustic_grand_piano	,0
42120,71,140,0.3779527559055118,0,acoustic_grand_piano	,0
42240,73,120,0.4015748031496063,0,acoustic_grand_piano	,0
42360,69,140,0.3779527559055118,0,acoustic_grand_piano	,0
42480,71,140,0.3779527559055118,0,acoustic_grand_piano	,0
42600,73,140,0.3779527559055118,0,acoustic_grand_piano	,0
42720,64,120,0.4015748031496063,0,acoustic_grand_piano	,0
42840,67,140,0.3858267716535433,0,acoustic_grand_piano	,0
42960,66,140,0.3858267716535433,0,acoustic_grand_piano	,0
43080,64,140,0.3858267716535433,0,acoustic_grand_piano	,0
43200,62,120,0.4094488188976378,0,acoustic_grand_piano	,0
43320,66,140,0.3858267716535433,0,acoustic_grand_piano	,0
43440,67,140,0.3858267716535433,0,acoustic_grand_piano	,0
43560,69,140,0.3858267716535433,0,acoustic_grand_piano	,0
43680,59,120,0.41732283464566927,0,acoustic_grand_piano	,0
43800,69,140,0.3858267716535433,0,acoustic_grand_piano	,0
43920,67,140,0.3858267716535433,0,acoustic_grand_piano	,0
44040,66,140,0.3858267716535433,0,acoustic_grand_piano	,0
44160,67,120,0.41732283464566927,0,acoustic_grand_piano	,0
44280,64,140,0.3858267716535433,0,acoustic_grand_piano	,0
44400,66,140,0.3858267716535433,0,acoustic_grand_piano	,0
44520,67,140,0.3858267716535433,0,acoustic_grand_piano	,0
44640,59,120,0.4251968503937008,0,acoustic_grand_piano	,0
44760,62,140,0.3858267716535433,0,acoustic_grand_piano	,0
44880,61,140,0.3937007874015748,0,acoustic_grand_piano	,0
45000,59,140,0.3937007874015748,0,acoustic_grand_piano	,0
45120,61,120,0.4251968503937008,0,acoustic_grand_piano	,0
45240,64,140,0.3937007874015748,0,acoustic_grand_piano	,0
45360,66,140,0.3937007874015748,0,acoustic_grand_piano	,0
45480,67,140,0.3937007874015748,0,acoustic_grand_piano	,0
45600,57,120,0.4330708661417323,0,acoustic_grand_piano	,0
45720,67,140,0.3937007874015748,0,acoustic_grand_piano	,0
45840,66,140,0.4015748031496063,0,acoustic_grand_piano	,0
45960,64,140,0.4015748031496063,0,acoustic_grand_piano	,0
46080,66,120,0.4330708661417323,0,acoustic_grand_piano	,0
46200,62,140,0.4015748031496063,0,acoustic_grand_piano	,0
46320,64,140,0.4015748031496063,0,acoustic_grand_piano	,0
46440,66,140,0.4094488188976378,0,acoustic_grand_piano	,0
46560,57,120,0.4409448818897638,0,acoustic_grand_piano	,0
46680,66,140,0.4094488188976378,0,acoustic_grand_piano	,0
46800,64,140,0.4094488188976378,0,acoustic_grand_piano	,0
46920,62,140,0.4094488188976378,0,acoustic_grand_piano	,0
47040,69,120,0.44881889763779526,0,acoustic_grand_piano	,0
47160,66,140,0.4094488188976378,0,acoustic_grand_piano	,0
47280,67,140,0.4094488188976378,0,acoustic_grand_piano	,0
47400,69,140,0.41732283464566927,0,acoustic_grand_piano	,0
47520,62,120,0.44881889763779526,0,acoustic_grand_piano	,0
47640,72,140,0.41732283464566927,0,acoustic_grand_piano	,0
47760,71,140,0.41732283464566927,0,acoustic_grand_piano	,0
47880,69,140,0.41732283464566927,0,acoustic_grand_piano	,0
48000,71,120,0.4566929133858268,0,acoustic_grand_piano	,0
48120,67,140,0.41732283464566927,0,acoustic_grand_piano	,0
48240,69,140,0.41732283464566927,0,acoustic_grand_piano	,0
48360,71,140,0.41732283464566927,0,acoustic_grand_piano	,0
48480,62,120,0.4566929133858268,0,acoustic_grand_piano	,0
48600,71,140,0.4251968503937008,0,acoustic_grand_piano	,0
48720,69,140,0.4251968503937008,0,acoustic_grand_piano	,0
48840,67,140,0.4251968503937008,0,acoustic_grand_piano	,0
48960,74,120,0.4645669291338583,0,acoustic_grand_piano	,0
49080,71,140,0.4251968503937008,0,acoustic_grand_piano	,0
49200,73,140,0.4251968503937008,0,acoustic_grand_piano	,0
49320,74,140,0.4251968503937008,0,acoustic_grand_piano	,0
49440,68,120,0.47244094488188976,0,acoustic_grand_piano	,0
49560,77,140,0.4330708661417323,0,acoustic_grand_piano	,0
49680,76,140,0.4330708661417323,0,acoustic_grand_piano	,0
49800,74,140,0.4330708661417323,0,acoustic_grand_piano	,0
49920,73,120,0.47244094488188976,0,acoustic_grand_piano	,0
50040,69,140,0.4409448818897638,0,acoustic_grand_piano	,0
50160,71,140,0.4409448818897638,0,acoustic_grand_piano	,0
50280,73,140,0.4409448818897638,0,acoustic_grand_piano	,0
50400,64,120,0.47244094488188976,0,acoustic_grand_piano	,0
50520,67,140,0.4409448818897638,0,acoustic_grand_piano	,0
50640,66,140,0.4409448818897638,0,acoustic_grand_piano	,0
50760,64,140,0.4409448818897638,0,acoustic_grand_piano	,0
50880,69,120,0.47244094488188976,0,acoustic_grand_piano	,0
51000,74,140,0.4409448818897638,0,acoustic_grand_piano	,0
51120,76,140,0.4409448818897638,0,acoustic_grand_piano	,0
51240,78,140,0.4409448818897638,0,acoustic_grand_piano	,0
51360,71,120,0.48031496062992124,0,acoustic_grand_piano	,0
51480,81,140,0.4409448818897638,0,acoustic_grand_piano	,0
51600,79,140,0.4409448818897638,0,acoustic_grand_piano	,0
51720,78,140,0.4409448818897638,0,acoustic_grand_piano	,0
51840,79,120,0.48031496062992124,0,acoustic_grand_piano	,0
51960,73,140,0.4409448818897638,0,acoustic_grand_piano	,0
52080,74,140,0.4409448818897638,0,acoustic_grand_piano	,0
52200,76,140,0.4409448818897638,0,acoustic_grand_piano	,0
52320,69,120,0.48031496062992124,0,acoustic_grand_piano	,0
52440,79,140,0.4409448818897638,0,acoustic_grand_piano	,0
52560,78,140,0.4409448818897638,0,acoustic_grand_piano	,0
52680,76,140,0.4409448818897638,0,acoustic_grand_piano	,0
52800,78,120,0.48031496062992124,0,acoustic_grand_piano	,0
52920,71,140,0.4409448818897638,0,acoustic_grand_piano	,0
53040,73,140,0.4409448818897638,0,acoustic_grand_piano	,0
53160,74,140,0.4409448818897638,0,acoustic_grand_piano	,0
53280,68,120,0.48031496062992124,0,acoustic_grand_piano	,0
53400,78,140,0.4409448818897638,0,acoustic_grand_piano	,0
53520,76,140,0.4409448818897638,0,acoustic_grand_piano	,0
53640,74,140,0.4409448818897638,0,acoustic_grand_piano	,0
53760,73,120,0.47244094488188976,0,acoustic_grand_piano	,0
53880,67,140,0.4409448818897638,0,acoustic_grand_piano	,0
54000,69,140,0.4409448818897638,0,acoustic_grand_piano	,0
54120,70,140,0.4409448818897638,0,acoustic_grand_piano	,0
54240,64,120,0.47244094488188976,0,acoustic_grand_piano	,0
54360,67,140,0.4409448818897638,0,acoustic_grand_piano	,0
54480,65,140,0.4409448818897638,0,acoustic_grand_piano	,0
54600,64,140,0.4409448818897638,0,acoustic_grand_piano	,0
54720,65,120,0.47244094488188976,0,acoustic_grand_piano	,0
54840,74,140,0.4409448818897638,0,acoustic_grand_piano	,0
54960,76,140,0.4881889763779528,0,acoustic_grand_piano	,0
55080,77,140,0.4566929133858268,0,acoustic_grand_piano	,0
55200,73,120,0.47244094488188976,0,acoustic_grand_piano	,0
55320,76,140,0.4409448818897638,0,acoustic_grand_piano	,0
55440,74,140,0.4409448818897638,0,acoustic_grand_piano	,0
55560,73,140,0.4409448818897638,0,acoustic_grand_piano	,0
55680,74,120,0.47244094488188976,0,acoustic_grand_piano	,0
55800,82,140,0.5196850393700787,0,acoustic_grand_piano	,0
55920,81,140,0.5118110236220472,0,acoustic_grand_piano	,0
56040,79,140,0.5039370078740157,0,acoustic_grand_piano	,0
56160,77,120,0.4881889763779528,0,acoustic_grand_piano	,0
56280,76,140,0.48031496062992124,0,acoustic_grand_piano	,0
56400,74,140,0.47244094488188976,0,acoustic_grand_piano	,0
56520,73,140,0.4566929133858268,0,acoustic_grand_piano	,0
56640,74,120,0.47244094488188976,0,acoustic_grand_piano	,0
56760,77,140,0.4881889763779528,0,acoustic_grand_piano	,0
56880,76,140,0.48031496062992124,0,acoustic_grand_piano	,0
57000,74,140,0.47244094488188976,0,acoustic_grand_piano	,0
57120,83,120,0.5118110236220472,0,acoustic_grand_piano	,0
57240,80,140,0.48031496062992124,0,acoustic_grand_piano	,0
57360,81,140,0.49606299212598426,0,acoustic_grand_piano	,0
57480,83,140,0.5196850393700787,0,acoustic_grand_piano	,0
57600,77,120,0.5354330708661418,0,acoustic_grand_piano	,0
57720,74,140,0.48031496062992124,0,acoustic_grand_piano	,0
57840,76,140,0.48031496062992124,0,acoustic_grand_piano	,0
57960,77,140,0.48031496062992124,0,acoustic_grand_piano	,0
58080,71,120,0.5118110236220472,0,acoustic_grand_piano	,0
58200,68,140,0.4645669291338583,0,acoustic_grand_piano	,0
58320,69,140,0.4645669291338583,0,acoustic_grand_piano	,0
58440,71,140,0.4645669291338583,0,acoustic_grand_piano	,0
58560,64,120,0.48031496062992124,0,acoustic_grand_piano	,0
58680,66,140,0.4330708661417323,0,acoustic_grand_piano	,0
58800,68,140,0.44881889763779526,0,acoustic_grand_piano	,0
58920,69,140,0.4645669291338583,0,acoustic_grand_piano	,0
59040,71,140,0.47244094488188976,0,acoustic_grand_piano	,0
59160,73,140,0.4881889763779528,0,acoustic_grand_piano	,0
59280,74,140,0.5039370078740157,0,acoustic_grand_piano	,0
59400,76,140,0.5118110236220472,0,acoustic_grand_piano	,0
59520,77,720,0.5590551181102362,0,acoustic_grand_piano	,0
59640,73,120,0.44881889763779526,0,acoustic_grand_piano	,0
59760,74,120,0.44881889763779526,0,acoustic_grand_piano	,0
59880,69,120,0.44881889763779526,0,acoustic_grand_piano	,0
60000,70,120,0.44881889763779526,0,acoustic_grand_piano	,0
60120,67,120,0.44881889763779526,0,acoustic_grand_piano	,0
60240,76,480,0.5590551181102362,0,acoustic_grand_piano	,0
60360,67,120,0.44881889763779526,0,acoustic_grand_piano	,0
60480,69,120,0.44881889763779526,0,acoustic_grand_piano	,0
60600,65,120,0.44881889763779526,0,acoustic_grand_piano	,0
60720,74,480,0.5590551181102362,0,acoustic_grand_piano	,0
60840,65,120,0.4409448818897638,0,acoustic_grand_piano	,0
60960,67,120,0.44881889763779526,0,acoustic_grand_piano	,0
61080,64,120,0.44881889763779526,0,acoustic_grand_piano	,0
61200,73,240,0.5433070866141733,0,acoustic_grand_piano	,0
61320,64,120,0.4409448818897638,0,acoustic_grand_piano	,0
61590,62,330,0.4094488188976378,0,acoustic_grand_piano	,0
61620,65,300,0.44881889763779526,0,acoustic_grand_piano	,0
61650,68,270,0.47244094488188976,0,acoustic_grand_piano	,0
61680,71,240,0.5039370078740157,0,acoustic_grand_piano	,0
61710,74,270,0.5354330708661418,0,acoustic_grand_piano	,0
61980,73,60,0.41732283464566927,0,acoustic_grand_piano	,0
62040,71,60,0.41732283464566927,0,acoustic_grand_piano	,0
62100,69,60,0.4094488188976378,0,acoustic_grand_piano	,0
62160,68,60,0.4094488188976378,0,acoustic_grand_piano	,0
62220,66,60,0.4015748031496063,0,acoustic_grand_piano	,0
62280,64,60,0.4015748031496063,0,acoustic_grand_piano	,0
62340,66,60,0.3937007874015748,0,acoustic_grand_piano	,0
62400,68,60,0.3700787401574803,0,acoustic_grand_piano	,0
62460,69,60,0.3779527559055118,0,acoustic_grand_piano	,0
62520,71,60,0.3858267716535433,0,acoustic_grand_piano	,0
62580,73,60,0.3937007874015748,0,acoustic_grand_piano	,0
62640,74,60,0.4015748031496063,0,acoustic_grand_piano	,0
62700,76,60,0.4015748031496063,0,acoustic_grand_piano	,0
62760,77,60,0.4094488188976378,0,acoustic_grand_piano	,0
62820,76,60,0.41732283464566927,0,acoustic_grand_piano	,0
62880,74,60,0.4251968503937008,0,acoustic_grand_piano	,0
62940,73,60,0.41732283464566927,0,acoustic_grand_piano	,0
63000,71,60,0.4094488188976378,0,acoustic_grand_piano	,0
63060,69,60,0.4094488188976378,0,acoustic_grand_piano	,0
63120,68,60,0.4015748031496063,0,acoustic_grand_piano	,0
63180,66,60,0.4015748031496063,0,acoustic_grand_piano	,0
63240,64,60,0.3937007874015748,0,acoustic_grand_piano	,0
63300,62,60,0.3858267716535433,0,acoustic_grand_piano	,0
63480,73,120,0.4566929133858268,0,acoustic_grand_piano	,0
63510,76,90,0.4566929133858268,0,acoustic_grand_piano	,0
63540,79,60,0.4566929133858268,0,acoustic_grand_piano	,0
63570,82,30,0.4566929133858268,0,acoustic_grand_piano	,0
63960,74,120,0.49606299212598426,0,acoustic_grand_piano	,0
63990,77,90,0.49606299212598426,0,acoustic_grand_piano	,0
64020,80,60,0.49606299212598426,0,acoustic_grand_piano	,0
64050,83,30,0.49606299212598426,0,acoustic_grand_piano	,0
64320,69,960,0.4566929133858268,0,acoustic_grand_piano	,0
64320,64,960,0.4566929133858268,0,acoustic_grand_piano	,0
64320,74,480,0.5433070866141733,0,acoustic_grand_piano	,0
64800,73,480,0.5118110236220472,0,acoustic_grand_piano	,0
65280,74,1440,0.5590551181102362,0,acoustic_grand_piano	,0
65280,69,1440,0.47244094488188976,0,acoustic_grand_piano	,0
65280,66,1440,0.47244094488188976,0,acoustic_grand_piano	,0
