#tempo, {"bpm":139.4998465501688,"ticks":960,"time":0.833334}
960,76,480,0.3543307086614173,0,acoustic_grand_piano	,0
#tempo, {"bpm":143.99988480009216,"ticks":1440,"time":1.263442}
1440,77,360,0.36220472440944884,0,acoustic_grand_piano	,0
1800,76,120,0.3543307086614173,0,acoustic_grand_piano	,0
1920,65,480,0.2125984251968504,0,acoustic_grand_piano	,1
#tempo, {"bpm":140.99997180000565,"ticks":2160,"time":1.8884425}
1920,74,480,0.3543307086614173,0,acoustic_grand_piano	,0
1920,62,480,0.1732283464566929,0,acoustic_grand_piano	,1
#tempo, {"bpm":134.00005806669182,"ticks":2400,"time":2.1012085}
2400,77,476,0.3779527559055118,0,acoustic_grand_piano	,0
1920,57,480,0.1732283464566929,0,acoustic_grand_piano	,1
#tempo, {"bpm":109.99990833340972,"ticks":2640,"time":2.3250889999999997}
2880,77,960,0.3700787401574803,0,acoustic_grand_piano	,0
2400,65,480,0.2125984251968504,0,acoustic_grand_piano	,1
#tempo, {"bpm":140.00014000014,"ticks":2880,"time":2.5978164999999995}
3840,76,480,0.33858267716535434,0,acoustic_grand_piano	,0
2400,62,480,0.1732283464566929,0,acoustic_grand_piano	,1
#tempo, {"bpm":142.4998753126091,"ticks":2920,"time":2.6335307499999994}
4320,74,80,0.33070866141732286,0,acoustic_grand_piano	,0
2400,57,480,0.1732283464566929,0,acoustic_grand_piano	,1
#tempo, {"bpm":138.9998957500782,"ticks":3600,"time":3.2300224999999996}
4400,76,80,0.33858267716535434,0,acoustic_grand_piano	,0
3360,65,480,0.1968503937007874,0,acoustic_grand_piano	,1
#tempo, {"bpm":142.0000710000355,"ticks":4320,"time":3.8775049999999993}
4480,74,80,0.3464566929133858,0,acoustic_grand_piano	,0
3360,60,480,0.16535433070866143,0,acoustic_grand_piano	,1
#tempo, {"bpm":138.9998957500782,"ticks":4800,"time":4.300039999999999}
4560,73,240,0.3543307086614173,0,acoustic_grand_piano	,0
3360,57,480,0.16535433070866143,0,acoustic_grand_piano	,1
#tempo, {"bpm":135.50013098345994,"ticks":5280,"time":4.731694999999999}
4800,74,240,0.3700787401574803,0,acoustic_grand_piano	,0
3840,64,480,0.1968503937007874,0,acoustic_grand_piano	,1
#tempo, {"bpm":123.99999173333389,"ticks":5520,"time":4.953097}
5040,75,240,0.3543307086614173,0,acoustic_grand_piano	,0
3840,60,480,0.16535433070866143,0,acoustic_grand_piano	,1
#tempo, {"bpm":138.9998957500782,"ticks":5760,"time":5.1950325}
5280,76,240,0.3937007874015748,0,acoustic_grand_piano	,0
3840,57,480,0.16535433070866143,0,acoustic_grand_piano	,1
#tempo, {"bpm":144.4999698958396,"ticks":7200,"time":6.489997499999999}
5520,71,240,0.3937007874015748,0,acoustic_grand_piano	,0
4800,62,480,0.2204724409448819,0,acoustic_grand_piano	,1
#tempo, {"bpm":144.4999698958396,"ticks":8160,"time":7.320447499999999}
5760,74,960,0.4251968503937008,0,acoustic_grand_piano	,0
4800,52,480,0.18110236220472442,0,acoustic_grand_piano	,1
#tempo, {"bpm":139.4998465501688,"ticks":8640,"time":7.7356725}
6720,72,480,0.3543307086614173,0,acoustic_grand_piano	,0
4800,56,480,0.18110236220472442,0,acoustic_grand_piano	,1
#tempo, {"bpm":143.000143000143,"ticks":9120,"time":8.1657805}
7200,69,160,0.4881889763779528,0,acoustic_grand_piano	,0
5280,62,480,0.1968503937007874,0,acoustic_grand_piano	,1
#tempo, {"bpm":140.99997180000565,"ticks":9600,"time":8.5853605}
7360,71,160,0.44881889763779526,0,acoustic_grand_piano	,0
5280,56,480,0.16535433070866143,0,acoustic_grand_piano	,1
#tempo, {"bpm":143.5001602418456,"ticks":10080,"time":9.0108925}
7520,69,160,0.44881889763779526,0,acoustic_grand_piano	,0
5280,52,480,0.16535433070866143,0,acoustic_grand_piano	,1
7680,68,240,0.49606299212598426,0,acoustic_grand_piano	,0
6240,45,480,0.23622047244094488,0,acoustic_grand_piano	,1
#tempo, {"bpm":138.49999884583335,"ticks":11040,"time":9.8471285}
8160,69,240,0.5275590551181102,0,acoustic_grand_piano	,0
6720,60,480,0.2204724409448819,0,acoustic_grand_piano	,1
8640,71,240,0.5511811023622047,0,acoustic_grand_piano	,0
6720,52,480,0.1732283464566929,0,acoustic_grand_piano	,1
#tempo, {"bpm":118.99992463338107,"ticks":12000,"time":10.7135545}
9120,76,960,0.5669291338582677,0,acoustic_grand_piano	,0
7680,52,240,0.30708661417322836,0,acoustic_grand_piano	,1
#tempo, {"bpm":139.4998465501688,"ticks":12480,"time":11.2177565}
10080,71,240,0.5984251968503937,0,acoustic_grand_piano	,0
7680,60,240,0.36220472440944884,0,acoustic_grand_piano	,1
#tempo, {"bpm":143.99988480009216,"ticks":12960,"time":11.6478645}
10320,67,240,0.5748031496062992,0,acoustic_grand_piano	,0
8160,45,240,0.3779527559055118,0,acoustic_grand_piano	,1
#tempo, {"bpm":139.4998465501688,"ticks":13440,"time":12.064531500000001}
10560,64,240,0.5984251968503937,0,acoustic_grand_piano	,0
9120,52,480,0.3228346456692913,0,acoustic_grand_piano	,1
#tempo, {"bpm":140.99997180000565,"ticks":13680,"time":12.279585500000001}
10800,71,240,0.5590551181102362,0,acoustic_grand_piano	,0
9120,59,480,0.3858267716535433,0,acoustic_grand_piano	,1
#tempo, {"bpm":137.00006393336318,"ticks":13920,"time":12.492351500000002}
11040,63,480,0.5748031496062992,0,acoustic_grand_piano	,0
9120,55,480,0.3228346456692913,0,acoustic_grand_piano	,1
#tempo, {"bpm":101.39999594400017,"ticks":14160,"time":12.711329500000002}
11520,64,960,0.5984251968503937,0,acoustic_grand_piano	,0
9600,47,480,0.4409448818897638,0,acoustic_grand_piano	,1
#tempo, {"bpm":140.00014000014,"ticks":14400,"time":13.007187500000002}
12480,76,480,0.3543307086614173,0,acoustic_grand_piano	,0
10560,47,480,0.3543307086614173,0,acoustic_grand_piano	,1
#tempo, {"bpm":142.4998753126091,"ticks":14440,"time":13.042901750000002}
12960,77,360,0.36220472440944884,0,acoustic_grand_piano	,0
10560,55,480,0.3543307086614173,0,acoustic_grand_piano	,1
#tempo, {"bpm":138.9998957500782,"ticks":15120,"time":13.639393500000002}
13320,76,120,0.3543307086614173,0,acoustic_grand_piano	,0
10560,59,480,0.4251968503937008,0,acoustic_grand_piano	,1
#tempo, {"bpm":142.0000710000355,"ticks":15840,"time":14.286876000000003}
13440,74,480,0.3543307086614173,0,acoustic_grand_piano	,0
11040,47,480,0.3228346456692913,0,acoustic_grand_piano	,1
#tempo, {"bpm":138.9998957500782,"ticks":16320,"time":14.709411000000003}
13920,77,474,0.3779527559055118,0,acoustic_grand_piano	,0
11040,54,480,0.3228346456692913,0,acoustic_grand_piano	,1
#tempo, {"bpm":133.50006007502702,"ticks":16800,"time":15.141066000000002}
14400,77,960,0.3700787401574803,0,acoustic_grand_piano	,0
11040,59,480,0.3858267716535433,0,acoustic_grand_piano	,1
#tempo, {"bpm":114.50010209592436,"ticks":17040,"time":15.365785000000002}
15360,76,480,0.33858267716535434,0,acoustic_grand_piano	,0
11520,52,480,0.3543307086614173,0,acoustic_grand_piano	,1
#tempo, {"bpm":142.0000710000355,"ticks":17280,"time":15.627793500000003}
15840,74,80,0.33070866141732286,0,acoustic_grand_piano	,0
11520,55,480,0.3543307086614173,0,acoustic_grand_piano	,1
#tempo, {"bpm":138.9998957500782,"ticks":17760,"time":16.050328500000003}
15920,76,80,0.33858267716535434,0,acoustic_grand_piano	,0
11520,59,480,0.4251968503937008,0,acoustic_grand_piano	,1
#tempo, {"bpm":144.4999698958396,"ticks":18720,"time":16.9136385}
16000,74,80,0.3464566929133858,0,acoustic_grand_piano	,0
12000,40,480,0.3937007874015748,0,acoustic_grand_piano	,1
#tempo, {"bpm":132.50005520835634,"ticks":19200,"time":17.3288635}
16080,73,240,0.3543307086614173,0,acoustic_grand_piano	,0
13440,65,480,0.2125984251968504,0,acoustic_grand_piano	,1
#tempo, {"bpm":124.49992530004482,"ticks":19680,"time":17.7816935}
16320,74,240,0.3700787401574803,0,acoustic_grand_piano	,0
13440,62,480,0.1732283464566929,0,acoustic_grand_piano	,1
#tempo, {"bpm":115.49989316259882,"ticks":20160,"time":18.2636215}
16560,75,240,0.3543307086614173,0,acoustic_grand_piano	,0
13440,57,480,0.1732283464566929,0,acoustic_grand_piano	,1
#tempo, {"bpm":124.49992530004482,"ticks":20640,"time":18.7831025}
16800,76,240,0.3700787401574803,0,acoustic_grand_piano	,0
13920,65,480,0.2125984251968504,0,acoustic_grand_piano	,1
#tempo, {"bpm":112.00005973336519,"ticks":21120,"time":19.265030499999998}
17040,71,114,0.33070866141732286,0,acoustic_grand_piano	,0
13920,62,480,0.1732283464566929,0,acoustic_grand_piano	,1
#tempo, {"bpm":140.5000866417201,"ticks":21600,"time":19.800744499999997}
17160,71,120,0.3700787401574803,0,acoustic_grand_piano	,0
13920,57,480,0.1732283464566929,0,acoustic_grand_piano	,1
#tempo, {"bpm":135.000135000135,"ticks":22080,"time":20.227790499999998}
17280,74,960,0.4015748031496063,0,acoustic_grand_piano	,0
14880,65,480,0.1968503937007874,0,acoustic_grand_piano	,1
#tempo, {"bpm":133.50006007502702,"ticks":22560,"time":20.6722345}
18240,72,480,0.3543307086614173,0,acoustic_grand_piano	,0
14880,60,480,0.16535433070866143,0,acoustic_grand_piano	,1
#tempo, {"bpm":117.99990166674861,"ticks":23520,"time":21.5711105}
18720,69,160,0.36220472440944884,0,acoustic_grand_piano	,0
14880,57,480,0.16535433070866143,0,acoustic_grand_piano	,1
#tempo, {"bpm":139.4998465501688,"ticks":24000,"time":22.0795855}
18880,70,160,0.33858267716535434,0,acoustic_grand_piano	,0
15360,64,480,0.1968503937007874,0,acoustic_grand_piano	,1
#tempo, {"bpm":143.99988480009216,"ticks":24480,"time":22.5096935}
19040,69,160,0.33858267716535434,0,acoustic_grand_piano	,0
15360,60,480,0.16535433070866143,0,acoustic_grand_piano	,1
#tempo, {"bpm":139.4998465501688,"ticks":24960,"time":22.9263605}
19200,67,480,0.3700787401574803,0,acoustic_grand_piano	,0
15360,57,480,0.16535433070866143,0,acoustic_grand_piano	,1
#tempo, {"bpm":140.99997180000565,"ticks":25200,"time":23.1414145}
19680,69,480,0.4015748031496063,0,acoustic_grand_piano	,0
16320,62,480,0.2204724409448819,0,acoustic_grand_piano	,1
#tempo, {"bpm":134.00005806669182,"ticks":25440,"time":23.3541805}
20160,70,480,0.41732283464566927,0,acoustic_grand_piano	,0
16320,52,480,0.18110236220472442,0,acoustic_grand_piano	,1
#tempo, {"bpm":98.99993565004183,"ticks":25680,"time":23.578060999999998}
20640,74,480,0.4251968503937008,0,acoustic_grand_piano	,0
16320,56,480,0.18110236220472442,0,acoustic_grand_piano	,1
#tempo, {"bpm":140.00014000014,"ticks":25920,"time":23.881091499999997}
21600,69,360,0.3779527559055118,0,acoustic_grand_piano	,0
16800,62,480,0.1968503937007874,0,acoustic_grand_piano	,1
#tempo, {"bpm":142.4998753126091,"ticks":25960,"time":23.916805749999998}
21960,68,120,0.3464566929133858,0,acoustic_grand_piano	,0
16800,56,480,0.16535433070866143,0,acoustic_grand_piano	,1
#tempo, {"bpm":138.9998957500782,"ticks":26640,"time":24.513297499999997}
22080,62,480,0.31496062992125984,0,acoustic_grand_piano	,0
16800,52,480,0.16535433070866143,0,acoustic_grand_piano	,1
#tempo, {"bpm":142.0000710000355,"ticks":27360,"time":25.160779999999995}
22080,64,480,0.3779527559055118,0,acoustic_grand_piano	,0
17760,53,480,0.16535433070866143,0,acoustic_grand_piano	,1
#tempo, {"bpm":138.9998957500782,"ticks":27840,"time":25.583314999999995}
22560,68,480,0.3543307086614173,0,acoustic_grand_piano	,0
17760,57,480,0.16535433070866143,0,acoustic_grand_piano	,1
#tempo, {"bpm":135.50013098345994,"ticks":28320,"time":26.014969999999995}
22560,62,480,0.2992125984251969,0,acoustic_grand_piano	,0
17760,62,480,0.2204724409448819,0,acoustic_grand_piano	,1
#tempo, {"bpm":123.99999173333389,"ticks":28560,"time":26.236371999999996}
23040,60,480,0.30708661417322836,0,acoustic_grand_piano	,0
18240,57,480,0.16535433070866143,0,acoustic_grand_piano	,1
#tempo, {"bpm":138.9998957500782,"ticks":28800,"time":26.478307499999996}
23040,69,960,0.36220472440944884,0,acoustic_grand_piano	,0
18240,60,480,0.2047244094488189,0,acoustic_grand_piano	,1
#tempo, {"bpm":144.4999698958396,"ticks":30240,"time":27.773272499999997}
24000,76,480,0.3543307086614173,0,acoustic_grand_piano	,0
18240,53,480,0.16535433070866143,0,acoustic_grand_piano	,1
#tempo, {"bpm":144.4999698958396,"ticks":31200,"time":28.603722499999996}
24480,77,360,0.36220472440944884,0,acoustic_grand_piano	,0
19200,60,480,0.2283464566929134,0,acoustic_grand_piano	,1
#tempo, {"bpm":139.4998465501688,"ticks":31680,"time":29.018947499999996}
24840,76,120,0.3543307086614173,0,acoustic_grand_piano	,0
19200,53,480,0.2283464566929134,0,acoustic_grand_piano	,1
#tempo, {"bpm":143.000143000143,"ticks":32160,"time":29.449055499999996}
24960,74,480,0.3543307086614173,0,acoustic_grand_piano	,0
19200,63,480,0.2677165354330709,0,acoustic_grand_piano	,1
#tempo, {"bpm":140.99997180000565,"ticks":32640,"time":29.868635499999996}
25440,77,480,0.3779527559055118,0,acoustic_grand_piano	,0
19680,53,480,0.2283464566929134,0,acoustic_grand_piano	,1
#tempo, {"bpm":143.5001602418456,"ticks":33120,"time":30.294167499999997}
25920,77,960,0.3700787401574803,0,acoustic_grand_piano	,0
19680,60,480,0.2283464566929134,0,acoustic_grand_piano	,1
#tempo, {"bpm":138.49999884583335,"ticks":34080,"time":31.130403499999996}
26880,76,480,0.33858267716535434,0,acoustic_grand_piano	,0
19680,63,480,0.2677165354330709,0,acoustic_grand_piano	,1
27360,74,80,0.33070866141732286,0,acoustic_grand_piano	,0
20160,58,960,0.2677165354330709,0,acoustic_grand_piano	,1
#tempo, {"bpm":122.20009042806691,"ticks":35040,"time":31.996829499999997}
27440,76,80,0.33858267716535434,0,acoustic_grand_piano	,0
20160,62,480,0.29133858267716534,0,acoustic_grand_piano	,1
#tempo, {"bpm":139.4998465501688,"ticks":35520,"time":32.487827499999995}
27520,74,80,0.3464566929133858,0,acoustic_grand_piano	,0
20640,65,480,0.29133858267716534,0,acoustic_grand_piano	,1
#tempo, {"bpm":143.99988480009216,"ticks":36000,"time":32.91793549999999}
27600,73,240,0.3543307086614173,0,acoustic_grand_piano	,0
22080,52,480,0.2283464566929134,0,acoustic_grand_piano	,1
#tempo, {"bpm":139.4998465501688,"ticks":36480,"time":33.33460249999999}
27840,74,240,0.3700787401574803,0,acoustic_grand_piano	,0
22080,59,480,0.2755905511811024,0,acoustic_grand_piano	,1
#tempo, {"bpm":140.99997180000565,"ticks":36720,"time":33.54965649999999}
28080,75,240,0.3543307086614173,0,acoustic_grand_piano	,0
22560,52,480,0.2047244094488189,0,acoustic_grand_piano	,1
#tempo, {"bpm":137.00006393336318,"ticks":36960,"time":33.76242249999999}
28320,76,240,0.41732283464566927,0,acoustic_grand_piano	,0
22560,59,480,0.2440944881889764,0,acoustic_grand_piano	,1
#tempo, {"bpm":122.49997958333674,"ticks":37200,"time":33.98140049999999}
28560,71,240,0.3779527559055118,0,acoustic_grand_piano	,0
23040,45,480,0.2283464566929134,0,acoustic_grand_piano	,1
#tempo, {"bpm":140.00014000014,"ticks":37440,"time":34.22629849999999}
28800,74,960,0.4566929133858268,0,acoustic_grand_piano	,0
23040,52,480,0.2755905511811024,0,acoustic_grand_piano	,1
#tempo, {"bpm":142.4998753126091,"ticks":37480,"time":34.26201274999999}
29760,72,480,0.3543307086614173,0,acoustic_grand_piano	,0
23520,33,480,0.28346456692913385,0,acoustic_grand_piano	,1
#tempo, {"bpm":138.9998957500782,"ticks":38160,"time":34.858504499999995}
30240,69,160,0.4881889763779528,0,acoustic_grand_piano	,0
24960,65,480,0.2125984251968504,0,acoustic_grand_piano	,1
#tempo, {"bpm":142.0000710000355,"ticks":38880,"time":35.505987}
30400,71,160,0.44881889763779526,0,acoustic_grand_piano	,0
24960,62,480,0.1732283464566929,0,acoustic_grand_piano	,1
#tempo, {"bpm":138.9998957500782,"ticks":39360,"time":35.928522}
30560,69,160,0.44881889763779526,0,acoustic_grand_piano	,0
24960,57,480,0.1732283464566929,0,acoustic_grand_piano	,1
#tempo, {"bpm":133.50006007502702,"ticks":39840,"time":36.360177}
30720,68,240,0.49606299212598426,0,acoustic_grand_piano	,0
25440,65,480,0.2125984251968504,0,acoustic_grand_piano	,1
#tempo, {"bpm":108.5000768542211,"ticks":40080,"time":36.584896}
31200,69,240,0.5275590551181102,0,acoustic_grand_piano	,0
25440,62,480,0.1732283464566929,0,acoustic_grand_piano	,1
#tempo, {"bpm":142.0000710000355,"ticks":40320,"time":36.8613935}
31680,71,240,0.5511811023622047,0,acoustic_grand_piano	,0
25440,57,480,0.1732283464566929,0,acoustic_grand_piano	,1
#tempo, {"bpm":138.9998957500782,"ticks":40800,"time":37.2839285}
32160,76,960,0.5669291338582677,0,acoustic_grand_piano	,0
26400,65,480,0.1968503937007874,0,acoustic_grand_piano	,1
#tempo, {"bpm":144.4999698958396,"ticks":41760,"time":38.1472385}
33120,71,240,0.5984251968503937,0,acoustic_grand_piano	,0
26400,60,480,0.16535433070866143,0,acoustic_grand_piano	,1
#tempo, {"bpm":132.50005520835634,"ticks":42240,"time":38.5624635}
33360,67,240,0.5748031496062992,0,acoustic_grand_piano	,0
26400,57,480,0.16535433070866143,0,acoustic_grand_piano	,1
#tempo, {"bpm":126.000126000126,"ticks":42720,"time":39.0152935}
33600,64,240,0.5984251968503937,0,acoustic_grand_piano	,0
26880,64,480,0.1968503937007874,0,acoustic_grand_piano	,1
#tempo, {"bpm":116.00008506672904,"ticks":43200,"time":39.4914835}
33840,71,240,0.5590551181102362,0,acoustic_grand_piano	,0
26880,60,480,0.16535433070866143,0,acoustic_grand_piano	,1
#tempo, {"bpm":124.49992530004482,"ticks":43680,"time":40.0087245}
34080,63,480,0.5748031496062992,0,acoustic_grand_piano	,0
26880,57,480,0.16535433070866143,0,acoustic_grand_piano	,1
#tempo, {"bpm":112.00005973336519,"ticks":44160,"time":40.4906525}
34560,64,960,0.5984251968503937,0,acoustic_grand_piano	,0
27840,62,480,0.2204724409448819,0,acoustic_grand_piano	,1
#tempo, {"bpm":140.5000866417201,"ticks":44640,"time":41.0263665}
35520,76,480,0.3543307086614173,0,acoustic_grand_piano	,0
27840,52,480,0.18110236220472442,0,acoustic_grand_piano	,1
#tempo, {"bpm":135.000135000135,"ticks":45120,"time":41.4534125}
36000,77,360,0.36220472440944884,0,acoustic_grand_piano	,0
27840,56,480,0.18110236220472442,0,acoustic_grand_piano	,1
#tempo, {"bpm":133.50006007502702,"ticks":45600,"time":41.897856499999996}
36360,76,120,0.3543307086614173,0,acoustic_grand_piano	,0
28320,62,480,0.1968503937007874,0,acoustic_grand_piano	,1
#tempo, {"bpm":106.99993580003851,"ticks":46560,"time":42.7967325}
36480,74,480,0.3543307086614173,0,acoustic_grand_piano	,0
28320,56,480,0.16535433070866143,0,acoustic_grand_piano	,1
#tempo, {"bpm":135.000135000135,"ticks":47040,"time":43.357480499999994}
36960,77,480,0.3779527559055118,0,acoustic_grand_piano	,0
28320,52,480,0.16535433070866143,0,acoustic_grand_piano	,1
#tempo, {"bpm":136.5001365001365,"ticks":47520,"time":43.80192449999999}
37440,77,960,0.3700787401574803,0,acoustic_grand_piano	,0
29280,45,480,0.23622047244094488,0,acoustic_grand_piano	,1
#tempo, {"bpm":136.5001365001365,"ticks":48000,"time":44.24148449999999}
38400,76,480,0.33858267716535434,0,acoustic_grand_piano	,0
29760,60,480,0.2204724409448819,0,acoustic_grand_piano	,1
#tempo, {"bpm":140.99997180000565,"ticks":48240,"time":44.46126449999999}
38880,74,80,0.33070866141732286,0,acoustic_grand_piano	,0
29760,52,480,0.1732283464566929,0,acoustic_grand_piano	,1
#tempo, {"bpm":137.49988541676214,"ticks":48480,"time":44.67403049999999}
38960,76,80,0.33858267716535434,0,acoustic_grand_piano	,0
30720,52,240,0.30708661417322836,0,acoustic_grand_piano	,1
#tempo, {"bpm":129.5001295001295,"ticks":48720,"time":44.89221249999999}
39040,74,80,0.3464566929133858,0,acoustic_grand_piano	,0
30720,60,240,0.36220472440944884,0,acoustic_grand_piano	,1
#tempo, {"bpm":140.00014000014,"ticks":48960,"time":45.12387249999999}
39120,73,240,0.3543307086614173,0,acoustic_grand_piano	,0
31200,45,240,0.3779527559055118,0,acoustic_grand_piano	,1
#tempo, {"bpm":143.99988480009216,"ticks":49440,"time":45.55244349999999}
39360,74,240,0.3700787401574803,0,acoustic_grand_piano	,0
32160,52,480,0.3228346456692913,0,acoustic_grand_piano	,1
#tempo, {"bpm":138.9998957500782,"ticks":49680,"time":45.76077699999999}
39600,75,240,0.3543307086614173,0,acoustic_grand_piano	,0
32160,59,480,0.3858267716535433,0,acoustic_grand_piano	,1
#tempo, {"bpm":136.5001365001365,"ticks":50400,"time":46.40825949999999}
39840,76,240,0.3700787401574803,0,acoustic_grand_piano	,0
32160,55,480,0.3228346456692913,0,acoustic_grand_piano	,1
#tempo, {"bpm":136.5001365001365,"ticks":50880,"time":46.84781949999999}
40080,71,114,0.33070866141732286,0,acoustic_grand_piano	,0
32640,47,480,0.4409448818897638,0,acoustic_grand_piano	,1
#tempo, {"bpm":140.99997180000565,"ticks":51120,"time":47.06759949999999}
40200,71,120,0.33070866141732286,0,acoustic_grand_piano	,0
33600,47,480,0.3543307086614173,0,acoustic_grand_piano	,1
#tempo, {"bpm":137.49988541676214,"ticks":51360,"time":47.280365499999995}
40320,74,960,0.36220472440944884,0,acoustic_grand_piano	,0
33600,55,480,0.3543307086614173,0,acoustic_grand_piano	,1
#tempo, {"bpm":129.5001295001295,"ticks":51600,"time":47.498547499999994}
41280,72,480,0.3543307086614173,0,acoustic_grand_piano	,0
33600,59,480,0.4251968503937008,0,acoustic_grand_piano	,1
#tempo, {"bpm":138.9998957500782,"ticks":51840,"time":47.73020749999999}
41760,69,160,0.36220472440944884,0,acoustic_grand_piano	,0
34080,47,480,0.3228346456692913,0,acoustic_grand_piano	,1
#tempo, {"bpm":143.99988480009216,"ticks":52320,"time":48.16186249999999}
41920,70,160,0.33858267716535434,0,acoustic_grand_piano	,0
34080,54,480,0.3228346456692913,0,acoustic_grand_piano	,1
#tempo, {"bpm":138.9998957500782,"ticks":52560,"time":48.37019599999999}
42080,69,160,0.33858267716535434,0,acoustic_grand_piano	,0
34080,59,480,0.3858267716535433,0,acoustic_grand_piano	,1
#tempo, {"bpm":136.5001365001365,"ticks":52800,"time":48.586023499999996}
42240,67,480,0.3700787401574803,0,acoustic_grand_piano	,0
34560,52,480,0.3543307086614173,0,acoustic_grand_piano	,1
#tempo, {"bpm":143.000143000143,"ticks":53280,"time":49.025583499999996}
42720,69,480,0.4251968503937008,0,acoustic_grand_piano	,0
34560,55,480,0.3543307086614173,0,acoustic_grand_piano	,1
#tempo, {"bpm":149.40015836416788,"ticks":53760,"time":49.4451635}
43200,70,480,0.4881889763779528,0,acoustic_grand_piano	,0
34560,59,480,0.4251968503937008,0,acoustic_grand_piano	,1
#tempo, {"bpm":138.9998957500782,"ticks":54000,"time":49.6459665}
43680,74,480,0.4645669291338583,0,acoustic_grand_piano	,0
35040,40,480,0.3937007874015748,0,acoustic_grand_piano	,1
#tempo, {"bpm":137.49988541676214,"ticks":54240,"time":49.861794}
44640,69,360,0.3779527559055118,0,acoustic_grand_piano	,0
36480,65,480,0.2125984251968504,0,acoustic_grand_piano	,1
#tempo, {"bpm":142.0000710000355,"ticks":54720,"time":50.298158}
45000,68,120,0.3464566929133858,0,acoustic_grand_piano	,0
36480,62,480,0.1732283464566929,0,acoustic_grand_piano	,1
#tempo, {"bpm":147.0000955500621,"ticks":55200,"time":50.720693000000004}
45120,62,480,0.31496062992125984,0,acoustic_grand_piano	,0
36480,57,480,0.1732283464566929,0,acoustic_grand_piano	,1
#tempo, {"bpm":138.9998957500782,"ticks":55440,"time":50.924774500000005}
45120,64,480,0.3779527559055118,0,acoustic_grand_piano	,0
36960,65,480,0.2125984251968504,0,acoustic_grand_piano	,1
#tempo, {"bpm":137.00006393336318,"ticks":55680,"time":51.14060200000001}
45600,68,480,0.3543307086614173,0,acoustic_grand_piano	,0
36960,62,480,0.1732283464566929,0,acoustic_grand_piano	,1
#tempo, {"bpm":141.50008961672341,"ticks":56160,"time":51.57855800000001}
45600,62,480,0.2992125984251969,0,acoustic_grand_piano	,0
36960,57,480,0.1732283464566929,0,acoustic_grand_piano	,1
#tempo, {"bpm":145.39991033672197,"ticks":56640,"time":52.00258600000001}
46080,60,480,0.30708661417322836,0,acoustic_grand_piano	,0
37920,65,480,0.1968503937007874,0,acoustic_grand_piano	,1
#tempo, {"bpm":138.9998957500782,"ticks":56880,"time":52.20891350000001}
46080,69,960,0.36220472440944884,0,acoustic_grand_piano	,0
37920,60,480,0.16535433070866143,0,acoustic_grand_piano	,1
#tempo, {"bpm":137.49988541676214,"ticks":57120,"time":52.42474100000001}
47040,71,480,0.4015748031496063,0,acoustic_grand_piano	,0
37920,57,480,0.16535433070866143,0,acoustic_grand_piano	,1
#tempo, {"bpm":140.00014000014,"ticks":57600,"time":52.86110500000001}
47520,72,240,0.4094488188976378,0,acoustic_grand_piano	,0
38400,64,480,0.1968503937007874,0,acoustic_grand_piano	,1
#tempo, {"bpm":137.49988541676214,"ticks":57640,"time":52.89681925000001}
47760,74,240,0.41732283464566927,0,acoustic_grand_piano	,0
38400,60,480,0.16535433070866143,0,acoustic_grand_piano	,1
#tempo, {"bpm":138.9998957500782,"ticks":58080,"time":53.296819583333345}
48000,75,475,0.4330708661417323,0,acoustic_grand_piano	,0
38400,57,480,0.16535433070866143,0,acoustic_grand_piano	,1
#tempo, {"bpm":135.000135000135,"ticks":58320,"time":53.51264708333335}
48480,75,360,0.47244094488188976,0,acoustic_grand_piano	,0
39360,62,480,0.2204724409448819,0,acoustic_grand_piano	,1
#tempo, {"bpm":132.000132000132,"ticks":58560,"time":53.73486908333335}
48840,77,120,0.4330708661417323,0,acoustic_grand_piano	,0
39360,52,480,0.18110236220472442,0,acoustic_grand_piano	,1
#tempo, {"bpm":131.00007641671124,"ticks":58800,"time":53.96214158333335}
48960,75,960,0.4881889763779528,0,acoustic_grand_piano	,0
39360,56,480,0.18110236220472442,0,acoustic_grand_piano	,1
#tempo, {"bpm":140.5000866417201,"ticks":59040,"time":54.19114908333335}
49920,74,480,0.4251968503937008,0,acoustic_grand_piano	,0
39840,62,480,0.1968503937007874,0,acoustic_grand_piano	,1
#tempo, {"bpm":137.00006393336318,"ticks":59520,"time":54.61819508333335}
50400,72,240,0.4094488188976378,0,acoustic_grand_piano	,0
39840,56,480,0.16535433070866143,0,acoustic_grand_piano	,1
#tempo, {"bpm":140.99997180000565,"ticks":59760,"time":54.83717308333335}
50640,74,240,0.4251968503937008,0,acoustic_grand_piano	,0
39840,52,480,0.16535433070866143,0,acoustic_grand_piano	,1
#tempo, {"bpm":137.00006393336318,"ticks":60000,"time":55.04993908333335}
50880,75,476,0.44881889763779526,0,acoustic_grand_piano	,0
40800,53,480,0.16535433070866143,0,acoustic_grand_piano	,1
#tempo, {"bpm":105.3999929733338,"ticks":60240,"time":55.26891708333335}
51360,75,360,0.5196850393700787,0,acoustic_grand_piano	,0
40800,57,480,0.16535433070866143,0,acoustic_grand_piano	,1
#tempo, {"bpm":140.00014000014,"ticks":60480,"time":55.55354708333335}
51720,77,120,0.4881889763779528,0,acoustic_grand_piano	,0
40800,62,480,0.2204724409448819,0,acoustic_grand_piano	,1
#tempo, {"bpm":142.4998753126091,"ticks":60520,"time":55.58926133333335}
51840,75,960,0.5984251968503937,0,acoustic_grand_piano	,0
41280,57,480,0.16535433070866143,0,acoustic_grand_piano	,1
#tempo, {"bpm":138.9998957500782,"ticks":61200,"time":56.18575308333335}
52800,74,480,0.5275590551181102,0,acoustic_grand_piano	,0
41280,60,480,0.2047244094488189,0,acoustic_grand_piano	,1
#tempo, {"bpm":142.0000710000355,"ticks":61920,"time":56.833235583333355}
53280,82,960,0.6771653543307087,0,acoustic_grand_piano	,0
41280,53,480,0.16535433070866143,0,acoustic_grand_piano	,1
#tempo, {"bpm":138.9998957500782,"ticks":62400,"time":57.25577058333336}
54240,73,480,0.5196850393700787,0,acoustic_grand_piano	,0
42240,60,480,0.2283464566929134,0,acoustic_grand_piano	,1
#tempo, {"bpm":133.50006007502702,"ticks":62880,"time":57.68742558333336}
54720,81,960,0.5984251968503937,0,acoustic_grand_piano	,0
42240,53,480,0.2283464566929134,0,acoustic_grand_piano	,1
#tempo, {"bpm":119.5000119500012,"ticks":63120,"time":57.91214458333336}
55680,72,480,0.4881889763779528,0,acoustic_grand_piano	,0
42240,63,480,0.2677165354330709,0,acoustic_grand_piano	,1
#tempo, {"bpm":142.0000710000355,"ticks":63360,"time":58.16319058333336}
56160,80,960,0.5984251968503937,0,acoustic_grand_piano	,0
42720,53,480,0.2283464566929134,0,acoustic_grand_piano	,1
#tempo, {"bpm":138.9998957500782,"ticks":63840,"time":58.585725583333364}
57120,71,480,0.4409448818897638,0,acoustic_grand_piano	,0
42720,60,480,0.2283464566929134,0,acoustic_grand_piano	,1
#tempo, {"bpm":144.4999698958396,"ticks":64800,"time":59.44903558333336}
57600,79,720,0.5275590551181102,0,acoustic_grand_piano	,0
42720,63,480,0.2677165354330709,0,acoustic_grand_piano	,1
#tempo, {"bpm":131.49993205836844,"ticks":65280,"time":59.86426058333336}
58320,70,240,0.4251968503937008,0,acoustic_grand_piano	,0
43200,58,960,0.2677165354330709,0,acoustic_grand_piano	,1
#tempo, {"bpm":132.000132000132,"ticks":65320,"time":59.9022834166667}
58560,69,240,0.3543307086614173,0,acoustic_grand_piano	,0
43200,62,480,0.29133858267716534,0,acoustic_grand_piano	,1
#tempo, {"bpm":124.49992530004482,"ticks":65760,"time":60.3189496666667}
58800,76,240,0.3543307086614173,0,acoustic_grand_piano	,0
43680,65,480,0.29133858267716534,0,acoustic_grand_piano	,1
#tempo, {"bpm":113.50007755838634,"ticks":66240,"time":60.8008776666667}
59040,77,240,0.36220472440944884,0,acoustic_grand_piano	,0
45120,52,480,0.2283464566929134,0,acoustic_grand_piano	,1
#tempo, {"bpm":124.49992530004482,"ticks":66720,"time":61.3295116666667}
59280,76,240,0.3543307086614173,0,acoustic_grand_piano	,0
45120,59,480,0.2755905511811024,0,acoustic_grand_piano	,1
#tempo, {"bpm":112.00005973336519,"ticks":67200,"time":61.8114396666667}
59520,74,480,0.3543307086614173,0,acoustic_grand_piano	,0
45600,52,480,0.2047244094488189,0,acoustic_grand_piano	,1
#tempo, {"bpm":140.5000866417201,"ticks":67680,"time":62.3471536666667}
60000,77,480,0.3779527559055118,0,acoustic_grand_piano	,0
45600,59,480,0.2440944881889764,0,acoustic_grand_piano	,1
#tempo, {"bpm":135.000135000135,"ticks":68160,"time":62.774199666666696}
60480,77,960,0.3700787401574803,0,acoustic_grand_piano	,0
46080,45,480,0.2283464566929134,0,acoustic_grand_piano	,1
#tempo, {"bpm":133.50006007502702,"ticks":68640,"time":63.21864366666669}
61440,76,480,0.33858267716535434,0,acoustic_grand_piano	,0
46080,52,480,0.2755905511811024,0,acoustic_grand_piano	,1
#tempo, {"bpm":104.59995746268396,"ticks":69600,"time":64.1175196666667}
61920,74,80,0.33070866141732286,0,acoustic_grand_piano	,0
46560,33,480,0.23622047244094488,0,acoustic_grand_piano	,1
#tempo, {"bpm":135.000135000135,"ticks":70080,"time":64.6911336666667}
62000,76,80,0.33858267716535434,0,acoustic_grand_piano	,0
48000,66,480,0.25196850393700787,0,acoustic_grand_piano	,1
#tempo, {"bpm":136.5001365001365,"ticks":70560,"time":65.1355776666667}
62080,74,80,0.3464566929133858,0,acoustic_grand_piano	,0
48000,60,480,0.2125984251968504,0,acoustic_grand_piano	,1
#tempo, {"bpm":136.5001365001365,"ticks":71040,"time":65.5751376666667}
62160,73,240,0.3543307086614173,0,acoustic_grand_piano	,0
48000,56,480,0.2125984251968504,0,acoustic_grand_piano	,1
#tempo, {"bpm":140.99997180000565,"ticks":71280,"time":65.7949176666667}
62400,74,240,0.3700787401574803,0,acoustic_grand_piano	,0
48480,66,480,0.25196850393700787,0,acoustic_grand_piano	,1
#tempo, {"bpm":137.49988541676214,"ticks":71520,"time":66.00768366666671}
62640,75,240,0.3543307086614173,0,acoustic_grand_piano	,0
48480,60,480,0.2125984251968504,0,acoustic_grand_piano	,1
#tempo, {"bpm":129.5001295001295,"ticks":71760,"time":66.2258656666667}
62880,76,240,0.3858267716535433,0,acoustic_grand_piano	,0
48480,56,480,0.2125984251968504,0,acoustic_grand_piano	,1
#tempo, {"bpm":140.00014000014,"ticks":72000,"time":66.45752566666671}
63120,71,240,0.36220472440944884,0,acoustic_grand_piano	,0
49440,66,480,0.25984251968503935,0,acoustic_grand_piano	,1
#tempo, {"bpm":143.99988480009216,"ticks":72480,"time":66.88609666666672}
63360,74,960,0.4330708661417323,0,acoustic_grand_piano	,0
49440,60,480,0.2125984251968504,0,acoustic_grand_piano	,1
#tempo, {"bpm":138.9998957500782,"ticks":72720,"time":67.09443016666671}
64320,72,480,0.3543307086614173,0,acoustic_grand_piano	,0
49440,55,480,0.2125984251968504,0,acoustic_grand_piano	,1
#tempo, {"bpm":136.5001365001365,"ticks":73440,"time":67.7419126666667}
64800,69,160,0.36220472440944884,0,acoustic_grand_piano	,0
49920,67,480,0.25984251968503935,0,acoustic_grand_piano	,1
#tempo, {"bpm":136.5001365001365,"ticks":73920,"time":68.1814726666667}
64960,70,160,0.33858267716535434,0,acoustic_grand_piano	,0
49920,59,480,0.2125984251968504,0,acoustic_grand_piano	,1
#tempo, {"bpm":140.99997180000565,"ticks":74160,"time":68.40125266666671}
65120,69,160,0.33858267716535434,0,acoustic_grand_piano	,0
49920,55,480,0.2125984251968504,0,acoustic_grand_piano	,1
#tempo, {"bpm":137.49988541676214,"ticks":74400,"time":68.61401866666671}
65280,67,480,0.3700787401574803,0,acoustic_grand_piano	,0
50880,66,480,0.28346456692913385,0,acoustic_grand_piano	,1
#tempo, {"bpm":129.5001295001295,"ticks":74640,"time":68.83220066666671}
65760,69,480,0.4015748031496063,0,acoustic_grand_piano	,0
50880,60,480,0.23622047244094488,0,acoustic_grand_piano	,1
#tempo, {"bpm":138.9998957500782,"ticks":74880,"time":69.06386066666671}
66240,70,480,0.41732283464566927,0,acoustic_grand_piano	,0
50880,56,480,0.23622047244094488,0,acoustic_grand_piano	,1
#tempo, {"bpm":143.99988480009216,"ticks":75360,"time":69.49551566666672}
66720,74,480,0.4251968503937008,0,acoustic_grand_piano	,0
51360,66,480,0.2992125984251969,0,acoustic_grand_piano	,1
#tempo, {"bpm":138.9998957500782,"ticks":75600,"time":69.70384916666671}
67680,69,360,0.3779527559055118,0,acoustic_grand_piano	,0
51360,60,480,0.2440944881889764,0,acoustic_grand_piano	,1
#tempo, {"bpm":137.49988541676214,"ticks":75840,"time":69.91967666666672}
68040,68,120,0.3464566929133858,0,acoustic_grand_piano	,0
51360,56,480,0.2440944881889764,0,acoustic_grand_piano	,1
#tempo, {"bpm":143.5001602418456,"ticks":76320,"time":70.35604066666671}
68160,62,480,0.31496062992125984,0,acoustic_grand_piano	,0
52320,65,480,0.3779527559055118,0,acoustic_grand_piano	,1
#tempo, {"bpm":150.20014168880033,"ticks":76800,"time":70.77415866666672}
68160,64,480,0.3779527559055118,0,acoustic_grand_piano	,0
52320,59,480,0.31496062992125984,0,acoustic_grand_piano	,1
#tempo, {"bpm":138.9998957500782,"ticks":77040,"time":70.97389216666672}
68640,68,480,0.3543307086614173,0,acoustic_grand_piano	,0
52320,56,480,0.31496062992125984,0,acoustic_grand_piano	,1
#tempo, {"bpm":137.49988541676214,"ticks":77280,"time":71.18971966666672}
68640,62,480,0.2992125984251969,0,acoustic_grand_piano	,0
52800,65,480,0.3779527559055118,0,acoustic_grand_piano	,1
#tempo, {"bpm":142.0000710000355,"ticks":77760,"time":71.62608366666672}
69120,60,480,0.30708661417322836,0,acoustic_grand_piano	,0
52800,58,480,0.31496062992125984,0,acoustic_grand_piano	,1
#tempo, {"bpm":149.40015836416788,"ticks":78240,"time":72.04861866666671}
69120,69,960,0.36220472440944884,0,acoustic_grand_piano	,0
52800,56,480,0.31496062992125984,0,acoustic_grand_piano	,1
#tempo, {"bpm":138.9998957500782,"ticks":78480,"time":72.2494216666667}
70080,71,480,0.4015748031496063,0,acoustic_grand_piano	,0
53760,65,480,0.4645669291338583,0,acoustic_grand_piano	,1
#tempo, {"bpm":137.99987580011177,"ticks":78720,"time":72.46524916666671}
70560,72,240,0.4094488188976378,0,acoustic_grand_piano	,0
53760,58,480,0.3779527559055118,0,acoustic_grand_piano	,1
#tempo, {"bpm":140.99997180000565,"ticks":79200,"time":72.9000321666667}
70800,74,240,0.41732283464566927,0,acoustic_grand_piano	,0
53760,55,480,0.3779527559055118,0,acoustic_grand_piano	,1
#tempo, {"bpm":147.0000955500621,"ticks":79680,"time":73.32556416666671}
71040,75,476,0.4330708661417323,0,acoustic_grand_piano	,0
54240,64,480,0.4330708661417323,0,acoustic_grand_piano	,1
#tempo, {"bpm":138.9998957500782,"ticks":79920,"time":73.52964566666671}
71520,75,360,0.47244094488188976,0,acoustic_grand_piano	,0
54240,58,480,0.36220472440944884,0,acoustic_grand_piano	,1
#tempo, {"bpm":137.49988541676214,"ticks":80160,"time":73.74547316666671}
71880,77,120,0.4330708661417323,0,acoustic_grand_piano	,0
54240,55,480,0.36220472440944884,0,acoustic_grand_piano	,1
#tempo, {"bpm":135.50013098345994,"ticks":80640,"time":74.18183716666671}
72000,75,960,0.4881889763779528,0,acoustic_grand_piano	,0
55200,64,480,0.4251968503937008,0,acoustic_grand_piano	,1
#tempo, {"bpm":137.49988541676214,"ticks":80680,"time":74.21873750000005}
72960,74,480,0.4251968503937008,0,acoustic_grand_piano	,0
55200,57,480,0.33070866141732286,0,acoustic_grand_piano	,1
#tempo, {"bpm":140.00014000014,"ticks":81120,"time":74.61873783333337}
73440,72,240,0.4094488188976378,0,acoustic_grand_piano	,0
55200,55,480,0.33070866141732286,0,acoustic_grand_piano	,1
#tempo, {"bpm":135.000135000135,"ticks":81360,"time":74.83302333333337}
73680,74,240,0.4251968503937008,0,acoustic_grand_piano	,0
55680,63,480,0.3779527559055118,0,acoustic_grand_piano	,1
#tempo, {"bpm":130.50003262500815,"ticks":81600,"time":75.05524533333337}
73920,75,476,0.44881889763779526,0,acoustic_grand_piano	,0
55680,57,480,0.31496062992125984,0,acoustic_grand_piano	,1
#tempo, {"bpm":125.49990796673416,"ticks":81840,"time":75.28513033333337}
74400,75,360,0.5196850393700787,0,acoustic_grand_piano	,0
55680,54,480,0.31496062992125984,0,acoustic_grand_piano	,1
#tempo, {"bpm":139.4998465501688,"ticks":82080,"time":75.52417433333338}
74760,77,120,0.4881889763779528,0,acoustic_grand_piano	,0
56640,63,480,0.3464566929133858,0,acoustic_grand_piano	,1
#tempo, {"bpm":139.4998465501688,"ticks":82560,"time":75.95428233333338}
74880,75,960,0.5984251968503937,0,acoustic_grand_piano	,0
56640,56,480,0.2755905511811024,0,acoustic_grand_piano	,1
#tempo, {"bpm":140.99997180000565,"ticks":82800,"time":76.16933633333338}
75840,74,480,0.4881889763779528,0,acoustic_grand_piano	,0
56640,53,480,0.2755905511811024,0,acoustic_grand_piano	,1
#tempo, {"bpm":137.00006393336318,"ticks":83040,"time":76.38210233333338}
76320,82,960,0.6377952755905512,0,acoustic_grand_piano	,0
57120,62,480,0.30708661417322836,0,acoustic_grand_piano	,1
#tempo, {"bpm":102.20002589067323,"ticks":83280,"time":76.60108033333339}
77280,73,480,0.4881889763779528,0,acoustic_grand_piano	,0
57120,56,480,0.25196850393700787,0,acoustic_grand_piano	,1
#tempo, {"bpm":140.00014000014,"ticks":83520,"time":76.89462233333339}
77760,81,960,0.5984251968503937,0,acoustic_grand_piano	,0
57120,53,480,0.25196850393700787,0,acoustic_grand_piano	,1
#tempo, {"bpm":142.4998753126091,"ticks":83560,"time":76.93033658333339}
78720,72,480,0.4330708661417323,0,acoustic_grand_piano	,0
58080,62,480,0.28346456692913385,0,acoustic_grand_piano	,1
#tempo, {"bpm":138.9998957500782,"ticks":84240,"time":77.52682833333338}
79200,80,960,0.5590551181102362,0,acoustic_grand_piano	,0
58080,55,480,0.2283464566929134,0,acoustic_grand_piano	,1
#tempo, {"bpm":142.0000710000355,"ticks":84960,"time":78.17431083333338}
80160,71,480,0.33070866141732286,0,acoustic_grand_piano	,0
58080,52,480,0.2283464566929134,0,acoustic_grand_piano	,1
#tempo, {"bpm":138.9998957500782,"ticks":85440,"time":78.59684583333338}
80640,79,720,0.4409448818897638,0,acoustic_grand_piano	,0
58560,61,480,0.2204724409448819,0,acoustic_grand_piano	,1
#tempo, {"bpm":133.50006007502702,"ticks":85920,"time":79.02850083333338}
81360,70,240,0.3700787401574803,0,acoustic_grand_piano	,0
58560,55,480,0.1732283464566929,0,acoustic_grand_piano	,1
#tempo, {"bpm":113.00009605008164,"ticks":86160,"time":79.25321983333338}
81600,69,240,0.3543307086614173,0,acoustic_grand_piano	,0
58560,52,480,0.1732283464566929,0,acoustic_grand_piano	,1
#tempo, {"bpm":142.0000710000355,"ticks":86400,"time":79.51870633333337}
81840,76,240,0.3543307086614173,0,acoustic_grand_piano	,0
59040,50,480,0.1732283464566929,0,acoustic_grand_piano	,1
#tempo, {"bpm":138.9998957500782,"ticks":86880,"time":79.94124133333337}
82080,77,240,0.36220472440944884,0,acoustic_grand_piano	,0
59040,53,480,0.1732283464566929,0,acoustic_grand_piano	,1
#tempo, {"bpm":144.4999698958396,"ticks":87840,"time":80.80455133333336}
82320,76,240,0.3543307086614173,0,acoustic_grand_piano	,0
59040,62,480,0.2204724409448819,0,acoustic_grand_piano	,1
#tempo, {"bpm":131.49993205836844,"ticks":88320,"time":81.21977633333337}
82560,74,480,0.3543307086614173,0,acoustic_grand_piano	,0
59520,65,480,0.2125984251968504,0,acoustic_grand_piano	,1
#tempo, {"bpm":125.49990796673416,"ticks":88800,"time":81.67605033333336}
83040,77,474,0.3779527559055118,0,acoustic_grand_piano	,0
59520,62,480,0.1732283464566929,0,acoustic_grand_piano	,1
#tempo, {"bpm":106.99993580003851,"ticks":89280,"time":82.15413833333336}
83520,77,960,0.3700787401574803,0,acoustic_grand_piano	,0
59520,57,480,0.1732283464566929,0,acoustic_grand_piano	,1
#tempo, {"bpm":124.49992530004482,"ticks":89760,"time":82.71488633333337}
84480,76,480,0.33858267716535434,0,acoustic_grand_piano	,0
60000,65,480,0.2125984251968504,0,acoustic_grand_piano	,1
#tempo, {"bpm":112.00005973336519,"ticks":90240,"time":83.19681433333336}
84960,74,80,0.33070866141732286,0,acoustic_grand_piano	,0
60000,62,480,0.1732283464566929,0,acoustic_grand_piano	,1
#tempo, {"bpm":140.5000866417201,"ticks":90720,"time":83.73252833333336}
85040,76,80,0.33858267716535434,0,acoustic_grand_piano	,0
60000,57,480,0.1732283464566929,0,acoustic_grand_piano	,1
#tempo, {"bpm":135.000135000135,"ticks":91200,"time":84.15957433333337}
85120,74,80,0.3464566929133858,0,acoustic_grand_piano	,0
60960,65,480,0.1968503937007874,0,acoustic_grand_piano	,1
#tempo, {"bpm":133.50006007502702,"ticks":91680,"time":84.60401833333337}
85200,73,240,0.3543307086614173,0,acoustic_grand_piano	,0
60960,60,480,0.16535433070866143,0,acoustic_grand_piano	,1
#tempo, {"bpm":126.99998518333506,"ticks":92640,"time":85.50289433333337}
85440,74,240,0.3700787401574803,0,acoustic_grand_piano	,0
60960,57,480,0.16535433070866143,0,acoustic_grand_piano	,1
#tempo, {"bpm":136.95003149850726,"ticks":93600,"time":86.44777633333338}
85680,75,240,0.3543307086614173,0,acoustic_grand_piano	,0
61440,64,480,0.1968503937007874,0,acoustic_grand_piano	,1
#tempo, {"bpm":141.61999107794057,"ticks":94080,"time":86.88589233333337}
85920,76,240,0.41732283464566927,0,acoustic_grand_piano	,0
61440,60,480,0.16535433070866143,0,acoustic_grand_piano	,1
#tempo, {"bpm":139.0198636215138,"ticks":94560,"time":87.30956133333338}
86160,71,240,0.36220472440944884,0,acoustic_grand_piano	,0
61440,57,480,0.16535433070866143,0,acoustic_grand_piano	,1
#tempo, {"bpm":139.5400759098013,"ticks":95040,"time":87.74115433333338}
86400,74,960,0.4251968503937008,0,acoustic_grand_piano	,0
62400,62,480,0.2204724409448819,0,acoustic_grand_piano	,1
#tempo, {"bpm":140.58008027122582,"ticks":95520,"time":88.17113833333339}
87360,72,480,0.3543307086614173,0,acoustic_grand_piano	,0
62400,52,480,0.18110236220472442,0,acoustic_grand_piano	,1
#tempo, {"bpm":138.49999884583335,"ticks":96000,"time":88.5979413333334}
87840,69,160,0.36220472440944884,0,acoustic_grand_piano	,0
62400,56,480,0.18110236220472442,0,acoustic_grand_piano	,1
#tempo, {"bpm":137.46995708646173,"ticks":96480,"time":89.03115433333339}
88000,70,160,0.33858267716535434,0,acoustic_grand_piano	,0
62880,62,480,0.1968503937007874,0,acoustic_grand_piano	,1
#tempo, {"bpm":140.0599456567411,"ticks":96960,"time":89.46761333333339}
88160,69,160,0.33858267716535434,0,acoustic_grand_piano	,0
62880,56,480,0.16535433070866143,0,acoustic_grand_piano	,1
#tempo, {"bpm":138.49999884583335,"ticks":97440,"time":89.89600133333339}
88320,67,480,0.3700787401574803,0,acoustic_grand_piano	,0
62880,52,480,0.16535433070866143,0,acoustic_grand_piano	,1
#tempo, {"bpm":140.58008027122582,"ticks":97920,"time":90.32921433333338}
88800,69,480,0.4015748031496063,0,acoustic_grand_piano	,0
63840,53,480,0.16535433070866143,0,acoustic_grand_piano	,1
#tempo, {"bpm":139.0198636215138,"ticks":98400,"time":90.75601733333339}
89280,70,480,0.48031496062992124,0,acoustic_grand_piano	,0
63840,57,480,0.16535433070866143,0,acoustic_grand_piano	,1
#tempo, {"bpm":134.4998957625808,"ticks":99120,"time":91.40340683333339}
89760,74,480,0.48031496062992124,0,acoustic_grand_piano	,0
63840,62,480,0.2204724409448819,0,acoustic_grand_piano	,1
#tempo, {"bpm":157.400168942848,"ticks":99360,"time":91.6264553333334}
90720,69,360,0.3779527559055118,0,acoustic_grand_piano	,0
64320,57,480,0.16535433070866143,0,acoustic_grand_piano	,1
#tempo, {"bpm":141.61999107794057,"ticks":99840,"time":92.00764933333339}
91080,68,120,0.3464566929133858,0,acoustic_grand_piano	,0
64320,60,480,0.2047244094488189,0,acoustic_grand_piano	,1
#tempo, {"bpm":139.0198636215138,"ticks":100320,"time":92.4313183333334}
91200,62,480,0.31496062992125984,0,acoustic_grand_piano	,0
64320,53,480,0.16535433070866143,0,acoustic_grand_piano	,1
#tempo, {"bpm":147.79999704400007,"ticks":100800,"time":92.8629113333334}
91200,64,480,0.3779527559055118,0,acoustic_grand_piano	,0
65280,60,480,0.2283464566929134,0,acoustic_grand_piano	,1
#tempo, {"bpm":140.58008027122582,"ticks":101280,"time":93.2688653333334}
91680,68,480,0.3543307086614173,0,acoustic_grand_piano	,0
65280,53,480,0.2283464566929134,0,acoustic_grand_piano	,1
#tempo, {"bpm":138.49999884583335,"ticks":101760,"time":93.6956683333334}
91680,62,480,0.2992125984251969,0,acoustic_grand_piano	,0
65280,63,480,0.2677165354330709,0,acoustic_grand_piano	,1
#tempo, {"bpm":136.0001450668214,"ticks":102040,"time":93.94837591666673}
92160,69,960,0.36220472440944884,0,acoustic_grand_piano	,0
65760,53,480,0.2283464566929134,0,acoustic_grand_piano	,1
#tempo, {"bpm":155.80004622068037,"ticks":102240,"time":94.13219925000006}
92640,61,480,0.1968503937007874,0,acoustic_grand_piano	,0
65760,60,480,0.2283464566929134,0,acoustic_grand_piano	,1
#tempo, {"bpm":140.0599456567411,"ticks":102720,"time":94.51730825000006}
92640,64,480,0.23622047244094488,0,acoustic_grand_piano	,0
65760,63,480,0.2677165354330709,0,acoustic_grand_piano	,1
#tempo, {"bpm":138.49999884583335,"ticks":103200,"time":94.94569625000005}
93120,61,480,0.2047244094488189,0,acoustic_grand_piano	,0
66240,58,960,0.2677165354330709,0,acoustic_grand_piano	,1
#tempo, {"bpm":154.20002313000347,"ticks":103680,"time":95.37890925000005}
93120,64,480,0.2440944881889764,0,acoustic_grand_piano	,0
66240,62,480,0.29133858267716534,0,acoustic_grand_piano	,1
#tempo, {"bpm":139.0198636215138,"ticks":104160,"time":95.76801425000005}
93600,67,480,0.3543307086614173,0,acoustic_grand_piano	,0
66720,65,480,0.29133858267716534,0,acoustic_grand_piano	,1
#tempo, {"bpm":136.95003149850726,"ticks":105100,"time":96.61321720833338}
93600,73,240,0.4251968503937008,0,acoustic_grand_piano	,0
68160,52,480,0.2283464566929134,0,acoustic_grand_piano	,1
#tempo, {"bpm":141.61999107794057,"ticks":105580,"time":97.05133320833338}
93960,73,120,0.3858267716535433,0,acoustic_grand_piano	,0
68160,59,480,0.2755905511811024,0,acoustic_grand_piano	,1
#tempo, {"bpm":139.0198636215138,"ticks":106060,"time":97.47500220833338}
94080,66,480,0.3543307086614173,0,acoustic_grand_piano	,0
68640,52,480,0.2047244094488189,0,acoustic_grand_piano	,1
#tempo, {"bpm":139.5400759098013,"ticks":106540,"time":97.90659520833339}
94080,74,480,0.4251968503937008,0,acoustic_grand_piano	,0
68640,59,480,0.2440944881889764,0,acoustic_grand_piano	,1
#tempo, {"bpm":151.7999681220067,"ticks":106560,"time":97.92451120833339}
94560,65,480,0.3464566929133858,0,acoustic_grand_piano	,0
69120,45,480,0.2283464566929134,0,acoustic_grand_piano	,1
#tempo, {"bpm":140.58008027122582,"ticks":107020,"time":98.30329916666672}
94560,71,480,0.41732283464566927,0,acoustic_grand_piano	,0
69120,52,480,0.2755905511811024,0,acoustic_grand_piano	,1
#tempo, {"bpm":138.49999884583335,"ticks":107500,"time":98.73010216666673}
95040,62,480,0.3543307086614173,0,acoustic_grand_piano	,0
69600,33,480,0.23622047244094488,0,acoustic_grand_piano	,1
#tempo, {"bpm":136.95003149850726,"ticks":108000,"time":99.18136570833339}
95040,68,360,0.4251968503937008,0,acoustic_grand_piano	,0
71040,66,480,0.25196850393700787,0,acoustic_grand_piano	,1
#tempo, {"bpm":141.61999107794057,"ticks":108460,"time":99.60122687500007}
95400,64,120,0.4015748031496063,0,acoustic_grand_piano	,0
71040,60,480,0.2125984251968504,0,acoustic_grand_piano	,1
#tempo, {"bpm":139.0198636215138,"ticks":108940,"time":100.02489587500007}
95520,61,720,0.3543307086614173,0,acoustic_grand_piano	,0
71040,56,480,0.2125984251968504,0,acoustic_grand_piano	,1
#tempo, {"bpm":139.5400759098013,"ticks":109420,"time":100.45648887500008}
95520,69,720,0.4251968503937008,0,acoustic_grand_piano	,0
71520,66,480,0.25196850393700787,0,acoustic_grand_piano	,1
#tempo, {"bpm":153.400113516084,"ticks":109440,"time":100.47440487500008}
96240,68,240,0.3543307086614173,0,acoustic_grand_piano	,0
71520,60,480,0.2125984251968504,0,acoustic_grand_piano	,1
#tempo, {"bpm":140.58008027122582,"ticks":109900,"time":100.84924162500008}
96240,71,240,0.4251968503937008,0,acoustic_grand_piano	,0
71520,56,480,0.2125984251968504,0,acoustic_grand_piano	,1
#tempo, {"bpm":138.49999884583335,"ticks":109920,"time":100.8670250833334}
96480,67,480,0.3543307086614173,0,acoustic_grand_piano	,0
72480,66,480,0.25984251968503935,0,acoustic_grand_piano	,1
#tempo, {"bpm":138.49999884583335,"ticks":110380,"time":101.28218754166674}
96480,73,360,0.4251968503937008,0,acoustic_grand_piano	,0
72480,60,480,0.2125984251968504,0,acoustic_grand_piano	,1
#tempo, {"bpm":136.95003149850726,"ticks":110880,"time":101.7334510833334}
96840,76,120,0.4251968503937008,0,acoustic_grand_piano	,0
72480,55,480,0.2125984251968504,0,acoustic_grand_piano	,1
#tempo, {"bpm":141.61999107794057,"ticks":111340,"time":102.15331225000008}
96960,66,360,0.3700787401574803,0,acoustic_grand_piano	,0
72960,67,480,0.25984251968503935,0,acoustic_grand_piano	,1
#tempo, {"bpm":139.0198636215138,"ticks":111820,"time":102.57698125000009}
96960,74,360,0.4409448818897638,0,acoustic_grand_piano	,0
72960,59,480,0.2125984251968504,0,acoustic_grand_piano	,1
#tempo, {"bpm":139.5400759098013,"ticks":112300,"time":103.0085742500001}
97440,65,480,0.3543307086614173,0,acoustic_grand_piano	,0
72960,55,480,0.2125984251968504,0,acoustic_grand_piano	,1
#tempo, {"bpm":153.400113516084,"ticks":112320,"time":103.0264902500001}
97440,71,480,0.4251968503937008,0,acoustic_grand_piano	,0
73920,66,480,0.28346456692913385,0,acoustic_grand_piano	,1
#tempo, {"bpm":140.58008027122582,"ticks":112780,"time":103.4013270000001}
97920,62,480,0.3543307086614173,0,acoustic_grand_piano	,0
73920,60,480,0.23622047244094488,0,acoustic_grand_piano	,1
#tempo, {"bpm":138.49999884583335,"ticks":113260,"time":103.8281300000001}
97920,68,160,0.4251968503937008,0,acoustic_grand_piano	,0
73920,56,480,0.23622047244094488,0,acoustic_grand_piano	,1
#tempo, {"bpm":135.9098826871196,"ticks":113280,"time":103.84618054166677}
98080,66,160,0.4409448818897638,0,acoustic_grand_piano	,0
74400,66,480,0.2992125984251969,0,acoustic_grand_piano	,1
#tempo, {"bpm":133.50006007502702,"ticks":113760,"time":104.28764954166677}
98240,64,160,0.44881889763779526,0,acoustic_grand_piano	,0
74400,60,480,0.2440944881889764,0,acoustic_grand_piano	,1
#tempo, {"bpm":126.99998518333506,"ticks":114000,"time":104.51236854166676}
98400,61,720,0.4094488188976378,0,acoustic_grand_piano	,0
74400,56,480,0.2440944881889764,0,acoustic_grand_piano	,1
#tempo, {"bpm":130.00013000013,"ticks":115200,"time":105.69347104166675}
98400,69,720,0.4881889763779528,0,acoustic_grand_piano	,0
75360,65,480,0.3779527559055118,0,acoustic_grand_piano	,1
#tempo, {"bpm":110.9999056500802,"ticks":115440,"time":105.92424004166675}
99120,68,240,0.3543307086614173,0,acoustic_grand_piano	,0
75360,59,480,0.31496062992125984,0,acoustic_grand_piano	,1
#tempo, {"bpm":127.50006375003187,"ticks":115680,"time":106.19451054166674}
99120,71,240,0.4251968503937008,0,acoustic_grand_piano	,0
75360,56,480,0.31496062992125984,0,acoustic_grand_piano	,1
#tempo, {"bpm":136.95003149850726,"ticks":116640,"time":107.13568654166674}
99360,67,60,0.3464566929133858,0,acoustic_grand_piano	,0
75840,65,480,0.3779527559055118,0,acoustic_grand_piano	,1
#tempo, {"bpm":141.61999107794057,"ticks":117120,"time":107.57380254166674}
99360,73,60,0.4094488188976378,0,acoustic_grand_piano	,0
75840,58,480,0.31496062992125984,0,acoustic_grand_piano	,1
#tempo, {"bpm":139.0198636215138,"ticks":117600,"time":107.99747154166674}
99520,67,60,0.3543307086614173,0,acoustic_grand_piano	,0
75840,56,480,0.31496062992125984,0,acoustic_grand_piano	,1
#tempo, {"bpm":139.5400759098013,"ticks":118080,"time":108.42906454166675}
99520,73,60,0.4251968503937008,0,acoustic_grand_piano	,0
76800,65,480,0.4645669291338583,0,acoustic_grand_piano	,1
#tempo, {"bpm":140.58008027122582,"ticks":118560,"time":108.85904854166675}
99680,67,60,0.36220472440944884,0,acoustic_grand_piano	,0
76800,58,480,0.3779527559055118,0,acoustic_grand_piano	,1
#tempo, {"bpm":138.49999884583335,"ticks":119040,"time":109.28585154166676}
99680,73,60,0.4330708661417323,0,acoustic_grand_piano	,0
76800,55,480,0.3779527559055118,0,acoustic_grand_piano	,1
#tempo, {"bpm":137.46995708646173,"ticks":119520,"time":109.71906454166675}
99840,66,240,0.3937007874015748,0,acoustic_grand_piano	,0
77280,64,480,0.4330708661417323,0,acoustic_grand_piano	,1
#tempo, {"bpm":140.0599456567411,"ticks":120000,"time":110.15552354166675}
99840,74,240,0.4645669291338583,0,acoustic_grand_piano	,0
77280,58,480,0.36220472440944884,0,acoustic_grand_piano	,1
#tempo, {"bpm":138.49999884583335,"ticks":120480,"time":110.58391154166675}
100320,65,480,0.3464566929133858,0,acoustic_grand_piano	,0
77280,55,480,0.36220472440944884,0,acoustic_grand_piano	,1
#tempo, {"bpm":140.58008027122582,"ticks":120960,"time":111.01712454166675}
100320,71,480,0.41732283464566927,0,acoustic_grand_piano	,0
78240,64,480,0.4251968503937008,0,acoustic_grand_piano	,1
#tempo, {"bpm":139.0198636215138,"ticks":121440,"time":111.44392754166675}
100800,62,60,0.3543307086614173,0,acoustic_grand_piano	,0
78240,57,480,0.33070866141732286,0,acoustic_grand_piano	,1
#tempo, {"bpm":158.19989611540154,"ticks":122400,"time":112.30711354166675}
100800,68,60,0.4251968503937008,0,acoustic_grand_piano	,0
78240,55,480,0.33070866141732286,0,acoustic_grand_piano	,1
#tempo, {"bpm":141.61999107794057,"ticks":122880,"time":112.68638054166675}
100960,62,60,0.33858267716535434,0,acoustic_grand_piano	,0
78720,63,480,0.3779527559055118,0,acoustic_grand_piano	,1
#tempo, {"bpm":139.0198636215138,"ticks":123360,"time":113.11004954166675}
100960,66,60,0.4015748031496063,0,acoustic_grand_piano	,0
78720,57,480,0.31496062992125984,0,acoustic_grand_piano	,1
#tempo, {"bpm":155.80004622068037,"ticks":123840,"time":113.54164254166676}
101120,62,60,0.33858267716535434,0,acoustic_grand_piano	,0
78720,54,480,0.31496062992125984,0,acoustic_grand_piano	,1
#tempo, {"bpm":140.58008027122582,"ticks":124320,"time":113.92675154166676}
101120,64,60,0.4015748031496063,0,acoustic_grand_piano	,0
79680,63,480,0.3464566929133858,0,acoustic_grand_piano	,1
#tempo, {"bpm":138.49999884583335,"ticks":124800,"time":114.35355454166677}
101280,61,720,0.3543307086614173,0,acoustic_grand_piano	,0
79680,56,480,0.2755905511811024,0,acoustic_grand_piano	,1
#tempo, {"bpm":156.5999029080602,"ticks":125280,"time":114.78676754166676}
101280,69,720,0.4251968503937008,0,acoustic_grand_piano	,0
79680,53,480,0.2755905511811024,0,acoustic_grand_piano	,1
#tempo, {"bpm":140.0599456567411,"ticks":125760,"time":115.16990954166677}
102000,68,240,0.3543307086614173,0,acoustic_grand_piano	,0
80160,62,480,0.30708661417322836,0,acoustic_grand_piano	,1
#tempo, {"bpm":138.49999884583335,"ticks":126240,"time":115.59829754166677}
102000,71,240,0.4251968503937008,0,acoustic_grand_piano	,0
80160,56,480,0.25196850393700787,0,acoustic_grand_piano	,1
#tempo, {"bpm":154.99990958338608,"ticks":126720,"time":116.03151054166676}
102240,67,60,0.33858267716535434,0,acoustic_grand_piano	,0
80160,53,480,0.25196850393700787,0,acoustic_grand_piano	,1
#tempo, {"bpm":139.0198636215138,"ticks":127200,"time":116.41860754166676}
102240,73,60,0.4015748031496063,0,acoustic_grand_piano	,0
81120,62,480,0.28346456692913385,0,acoustic_grand_piano	,1
#tempo, {"bpm":136.95003149850726,"ticks":128140,"time":117.26381050000009}
102400,67,60,0.3543307086614173,0,acoustic_grand_piano	,0
81120,55,480,0.2283464566929134,0,acoustic_grand_piano	,1
#tempo, {"bpm":136.95003149850726,"ticks":128160,"time":117.28206533333343}
102400,74,60,0.4251968503937008,0,acoustic_grand_piano	,0
81120,52,480,0.2283464566929134,0,acoustic_grand_piano	,1
#tempo, {"bpm":141.61999107794057,"ticks":128620,"time":117.7019265000001}
102560,67,60,0.3700787401574803,0,acoustic_grand_piano	,0
81600,61,480,0.2204724409448819,0,acoustic_grand_piano	,1
#tempo, {"bpm":139.0198636215138,"ticks":129100,"time":118.1255955000001}
102560,76,60,0.4409448818897638,0,acoustic_grand_piano	,0
81600,55,480,0.1732283464566929,0,acoustic_grand_piano	,1
#tempo, {"bpm":139.5400759098013,"ticks":129580,"time":118.55718850000011}
102720,66,240,0.4015748031496063,0,acoustic_grand_piano	,0
81600,52,480,0.1732283464566929,0,acoustic_grand_piano	,1
#tempo, {"bpm":156.5999029080602,"ticks":129600,"time":118.57510450000012}
102720,74,240,0.48031496062992124,0,acoustic_grand_piano	,0
82080,50,480,0.1732283464566929,0,acoustic_grand_piano	,1
#tempo, {"bpm":140.58008027122582,"ticks":130060,"time":118.94228225000012}
103200,65,480,0.3543307086614173,0,acoustic_grand_piano	,0
82080,53,480,0.1732283464566929,0,acoustic_grand_piano	,1
#tempo, {"bpm":138.49999884583335,"ticks":130540,"time":119.36908525000013}
103200,71,480,0.4251968503937008,0,acoustic_grand_piano	,0
82080,62,480,0.2204724409448819,0,acoustic_grand_piano	,1
#tempo, {"bpm":136.95003149850726,"ticks":131040,"time":119.8203487916668}
103680,62,60,0.3543307086614173,0,acoustic_grand_piano	,0
82560,65,480,0.2125984251968504,0,acoustic_grand_piano	,1
#tempo, {"bpm":141.61999107794057,"ticks":131500,"time":120.24020995833347}
103680,68,60,0.4251968503937008,0,acoustic_grand_piano	,0
82560,62,480,0.1732283464566929,0,acoustic_grand_piano	,1
#tempo, {"bpm":139.0198636215138,"ticks":131980,"time":120.66387895833347}
103840,62,60,0.3543307086614173,0,acoustic_grand_piano	,0
82560,57,480,0.1732283464566929,0,acoustic_grand_piano	,1
#tempo, {"bpm":139.5400759098013,"ticks":132460,"time":121.09547195833348}
103840,66,60,0.4409448818897638,0,acoustic_grand_piano	,0
83040,65,480,0.2125984251968504,0,acoustic_grand_piano	,1
#tempo, {"bpm":154.99990958338608,"ticks":132480,"time":121.11338795833349}
104000,62,60,0.3543307086614173,0,acoustic_grand_piano	,0
83040,62,480,0.1732283464566929,0,acoustic_grand_piano	,1
#tempo, {"bpm":140.58008027122582,"ticks":132940,"time":121.48435591666681}
104000,64,60,0.44881889763779526,0,acoustic_grand_piano	,0
83040,57,480,0.1732283464566929,0,acoustic_grand_piano	,1
#tempo, {"bpm":138.49999884583335,"ticks":132960,"time":121.50213937500016}
104160,61,960,0.4015748031496063,0,acoustic_grand_piano	,0
84000,65,480,0.1968503937007874,0,acoustic_grand_piano	,1
#tempo, {"bpm":138.49999884583335,"ticks":133420,"time":121.91730183333348}
104160,69,960,0.48031496062992124,0,acoustic_grand_piano	,0
84000,60,480,0.16535433070866143,0,acoustic_grand_piano	,1
#tempo, {"bpm":136.95003149850726,"ticks":133920,"time":122.36856537500016}
105120,73,240,0.6299212598425197,0,acoustic_grand_piano	,0
84000,57,480,0.16535433070866143,0,acoustic_grand_piano	,1
#tempo, {"bpm":141.61999107794057,"ticks":134380,"time":122.78842654166682}
105120,69,240,0.5354330708661418,0,acoustic_grand_piano	,0
84480,64,480,0.1968503937007874,0,acoustic_grand_piano	,1
#tempo, {"bpm":139.0198636215138,"ticks":134860,"time":123.21209554166683}
105480,73,120,0.5905511811023622,0,acoustic_grand_piano	,0
84480,60,480,0.16535433070866143,0,acoustic_grand_piano	,1
#tempo, {"bpm":139.5400759098013,"ticks":135340,"time":123.64368854166683}
105480,69,120,0.5039370078740157,0,acoustic_grand_piano	,0
84480,57,480,0.16535433070866143,0,acoustic_grand_piano	,1
#tempo, {"bpm":154.20002313000347,"ticks":135360,"time":123.66160454166685}
105600,74,360,0.6220472440944882,0,acoustic_grand_piano	,0
85440,62,480,0.2204724409448819,0,acoustic_grand_piano	,1
#tempo, {"bpm":140.58008027122582,"ticks":135820,"time":124.0344968333335}
105600,71,360,0.5275590551181102,0,acoustic_grand_piano	,0
85440,52,480,0.18110236220472442,0,acoustic_grand_piano	,1
#tempo, {"bpm":138.49999884583335,"ticks":136300,"time":124.46129983333351}
106080,71,360,0.5669291338582677,0,acoustic_grand_piano	,0
85440,56,480,0.18110236220472442,0,acoustic_grand_piano	,1
#tempo, {"bpm":135.9098826871196,"ticks":136320,"time":124.4793503750002}
106080,68,360,0.47244094488188976,0,acoustic_grand_piano	,0
85920,62,480,0.1968503937007874,0,acoustic_grand_piano	,1
#tempo, {"bpm":134.3499143519296,"ticks":136800,"time":124.92081937500019}
106560,69,160,0.5118110236220472,0,acoustic_grand_piano	,0
85920,56,480,0.16535433070866143,0,acoustic_grand_piano	,1
#tempo, {"bpm":132.50005520835634,"ticks":136840,"time":124.95803562500018}
106560,73,160,0.6062992125984252,0,acoustic_grand_piano	,0
85920,52,480,0.16535433070866143,0,acoustic_grand_piano	,1
#tempo, {"bpm":126.50008011671741,"ticks":137040,"time":125.14671479166685}
106720,68,160,0.47244094488188976,0,acoustic_grand_piano	,0
86880,53,480,0.16535433070866143,0,acoustic_grand_piano	,1
#tempo, {"bpm":117.40005830869562,"ticks":138240,"time":126.33248479166686}
106720,71,160,0.5669291338582677,0,acoustic_grand_piano	,0
86880,57,480,0.16535433070866143,0,acoustic_grand_piano	,1
#tempo, {"bpm":103.0000480666891,"ticks":138480,"time":126.58802129166686}
106880,69,160,0.5669291338582677,0,acoustic_grand_piano	,0
86880,62,480,0.2204724409448819,0,acoustic_grand_piano	,1
#tempo, {"bpm":126.99998518333506,"ticks":138720,"time":126.87928329166687}
106880,66,160,0.47244094488188976,0,acoustic_grand_piano	,0
87360,57,480,0.16535433070866143,0,acoustic_grand_piano	,1
#tempo, {"bpm":136.95003149850726,"ticks":139680,"time":127.82416529166687}
107040,71,360,0.5196850393700787,0,acoustic_grand_piano	,0
87360,60,480,0.2047244094488189,0,acoustic_grand_piano	,1
#tempo, {"bpm":141.61999107794057,"ticks":140160,"time":128.26228129166688}
107040,74,360,0.6141732283464567,0,acoustic_grand_piano	,0
87360,53,480,0.16535433070866143,0,acoustic_grand_piano	,1
#tempo, {"bpm":139.0198636215138,"ticks":140640,"time":128.68595029166687}
107520,68,360,0.48031496062992124,0,acoustic_grand_piano	,0
88320,60,480,0.2283464566929134,0,acoustic_grand_piano	,1
#tempo, {"bpm":139.5400759098013,"ticks":141120,"time":129.11754329166686}
107520,71,360,0.5748031496062992,0,acoustic_grand_piano	,0
88320,53,480,0.2283464566929134,0,acoustic_grand_piano	,1
#tempo, {"bpm":140.58008027122582,"ticks":141600,"time":129.54752729166685}
108000,73,240,0.6299212598425197,0,acoustic_grand_piano	,0
88320,63,480,0.2677165354330709,0,acoustic_grand_piano	,1
#tempo, {"bpm":138.49999884583335,"ticks":142080,"time":129.97433029166686}
108000,69,240,0.5354330708661418,0,acoustic_grand_piano	,0
88800,53,480,0.2283464566929134,0,acoustic_grand_piano	,1
#tempo, {"bpm":137.46995708646173,"ticks":142560,"time":130.40754329166685}
108360,73,120,0.5905511811023622,0,acoustic_grand_piano	,0
88800,60,480,0.2283464566929134,0,acoustic_grand_piano	,1
#tempo, {"bpm":140.0599456567411,"ticks":143040,"time":130.84400229166687}
108360,69,120,0.5039370078740157,0,acoustic_grand_piano	,0
88800,63,480,0.2677165354330709,0,acoustic_grand_piano	,1
#tempo, {"bpm":138.49999884583335,"ticks":143520,"time":131.27239029166688}
108480,74,360,0.6220472440944882,0,acoustic_grand_piano	,0
89280,58,960,0.2677165354330709,0,acoustic_grand_piano	,1
#tempo, {"bpm":140.58008027122582,"ticks":144000,"time":131.70560329166688}
108480,71,360,0.5275590551181102,0,acoustic_grand_piano	,0
89280,62,480,0.29133858267716534,0,acoustic_grand_piano	,1
#tempo, {"bpm":139.0198636215138,"ticks":144480,"time":132.13240629166688}
108960,71,360,0.5669291338582677,0,acoustic_grand_piano	,0
89760,65,480,0.29133858267716534,0,acoustic_grand_piano	,1
#tempo, {"bpm":157.400168942848,"ticks":145440,"time":132.9955922916669}
108960,68,360,0.47244094488188976,0,acoustic_grand_piano	,0
91200,52,480,0.2283464566929134,0,acoustic_grand_piano	,1
#tempo, {"bpm":141.61999107794057,"ticks":145920,"time":133.3767862916669}
109440,69,160,0.5118110236220472,0,acoustic_grand_piano	,0
91200,59,480,0.2755905511811024,0,acoustic_grand_piano	,1
#tempo, {"bpm":139.0198636215138,"ticks":146400,"time":133.80045529166688}
109440,73,160,0.6062992125984252,0,acoustic_grand_piano	,0
91680,52,480,0.2047244094488189,0,acoustic_grand_piano	,1
#tempo, {"bpm":157.400168942848,"ticks":146880,"time":134.23204829166687}
109600,68,160,0.47244094488188976,0,acoustic_grand_piano	,0
91680,59,480,0.2440944881889764,0,acoustic_grand_piano	,1
#tempo, {"bpm":140.58008027122582,"ticks":147360,"time":134.61324229166686}
109600,71,160,0.5669291338582677,0,acoustic_grand_piano	,0
92640,45,480,0.14960629921259844,0,acoustic_grand_piano	,1
#tempo, {"bpm":138.49999884583335,"ticks":147840,"time":135.04004529166687}
109760,69,160,0.5669291338582677,0,acoustic_grand_piano	,0
92640,57,480,0.1732283464566929,0,acoustic_grand_piano	,1
#tempo, {"bpm":156.5999029080602,"ticks":148320,"time":135.47325829166687}
109760,66,160,0.47244094488188976,0,acoustic_grand_piano	,0
93120,45,960,0.15748031496062992,0,acoustic_grand_piano	,1
#tempo, {"bpm":140.0599456567411,"ticks":148800,"time":135.85640029166686}
109920,78,480,0.5905511811023622,0,acoustic_grand_piano	,0
93120,57,960,0.18110236220472442,0,acoustic_grand_piano	,1
#tempo, {"bpm":138.49999884583335,"ticks":149280,"time":136.28478829166687}
109920,90,480,0.7007874015748031,0,acoustic_grand_piano	,0
94080,50,480,0.28346456692913385,0,acoustic_grand_piano	,1
#tempo, {"bpm":135.3900587592855,"ticks":149760,"time":136.71800129166687}
110400,78,480,0.5511811023622047,0,acoustic_grand_piano	,0
94560,38,480,0.28346456692913385,0,acoustic_grand_piano	,1
#tempo, {"bpm":67.79998101600532,"ticks":150240,"time":137.16116529166686}
110400,90,480,0.6535433070866141,0,acoustic_grand_piano	,0
95040,40,480,0.33070866141732286,0,acoustic_grand_piano	,1
#tempo, {"bpm":131.00007641671124,"ticks":150720,"time":138.04612129166685}
110880,73,240,0.6299212598425197,0,acoustic_grand_piano	,0
95520,45,480,0.2755905511811024,0,acoustic_grand_piano	,1
#tempo, {"bpm":143.99988480009216,"ticks":151200,"time":138.50413629166684}
110880,69,240,0.5354330708661418,0,acoustic_grand_piano	,0
96000,52,480,0.30708661417322836,0,acoustic_grand_piano	,1
#tempo, {"bpm":139.4998465501688,"ticks":151680,"time":138.92080329166683}
111240,73,120,0.5905511811023622,0,acoustic_grand_piano	,0
96480,57,480,0.3464566929133858,0,acoustic_grand_piano	,1
#tempo, {"bpm":140.99997180000565,"ticks":151920,"time":139.13585729166684}
111240,69,120,0.5039370078740157,0,acoustic_grand_piano	,0
96960,50,360,0.3228346456692913,0,acoustic_grand_piano	,1
#tempo, {"bpm":134.00005806669182,"ticks":152160,"time":139.34862329166683}
111360,74,360,0.6220472440944882,0,acoustic_grand_piano	,0
97440,38,480,0.28346456692913385,0,acoustic_grand_piano	,1
#tempo, {"bpm":98.19999410800035,"ticks":152400,"time":139.57250379166683}
111360,71,360,0.5275590551181102,0,acoustic_grand_piano	,0
97920,40,480,0.3228346456692913,0,acoustic_grand_piano	,1
#tempo, {"bpm":140.00014000014,"ticks":152640,"time":139.87800279166683}
111840,71,360,0.5669291338582677,0,acoustic_grand_piano	,0
98400,45,480,0.28346456692913385,0,acoustic_grand_piano	,1
#tempo, {"bpm":142.4998753126091,"ticks":152680,"time":139.9137170416668}
111840,68,360,0.47244094488188976,0,acoustic_grand_piano	,0
98880,52,480,0.3228346456692913,0,acoustic_grand_piano	,1
#tempo, {"bpm":138.9998957500782,"ticks":153360,"time":140.51020879166683}
112320,69,160,0.5118110236220472,0,acoustic_grand_piano	,0
99360,57,480,0.3464566929133858,0,acoustic_grand_piano	,1
#tempo, {"bpm":142.0000710000355,"ticks":154080,"time":141.15769129166682}
112320,73,160,0.6062992125984252,0,acoustic_grand_piano	,0
99840,50,240,0.28346456692913385,0,acoustic_grand_piano	,1
#tempo, {"bpm":138.9998957500782,"ticks":154560,"time":141.58022629166683}
112480,68,160,0.47244094488188976,0,acoustic_grand_piano	,0
100320,38,480,0.28346456692913385,0,acoustic_grand_piano	,1
#tempo, {"bpm":135.50013098345994,"ticks":155040,"time":142.01188129166684}
112480,71,160,0.5669291338582677,0,acoustic_grand_piano	,0
100800,40,480,0.33070866141732286,0,acoustic_grand_piano	,1
#tempo, {"bpm":123.99999173333389,"ticks":155280,"time":142.23328329166685}
112640,69,160,0.5669291338582677,0,acoustic_grand_piano	,0
101280,45,480,0.2755905511811024,0,acoustic_grand_piano	,1
#tempo, {"bpm":138.9998957500782,"ticks":155520,"time":142.47521879166686}
112640,66,160,0.47244094488188976,0,acoustic_grand_piano	,0
101760,52,480,0.30708661417322836,0,acoustic_grand_piano	,1
#tempo, {"bpm":144.4999698958396,"ticks":156960,"time":143.77018379166685}
112800,71,360,0.5196850393700787,0,acoustic_grand_piano	,0
102240,57,480,0.3464566929133858,0,acoustic_grand_piano	,1
#tempo, {"bpm":144.4999698958396,"ticks":157920,"time":144.60063379166687}
112800,74,360,0.6141732283464567,0,acoustic_grand_piano	,0
102720,50,240,0.3228346456692913,0,acoustic_grand_piano	,1
#tempo, {"bpm":139.4998465501688,"ticks":158400,"time":145.01585879166686}
113280,68,360,0.48031496062992124,0,acoustic_grand_piano	,0
103200,38,480,0.28346456692913385,0,acoustic_grand_piano	,1
#tempo, {"bpm":143.000143000143,"ticks":158880,"time":145.44596679166685}
113280,71,360,0.5748031496062992,0,acoustic_grand_piano	,0
103680,40,480,0.3228346456692913,0,acoustic_grand_piano	,1
#tempo, {"bpm":140.99997180000565,"ticks":159360,"time":145.86554679166684}
113760,69,480,0.44881889763779526,0,acoustic_grand_piano	,0
104160,45,480,0.28346456692913385,0,acoustic_grand_piano	,1
#tempo, {"bpm":143.5001602418456,"ticks":159840,"time":146.29107879166685}
113760,73,240,0.5354330708661418,0,acoustic_grand_piano	,0
104640,57,480,0.3228346456692913,0,acoustic_grand_piano	,1
#tempo, {"bpm":138.49999884583335,"ticks":160800,"time":147.12731479166686}
114000,75,240,0.5590551181102362,0,acoustic_grand_piano	,0
105120,54,1440,0.4566929133858268,0,acoustic_grand_piano	,1
#tempo, {"bpm":131.00007641671124,"ticks":161760,"time":147.99374079166685}
114240,68,960,0.4881889763779528,0,acoustic_grand_piano	,0
105120,61,240,0.5511811023622047,0,acoustic_grand_piano	,1
#tempo, {"bpm":139.4998465501688,"ticks":162240,"time":148.45175579166684}
114240,76,960,0.5826771653543307,0,acoustic_grand_piano	,0
105480,61,120,0.49606299212598426,0,acoustic_grand_piano	,1
#tempo, {"bpm":143.99988480009216,"ticks":162720,"time":148.88186379166683}
115200,69,480,0.44881889763779526,0,acoustic_grand_piano	,0
105600,62,360,0.5433070866141733,0,acoustic_grand_piano	,1
#tempo, {"bpm":139.4998465501688,"ticks":163200,"time":149.29853079166682}
115200,73,240,0.5354330708661418,0,acoustic_grand_piano	,0
106080,59,360,0.49606299212598426,0,acoustic_grand_piano	,1
#tempo, {"bpm":140.99997180000565,"ticks":163440,"time":149.51358479166683}
115440,75,120,0.5590551181102362,0,acoustic_grand_piano	,0
106560,54,1440,0.4330708661417323,0,acoustic_grand_piano	,1
#tempo, {"bpm":137.00006393336318,"ticks":163680,"time":149.72635079166682}
115560,78,120,0.5433070866141733,0,acoustic_grand_piano	,0
106560,61,160,0.5196850393700787,0,acoustic_grand_piano	,1
#tempo, {"bpm":90.99995298335763,"ticks":163920,"time":149.9453287916668}
115680,68,960,0.4881889763779528,0,acoustic_grand_piano	,0
106720,59,160,0.44881889763779526,0,acoustic_grand_piano	,1
#tempo, {"bpm":140.00014000014,"ticks":164160,"time":150.2749992916668}
115680,76,720,0.5826771653543307,0,acoustic_grand_piano	,0
106880,57,160,0.44881889763779526,0,acoustic_grand_piano	,1
#tempo, {"bpm":142.4998753126091,"ticks":164200,"time":150.3107135416668}
116400,74,240,0.5511811023622047,0,acoustic_grand_piano	,0
107040,62,360,0.5196850393700787,0,acoustic_grand_piano	,1
#tempo, {"bpm":138.9998957500782,"ticks":164880,"time":150.9072052916668}
116640,67,480,0.3937007874015748,0,acoustic_grand_piano	,0
107520,59,360,0.44881889763779526,0,acoustic_grand_piano	,1
#tempo, {"bpm":142.0000710000355,"ticks":165600,"time":151.5546877916668}
116640,73,240,0.47244094488188976,0,acoustic_grand_piano	,0
108000,54,1440,0.4566929133858268,0,acoustic_grand_piano	,1
#tempo, {"bpm":138.9998957500782,"ticks":166080,"time":151.9772227916668}
117000,73,120,0.4330708661417323,0,acoustic_grand_piano	,0
108000,61,240,0.5511811023622047,0,acoustic_grand_piano	,1
#tempo, {"bpm":133.50006007502702,"ticks":166560,"time":152.4088777916668}
117120,66,480,0.4015748031496063,0,acoustic_grand_piano	,0
108360,61,120,0.49606299212598426,0,acoustic_grand_piano	,1
#tempo, {"bpm":115.00002875000719,"ticks":166800,"time":152.6335967916668}
117120,74,480,0.48031496062992124,0,acoustic_grand_piano	,0
108480,62,360,0.5433070866141733,0,acoustic_grand_piano	,1
#tempo, {"bpm":142.0000710000355,"ticks":167040,"time":152.89446629166682}
117600,65,480,0.3858267716535433,0,acoustic_grand_piano	,0
108960,59,360,0.49606299212598426,0,acoustic_grand_piano	,1
#tempo, {"bpm":138.9998957500782,"ticks":167520,"time":153.31700129166683}
117600,71,480,0.4645669291338583,0,acoustic_grand_piano	,0
109440,54,480,0.4330708661417323,0,acoustic_grand_piano	,1
#tempo, {"bpm":144.4999698958396,"ticks":168480,"time":154.18031129166684}
118080,62,480,0.3937007874015748,0,acoustic_grand_piano	,0
109440,61,160,0.5196850393700787,0,acoustic_grand_piano	,1
#tempo, {"bpm":131.49993205836844,"ticks":168960,"time":154.59553629166683}
118080,68,360,0.47244094488188976,0,acoustic_grand_piano	,0
109600,59,160,0.44881889763779526,0,acoustic_grand_piano	,1
#tempo, {"bpm":121.39998462266861,"ticks":169440,"time":155.05181029166684}
118440,64,120,0.44881889763779526,0,acoustic_grand_piano	,0
109760,57,160,0.44881889763779526,0,acoustic_grand_piano	,1
#tempo, {"bpm":103.0000480666891,"ticks":169920,"time":155.54604429166685}
118560,61,720,0.3937007874015748,0,acoustic_grand_piano	,0
109920,42,480,0.5905511811023622,0,acoustic_grand_piano	,1
#tempo, {"bpm":113.39989907408983,"ticks":170400,"time":156.12856829166685}
118560,69,720,0.47244094488188976,0,acoustic_grand_piano	,0
109920,54,480,0.5905511811023622,0,acoustic_grand_piano	,1
#tempo, {"bpm":106.19995327202057,"ticks":170880,"time":156.65766929166685}
119280,68,240,0.3937007874015748,0,acoustic_grand_piano	,0
110400,42,480,0.5118110236220472,0,acoustic_grand_piano	,1
#tempo, {"bpm":125.39997366600554,"ticks":171360,"time":157.22264129166686}
119280,71,240,0.47244094488188976,0,acoustic_grand_piano	,0
110400,54,480,0.5118110236220472,0,acoustic_grand_piano	,1
#tempo, {"bpm":119.79993411003623,"ticks":171840,"time":157.70111029166685}
119520,67,480,0.4015748031496063,0,acoustic_grand_piano	,0
110880,54,1440,0.4566929133858268,0,acoustic_grand_piano	,1
#tempo, {"bpm":114.2000098973342,"ticks":172320,"time":158.20194529166685}
119520,73,360,0.48031496062992124,0,acoustic_grand_piano	,0
110880,61,240,0.5511811023622047,0,acoustic_grand_piano	,1
#tempo, {"bpm":104.59995746268396,"ticks":172800,"time":158.72733929166685}
119880,76,120,0.47244094488188976,0,acoustic_grand_piano	,0
111240,61,120,0.49606299212598426,0,acoustic_grand_piano	,1
#tempo, {"bpm":111.79992285805322,"ticks":173280,"time":159.30095329166684}
120000,66,480,0.41732283464566927,0,acoustic_grand_piano	,0
111360,62,360,0.5433070866141733,0,acoustic_grand_piano	,1
#tempo, {"bpm":100,"ticks":174240,"time":160.37429929166683}
120000,74,480,0.49606299212598426,0,acoustic_grand_piano	,0
111840,59,360,0.49606299212598426,0,acoustic_grand_piano	,1
120480,65,480,0.3937007874015748,0,acoustic_grand_piano	,0
112320,54,1920,0.4330708661417323,0,acoustic_grand_piano	,1
120480,71,480,0.47244094488188976,0,acoustic_grand_piano	,0
112320,61,160,0.5196850393700787,0,acoustic_grand_piano	,1
120960,62,480,0.4015748031496063,0,acoustic_grand_piano	,0
112480,59,160,0.44881889763779526,0,acoustic_grand_piano	,1
120960,68,160,0.48031496062992124,0,acoustic_grand_piano	,0
112640,57,160,0.44881889763779526,0,acoustic_grand_piano	,1
121120,66,160,0.49606299212598426,0,acoustic_grand_piano	,0
112800,62,360,0.5196850393700787,0,acoustic_grand_piano	,1
121280,64,160,0.5039370078740157,0,acoustic_grand_piano	,0
113280,59,360,0.44881889763779526,0,acoustic_grand_piano	,1
121440,61,720,0.4566929133858268,0,acoustic_grand_piano	,0
113760,61,240,0.41732283464566927,0,acoustic_grand_piano	,1
121440,69,720,0.5433070866141733,0,acoustic_grand_piano	,0
114000,59,1200,0.44881889763779526,0,acoustic_grand_piano	,1
122160,68,240,0.3937007874015748,0,acoustic_grand_piano	,0
114240,52,1440,0.4015748031496063,0,acoustic_grand_piano	,1
122160,71,240,0.47244094488188976,0,acoustic_grand_piano	,0
115200,61,240,0.41732283464566927,0,acoustic_grand_piano	,1
122400,67,60,0.3858267716535433,0,acoustic_grand_piano	,0
115440,59,1200,0.44881889763779526,0,acoustic_grand_piano	,1
122400,73,60,0.4566929133858268,0,acoustic_grand_piano	,0
115680,52,960,0.4015748031496063,0,acoustic_grand_piano	,1
122560,67,60,0.3937007874015748,0,acoustic_grand_piano	,0
116640,57,480,0.3858267716535433,0,acoustic_grand_piano	,1
122560,73,60,0.47244094488188976,0,acoustic_grand_piano	,0
117120,50,480,0.31496062992125984,0,acoustic_grand_piano	,1
122720,67,60,0.4094488188976378,0,acoustic_grand_piano	,0
117600,38,480,0.31496062992125984,0,acoustic_grand_piano	,1
122720,73,60,0.4881889763779528,0,acoustic_grand_piano	,0
118080,40,480,0.3700787401574803,0,acoustic_grand_piano	,1
122880,66,240,0.4409448818897638,0,acoustic_grand_piano	,0
118560,45,480,0.30708661417322836,0,acoustic_grand_piano	,1
122880,74,240,0.5196850393700787,0,acoustic_grand_piano	,0
119040,52,480,0.3464566929133858,0,acoustic_grand_piano	,1
123360,65,480,0.3858267716535433,0,acoustic_grand_piano	,0
119520,57,480,0.3858267716535433,0,acoustic_grand_piano	,1
123360,71,480,0.4645669291338583,0,acoustic_grand_piano	,0
120000,50,480,0.36220472440944884,0,acoustic_grand_piano	,1
123840,62,60,0.4015748031496063,0,acoustic_grand_piano	,0
120480,38,480,0.31496062992125984,0,acoustic_grand_piano	,1
123840,68,60,0.48031496062992124,0,acoustic_grand_piano	,0
120960,40,480,0.36220472440944884,0,acoustic_grand_piano	,1
124000,62,60,0.3779527559055118,0,acoustic_grand_piano	,0
121440,45,480,0.31496062992125984,0,acoustic_grand_piano	,1
124000,66,60,0.44881889763779526,0,acoustic_grand_piano	,0
121920,52,480,0.36220472440944884,0,acoustic_grand_piano	,1
124160,62,60,0.3779527559055118,0,acoustic_grand_piano	,0
122400,57,480,0.3858267716535433,0,acoustic_grand_piano	,1
124160,64,60,0.44881889763779526,0,acoustic_grand_piano	,0
122880,50,480,0.31496062992125984,0,acoustic_grand_piano	,1
124320,61,720,0.3937007874015748,0,acoustic_grand_piano	,0
123360,38,480,0.31496062992125984,0,acoustic_grand_piano	,1
124320,69,720,0.47244094488188976,0,acoustic_grand_piano	,0
123840,40,480,0.3700787401574803,0,acoustic_grand_piano	,1
125040,68,240,0.3937007874015748,0,acoustic_grand_piano	,0
124320,45,480,0.30708661417322836,0,acoustic_grand_piano	,1
125040,71,240,0.47244094488188976,0,acoustic_grand_piano	,0
124800,52,480,0.3464566929133858,0,acoustic_grand_piano	,1
125280,67,60,0.3779527559055118,0,acoustic_grand_piano	,0
125280,57,480,0.3858267716535433,0,acoustic_grand_piano	,1
125280,73,60,0.44881889763779526,0,acoustic_grand_piano	,0
125760,50,480,0.36220472440944884,0,acoustic_grand_piano	,1
125440,67,60,0.3937007874015748,0,acoustic_grand_piano	,0
126240,38,480,0.31496062992125984,0,acoustic_grand_piano	,1
125440,74,60,0.47244094488188976,0,acoustic_grand_piano	,0
126720,40,480,0.36220472440944884,0,acoustic_grand_piano	,1
125600,67,60,0.41732283464566927,0,acoustic_grand_piano	,0
127200,45,480,0.31496062992125984,0,acoustic_grand_piano	,1
125600,76,60,0.49606299212598426,0,acoustic_grand_piano	,0
127680,57,480,0.36220472440944884,0,acoustic_grand_piano	,1
125760,66,240,0.44881889763779526,0,acoustic_grand_piano	,0
128160,54,1440,0.4566929133858268,0,acoustic_grand_piano	,1
125760,74,240,0.5354330708661418,0,acoustic_grand_piano	,0
128160,61,240,0.5511811023622047,0,acoustic_grand_piano	,1
126240,65,480,0.3937007874015748,0,acoustic_grand_piano	,0
128520,61,120,0.49606299212598426,0,acoustic_grand_piano	,1
126240,71,480,0.47244094488188976,0,acoustic_grand_piano	,0
128640,62,360,0.5433070866141733,0,acoustic_grand_piano	,1
126720,62,60,0.4015748031496063,0,acoustic_grand_piano	,0
129120,59,360,0.49606299212598426,0,acoustic_grand_piano	,1
126720,68,60,0.48031496062992124,0,acoustic_grand_piano	,0
129600,54,1440,0.4330708661417323,0,acoustic_grand_piano	,1
126880,62,60,0.4015748031496063,0,acoustic_grand_piano	,0
129600,61,160,0.5196850393700787,0,acoustic_grand_piano	,1
126880,66,60,0.49606299212598426,0,acoustic_grand_piano	,0
129760,59,160,0.44881889763779526,0,acoustic_grand_piano	,1
127040,62,60,0.4015748031496063,0,acoustic_grand_piano	,0
129920,57,160,0.44881889763779526,0,acoustic_grand_piano	,1
127040,64,60,0.5039370078740157,0,acoustic_grand_piano	,0
130080,62,360,0.5196850393700787,0,acoustic_grand_piano	,1
127200,61,960,0.44881889763779526,0,acoustic_grand_piano	,0
130560,59,360,0.44881889763779526,0,acoustic_grand_piano	,1
127200,69,960,0.5354330708661418,0,acoustic_grand_piano	,0
131040,54,1440,0.4566929133858268,0,acoustic_grand_piano	,1
128160,73,240,0.6299212598425197,0,acoustic_grand_piano	,0
131040,61,240,0.5511811023622047,0,acoustic_grand_piano	,1
128160,69,240,0.5354330708661418,0,acoustic_grand_piano	,0
131400,61,120,0.49606299212598426,0,acoustic_grand_piano	,1
128520,73,120,0.5905511811023622,0,acoustic_grand_piano	,0
131520,62,360,0.5433070866141733,0,acoustic_grand_piano	,1
128520,69,120,0.5039370078740157,0,acoustic_grand_piano	,0
132000,59,360,0.49606299212598426,0,acoustic_grand_piano	,1
128640,74,360,0.6220472440944882,0,acoustic_grand_piano	,0
132480,54,480,0.4330708661417323,0,acoustic_grand_piano	,1
128640,71,360,0.5275590551181102,0,acoustic_grand_piano	,0
132480,61,160,0.5196850393700787,0,acoustic_grand_piano	,1
129120,71,360,0.5669291338582677,0,acoustic_grand_piano	,0
132640,59,160,0.44881889763779526,0,acoustic_grand_piano	,1
129120,68,360,0.47244094488188976,0,acoustic_grand_piano	,0
132800,57,160,0.44881889763779526,0,acoustic_grand_piano	,1
129600,69,160,0.5118110236220472,0,acoustic_grand_piano	,0
132960,42,480,0.5905511811023622,0,acoustic_grand_piano	,1
129600,73,160,0.6062992125984252,0,acoustic_grand_piano	,0
132960,54,480,0.5905511811023622,0,acoustic_grand_piano	,1
129760,68,160,0.47244094488188976,0,acoustic_grand_piano	,0
133440,42,480,0.5118110236220472,0,acoustic_grand_piano	,1
129760,71,160,0.5669291338582677,0,acoustic_grand_piano	,0
133440,54,480,0.5118110236220472,0,acoustic_grand_piano	,1
129920,69,160,0.5669291338582677,0,acoustic_grand_piano	,0
133920,54,1440,0.4566929133858268,0,acoustic_grand_piano	,1
129920,66,160,0.47244094488188976,0,acoustic_grand_piano	,0
133920,61,240,0.5511811023622047,0,acoustic_grand_piano	,1
130080,71,360,0.5196850393700787,0,acoustic_grand_piano	,0
134280,61,120,0.49606299212598426,0,acoustic_grand_piano	,1
130080,74,360,0.6141732283464567,0,acoustic_grand_piano	,0
134400,62,360,0.5433070866141733,0,acoustic_grand_piano	,1
130560,68,360,0.48031496062992124,0,acoustic_grand_piano	,0
134880,59,360,0.49606299212598426,0,acoustic_grand_piano	,1
130560,71,360,0.5748031496062992,0,acoustic_grand_piano	,0
135360,54,1920,0.4330708661417323,0,acoustic_grand_piano	,1
131040,73,240,0.6299212598425197,0,acoustic_grand_piano	,0
135360,61,160,0.5196850393700787,0,acoustic_grand_piano	,1
131040,69,240,0.5354330708661418,0,acoustic_grand_piano	,0
135520,59,160,0.44881889763779526,0,acoustic_grand_piano	,1
131400,73,120,0.5905511811023622,0,acoustic_grand_piano	,0
135680,57,160,0.44881889763779526,0,acoustic_grand_piano	,1
131400,69,120,0.5039370078740157,0,acoustic_grand_piano	,0
135840,62,360,0.5196850393700787,0,acoustic_grand_piano	,1
131520,74,360,0.6220472440944882,0,acoustic_grand_piano	,0
136320,59,360,0.44881889763779526,0,acoustic_grand_piano	,1
131520,71,360,0.5275590551181102,0,acoustic_grand_piano	,0
136800,61,240,0.41732283464566927,0,acoustic_grand_piano	,1
132000,71,360,0.5669291338582677,0,acoustic_grand_piano	,0
137040,59,1200,0.44881889763779526,0,acoustic_grand_piano	,1
132000,68,360,0.47244094488188976,0,acoustic_grand_piano	,0
137280,52,1440,0.4015748031496063,0,acoustic_grand_piano	,1
132480,69,160,0.5118110236220472,0,acoustic_grand_piano	,0
138240,61,240,0.41732283464566927,0,acoustic_grand_piano	,1
132480,73,160,0.6062992125984252,0,acoustic_grand_piano	,0
138480,59,1200,0.44881889763779526,0,acoustic_grand_piano	,1
132640,68,160,0.47244094488188976,0,acoustic_grand_piano	,0
138720,52,960,0.4015748031496063,0,acoustic_grand_piano	,1
132640,71,160,0.5669291338582677,0,acoustic_grand_piano	,0
139680,57,480,0.3858267716535433,0,acoustic_grand_piano	,1
132800,69,160,0.5669291338582677,0,acoustic_grand_piano	,0
140160,50,480,0.31496062992125984,0,acoustic_grand_piano	,1
132800,66,160,0.47244094488188976,0,acoustic_grand_piano	,0
140640,38,480,0.31496062992125984,0,acoustic_grand_piano	,1
132960,78,480,0.5905511811023622,0,acoustic_grand_piano	,0
141120,40,480,0.3700787401574803,0,acoustic_grand_piano	,1
132960,90,480,0.7007874015748031,0,acoustic_grand_piano	,0
141600,45,480,0.30708661417322836,0,acoustic_grand_piano	,1
133440,78,480,0.5511811023622047,0,acoustic_grand_piano	,0
142080,52,480,0.3464566929133858,0,acoustic_grand_piano	,1
133440,90,480,0.6535433070866141,0,acoustic_grand_piano	,0
142560,57,480,0.3858267716535433,0,acoustic_grand_piano	,1
133920,73,240,0.6299212598425197,0,acoustic_grand_piano	,0
143040,50,480,0.36220472440944884,0,acoustic_grand_piano	,1
133920,69,240,0.5354330708661418,0,acoustic_grand_piano	,0
143520,38,480,0.31496062992125984,0,acoustic_grand_piano	,1
134280,73,120,0.5905511811023622,0,acoustic_grand_piano	,0
144000,40,480,0.36220472440944884,0,acoustic_grand_piano	,1
134280,69,120,0.5039370078740157,0,acoustic_grand_piano	,0
144480,45,480,0.31496062992125984,0,acoustic_grand_piano	,1
134400,74,360,0.6220472440944882,0,acoustic_grand_piano	,0
144960,52,480,0.36220472440944884,0,acoustic_grand_piano	,1
134400,71,360,0.5275590551181102,0,acoustic_grand_piano	,0
145440,57,480,0.3858267716535433,0,acoustic_grand_piano	,1
134880,71,360,0.5669291338582677,0,acoustic_grand_piano	,0
145920,50,480,0.31496062992125984,0,acoustic_grand_piano	,1
134880,68,360,0.47244094488188976,0,acoustic_grand_piano	,0
146400,38,480,0.31496062992125984,0,acoustic_grand_piano	,1
135360,69,160,0.5118110236220472,0,acoustic_grand_piano	,0
146880,40,480,0.3700787401574803,0,acoustic_grand_piano	,1
135360,73,160,0.6062992125984252,0,acoustic_grand_piano	,0
147360,45,480,0.30708661417322836,0,acoustic_grand_piano	,1
135520,68,160,0.47244094488188976,0,acoustic_grand_piano	,0
147840,52,480,0.3464566929133858,0,acoustic_grand_piano	,1
135520,71,160,0.5669291338582677,0,acoustic_grand_piano	,0
148320,57,480,0.3858267716535433,0,acoustic_grand_piano	,1
135680,69,160,0.5669291338582677,0,acoustic_grand_piano	,0
148800,50,480,0.36220472440944884,0,acoustic_grand_piano	,1
135680,66,160,0.47244094488188976,0,acoustic_grand_piano	,0
149280,38,480,0.31496062992125984,0,acoustic_grand_piano	,1
135840,71,360,0.5196850393700787,0,acoustic_grand_piano	,0
149760,40,480,0.36220472440944884,0,acoustic_grand_piano	,1
135840,74,360,0.6141732283464567,0,acoustic_grand_piano	,0
150240,33,480,0.2677165354330709,0,acoustic_grand_piano	,1
136320,68,360,0.48031496062992124,0,acoustic_grand_piano	,0
150240,45,480,0.31496062992125984,0,acoustic_grand_piano	,1
136320,71,360,0.5748031496062992,0,acoustic_grand_piano	,0
151680,65,480,0.2125984251968504,0,acoustic_grand_piano	,1
136800,69,480,0.44881889763779526,0,acoustic_grand_piano	,0
151680,62,480,0.1732283464566929,0,acoustic_grand_piano	,1
136800,73,240,0.5354330708661418,0,acoustic_grand_piano	,0
151680,57,480,0.1732283464566929,0,acoustic_grand_piano	,1
137040,75,240,0.5590551181102362,0,acoustic_grand_piano	,0
152160,65,480,0.2125984251968504,0,acoustic_grand_piano	,1
137280,68,960,0.4881889763779528,0,acoustic_grand_piano	,0
152160,62,480,0.1732283464566929,0,acoustic_grand_piano	,1
137280,76,960,0.5826771653543307,0,acoustic_grand_piano	,0
152160,57,480,0.1732283464566929,0,acoustic_grand_piano	,1
138240,69,480,0.44881889763779526,0,acoustic_grand_piano	,0
153120,65,480,0.1968503937007874,0,acoustic_grand_piano	,1
138240,73,240,0.5354330708661418,0,acoustic_grand_piano	,0
153120,60,480,0.16535433070866143,0,acoustic_grand_piano	,1
138480,75,120,0.5590551181102362,0,acoustic_grand_piano	,0
153120,57,480,0.16535433070866143,0,acoustic_grand_piano	,1
138600,78,120,0.5433070866141733,0,acoustic_grand_piano	,0
153600,64,480,0.1968503937007874,0,acoustic_grand_piano	,1
138720,68,960,0.4881889763779528,0,acoustic_grand_piano	,0
153600,60,480,0.16535433070866143,0,acoustic_grand_piano	,1
138720,76,720,0.5826771653543307,0,acoustic_grand_piano	,0
153600,57,480,0.16535433070866143,0,acoustic_grand_piano	,1
139440,74,240,0.5511811023622047,0,acoustic_grand_piano	,0
154560,62,480,0.2204724409448819,0,acoustic_grand_piano	,1
139680,67,480,0.3937007874015748,0,acoustic_grand_piano	,0
154560,52,480,0.18110236220472442,0,acoustic_grand_piano	,1
139680,73,240,0.47244094488188976,0,acoustic_grand_piano	,0
154560,56,480,0.18110236220472442,0,acoustic_grand_piano	,1
140040,73,120,0.4330708661417323,0,acoustic_grand_piano	,0
155040,62,480,0.1968503937007874,0,acoustic_grand_piano	,1
140160,66,480,0.4015748031496063,0,acoustic_grand_piano	,0
155040,56,480,0.16535433070866143,0,acoustic_grand_piano	,1
140160,74,480,0.48031496062992124,0,acoustic_grand_piano	,0
155040,52,480,0.16535433070866143,0,acoustic_grand_piano	,1
140640,65,480,0.3858267716535433,0,acoustic_grand_piano	,0
156000,45,480,0.23622047244094488,0,acoustic_grand_piano	,1
140640,71,480,0.4645669291338583,0,acoustic_grand_piano	,0
156480,60,480,0.2204724409448819,0,acoustic_grand_piano	,1
141120,62,480,0.3937007874015748,0,acoustic_grand_piano	,0
156480,52,480,0.1732283464566929,0,acoustic_grand_piano	,1
141120,68,360,0.47244094488188976,0,acoustic_grand_piano	,0
157440,52,240,0.30708661417322836,0,acoustic_grand_piano	,1
141480,64,120,0.44881889763779526,0,acoustic_grand_piano	,0
157440,60,240,0.36220472440944884,0,acoustic_grand_piano	,1
141600,61,720,0.3937007874015748,0,acoustic_grand_piano	,0
157920,45,240,0.3779527559055118,0,acoustic_grand_piano	,1
141600,69,720,0.47244094488188976,0,acoustic_grand_piano	,0
158880,52,480,0.3228346456692913,0,acoustic_grand_piano	,1
142320,68,240,0.3937007874015748,0,acoustic_grand_piano	,0
158880,59,480,0.3858267716535433,0,acoustic_grand_piano	,1
142320,71,240,0.47244094488188976,0,acoustic_grand_piano	,0
158880,55,480,0.3228346456692913,0,acoustic_grand_piano	,1
142560,67,480,0.4015748031496063,0,acoustic_grand_piano	,0
159360,47,480,0.4409448818897638,0,acoustic_grand_piano	,1
142560,73,360,0.48031496062992124,0,acoustic_grand_piano	,0
160320,47,480,0.3543307086614173,0,acoustic_grand_piano	,1
142920,76,120,0.47244094488188976,0,acoustic_grand_piano	,0
160320,55,480,0.3543307086614173,0,acoustic_grand_piano	,1
143040,66,480,0.41732283464566927,0,acoustic_grand_piano	,0
160320,59,480,0.4251968503937008,0,acoustic_grand_piano	,1
143040,74,480,0.49606299212598426,0,acoustic_grand_piano	,0
160800,47,480,0.3228346456692913,0,acoustic_grand_piano	,1
143520,65,480,0.3937007874015748,0,acoustic_grand_piano	,0
160800,54,480,0.3228346456692913,0,acoustic_grand_piano	,1
143520,71,480,0.47244094488188976,0,acoustic_grand_piano	,0
160800,59,480,0.3858267716535433,0,acoustic_grand_piano	,1
144000,62,480,0.4015748031496063,0,acoustic_grand_piano	,0
161280,52,480,0.3543307086614173,0,acoustic_grand_piano	,1
144000,68,160,0.48031496062992124,0,acoustic_grand_piano	,0
161280,55,480,0.3543307086614173,0,acoustic_grand_piano	,1
144160,66,160,0.49606299212598426,0,acoustic_grand_piano	,0
161280,59,480,0.4251968503937008,0,acoustic_grand_piano	,1
144320,64,160,0.5039370078740157,0,acoustic_grand_piano	,0
161760,40,480,0.3937007874015748,0,acoustic_grand_piano	,1
144480,61,720,0.4566929133858268,0,acoustic_grand_piano	,0
163200,65,480,0.2125984251968504,0,acoustic_grand_piano	,1
144480,69,720,0.5433070866141733,0,acoustic_grand_piano	,0
163200,62,480,0.1732283464566929,0,acoustic_grand_piano	,1
145200,68,240,0.3937007874015748,0,acoustic_grand_piano	,0
163200,57,480,0.1732283464566929,0,acoustic_grand_piano	,1
145200,71,240,0.47244094488188976,0,acoustic_grand_piano	,0
163680,65,480,0.2125984251968504,0,acoustic_grand_piano	,1
145440,67,60,0.3858267716535433,0,acoustic_grand_piano	,0
163680,62,480,0.1732283464566929,0,acoustic_grand_piano	,1
145440,73,60,0.4566929133858268,0,acoustic_grand_piano	,0
163680,57,480,0.1732283464566929,0,acoustic_grand_piano	,1
145600,67,60,0.3937007874015748,0,acoustic_grand_piano	,0
164640,65,480,0.1968503937007874,0,acoustic_grand_piano	,1
145600,73,60,0.47244094488188976,0,acoustic_grand_piano	,0
164640,60,480,0.16535433070866143,0,acoustic_grand_piano	,1
145760,67,60,0.4094488188976378,0,acoustic_grand_piano	,0
164640,57,480,0.16535433070866143,0,acoustic_grand_piano	,1
145760,73,60,0.4881889763779528,0,acoustic_grand_piano	,0
165120,64,480,0.1968503937007874,0,acoustic_grand_piano	,1
145920,66,240,0.4409448818897638,0,acoustic_grand_piano	,0
165120,60,480,0.16535433070866143,0,acoustic_grand_piano	,1
145920,74,240,0.5196850393700787,0,acoustic_grand_piano	,0
165120,57,480,0.16535433070866143,0,acoustic_grand_piano	,1
146400,65,480,0.3858267716535433,0,acoustic_grand_piano	,0
166080,62,480,0.2204724409448819,0,acoustic_grand_piano	,1
146400,71,480,0.4645669291338583,0,acoustic_grand_piano	,0
166080,52,480,0.18110236220472442,0,acoustic_grand_piano	,1
146880,62,60,0.4015748031496063,0,acoustic_grand_piano	,0
166080,56,480,0.18110236220472442,0,acoustic_grand_piano	,1
146880,68,60,0.48031496062992124,0,acoustic_grand_piano	,0
166560,62,480,0.1968503937007874,0,acoustic_grand_piano	,1
147040,62,60,0.3779527559055118,0,acoustic_grand_piano	,0
166560,56,480,0.16535433070866143,0,acoustic_grand_piano	,1
147040,66,60,0.44881889763779526,0,acoustic_grand_piano	,0
166560,52,480,0.16535433070866143,0,acoustic_grand_piano	,1
147200,62,60,0.3779527559055118,0,acoustic_grand_piano	,0
167520,53,480,0.16535433070866143,0,acoustic_grand_piano	,1
147200,64,60,0.44881889763779526,0,acoustic_grand_piano	,0
167520,57,480,0.16535433070866143,0,acoustic_grand_piano	,1
147360,61,720,0.3937007874015748,0,acoustic_grand_piano	,0
167520,62,480,0.2204724409448819,0,acoustic_grand_piano	,1
147360,69,720,0.47244094488188976,0,acoustic_grand_piano	,0
168000,57,480,0.16535433070866143,0,acoustic_grand_piano	,1
148080,68,240,0.3937007874015748,0,acoustic_grand_piano	,0
168000,60,480,0.2047244094488189,0,acoustic_grand_piano	,1
148080,71,240,0.47244094488188976,0,acoustic_grand_piano	,0
168000,53,480,0.16535433070866143,0,acoustic_grand_piano	,1
148320,67,60,0.3779527559055118,0,acoustic_grand_piano	,0
168960,60,480,0.2047244094488189,0,acoustic_grand_piano	,1
148320,73,60,0.44881889763779526,0,acoustic_grand_piano	,0
168960,53,480,0.2047244094488189,0,acoustic_grand_piano	,1
148480,67,60,0.3937007874015748,0,acoustic_grand_piano	,0
168960,63,480,0.23622047244094488,0,acoustic_grand_piano	,1
148480,74,60,0.47244094488188976,0,acoustic_grand_piano	,0
169440,53,480,0.2047244094488189,0,acoustic_grand_piano	,1
148640,67,60,0.41732283464566927,0,acoustic_grand_piano	,0
169440,60,480,0.2047244094488189,0,acoustic_grand_piano	,1
148640,76,60,0.49606299212598426,0,acoustic_grand_piano	,0
169440,63,480,0.23622047244094488,0,acoustic_grand_piano	,1
148800,66,240,0.44881889763779526,0,acoustic_grand_piano	,0
169920,58,960,0.23622047244094488,0,acoustic_grand_piano	,1
148800,74,240,0.5354330708661418,0,acoustic_grand_piano	,0
169920,62,480,0.25984251968503935,0,acoustic_grand_piano	,1
149280,65,480,0.3937007874015748,0,acoustic_grand_piano	,0
170400,65,480,0.25984251968503935,0,acoustic_grand_piano	,1
149280,71,480,0.47244094488188976,0,acoustic_grand_piano	,0
171840,52,480,0.1889763779527559,0,acoustic_grand_piano	,1
149760,62,60,0.4015748031496063,0,acoustic_grand_piano	,0
171840,59,480,0.2283464566929134,0,acoustic_grand_piano	,1
149760,68,60,0.48031496062992124,0,acoustic_grand_piano	,0
172320,52,480,0.1732283464566929,0,acoustic_grand_piano	,1
149920,62,60,0.4015748031496063,0,acoustic_grand_piano	,0
172320,59,480,0.2047244094488189,0,acoustic_grand_piano	,1
149920,66,60,0.49606299212598426,0,acoustic_grand_piano	,0
172800,45,480,0.1889763779527559,0,acoustic_grand_piano	,1
150080,62,60,0.4015748031496063,0,acoustic_grand_piano	,0
172800,52,480,0.2283464566929134,0,acoustic_grand_piano	,1
150080,64,60,0.5039370078740157,0,acoustic_grand_piano	,0
173280,33,480,0.1968503937007874,0,acoustic_grand_piano	,1
150240,61,480,0.44881889763779526,0,acoustic_grand_piano	,0
150240,69,480,0.5354330708661418,0,acoustic_grand_piano	,0
150720,76,480,0.3543307086614173,0,acoustic_grand_piano	,0
151200,77,360,0.36220472440944884,0,acoustic_grand_piano	,0
151560,76,120,0.3543307086614173,0,acoustic_grand_piano	,0
151680,74,480,0.3543307086614173,0,acoustic_grand_piano	,0
152160,77,475,0.3779527559055118,0,acoustic_grand_piano	,0
152640,77,960,0.3700787401574803,0,acoustic_grand_piano	,0
153600,76,480,0.33858267716535434,0,acoustic_grand_piano	,0
154080,74,80,0.33070866141732286,0,acoustic_grand_piano	,0
154160,76,80,0.33858267716535434,0,acoustic_grand_piano	,0
154240,74,80,0.3464566929133858,0,acoustic_grand_piano	,0
154320,73,240,0.3543307086614173,0,acoustic_grand_piano	,0
154560,74,240,0.3700787401574803,0,acoustic_grand_piano	,0
154800,75,240,0.3543307086614173,0,acoustic_grand_piano	,0
155040,76,240,0.4015748031496063,0,acoustic_grand_piano	,0
155280,71,240,0.36220472440944884,0,acoustic_grand_piano	,0
155520,74,960,0.4251968503937008,0,acoustic_grand_piano	,0
156480,72,480,0.3543307086614173,0,acoustic_grand_piano	,0
156960,69,160,0.4881889763779528,0,acoustic_grand_piano	,0
157120,71,160,0.44881889763779526,0,acoustic_grand_piano	,0
157280,69,160,0.44881889763779526,0,acoustic_grand_piano	,0
157440,68,240,0.49606299212598426,0,acoustic_grand_piano	,0
157920,69,240,0.5275590551181102,0,acoustic_grand_piano	,0
158400,71,240,0.5511811023622047,0,acoustic_grand_piano	,0
158880,76,960,0.5669291338582677,0,acoustic_grand_piano	,0
159840,71,240,0.5984251968503937,0,acoustic_grand_piano	,0
160080,67,240,0.5748031496062992,0,acoustic_grand_piano	,0
160320,64,240,0.5984251968503937,0,acoustic_grand_piano	,0
160560,71,240,0.5590551181102362,0,acoustic_grand_piano	,0
160800,63,480,0.5748031496062992,0,acoustic_grand_piano	,0
161280,64,960,0.5984251968503937,0,acoustic_grand_piano	,0
162240,76,480,0.3543307086614173,0,acoustic_grand_piano	,0
162720,77,360,0.36220472440944884,0,acoustic_grand_piano	,0
163080,76,120,0.3543307086614173,0,acoustic_grand_piano	,0
163200,74,480,0.3543307086614173,0,acoustic_grand_piano	,0
163680,77,476,0.3779527559055118,0,acoustic_grand_piano	,0
164160,77,960,0.3700787401574803,0,acoustic_grand_piano	,0
165120,76,480,0.33858267716535434,0,acoustic_grand_piano	,0
165600,74,80,0.33070866141732286,0,acoustic_grand_piano	,0
165680,76,80,0.33858267716535434,0,acoustic_grand_piano	,0
165760,74,80,0.3464566929133858,0,acoustic_grand_piano	,0
165840,73,240,0.3543307086614173,0,acoustic_grand_piano	,0
166080,74,240,0.3700787401574803,0,acoustic_grand_piano	,0
166320,75,240,0.3543307086614173,0,acoustic_grand_piano	,0
166560,76,240,0.3700787401574803,0,acoustic_grand_piano	,0
166800,71,115,0.33070866141732286,0,acoustic_grand_piano	,0
166920,71,120,0.33070866141732286,0,acoustic_grand_piano	,0
167040,74,960,0.41732283464566927,0,acoustic_grand_piano	,0
168000,72,480,0.3543307086614173,0,acoustic_grand_piano	,0
168480,69,160,0.3228346456692913,0,acoustic_grand_piano	,0
168640,70,160,0.2992125984251969,0,acoustic_grand_piano	,0
168800,69,160,0.2992125984251969,0,acoustic_grand_piano	,0
168960,67,480,0.33070866141732286,0,acoustic_grand_piano	,0
169440,69,480,0.3543307086614173,0,acoustic_grand_piano	,0
169920,70,480,0.3700787401574803,0,acoustic_grand_piano	,0
170400,74,480,0.3779527559055118,0,acoustic_grand_piano	,0
171360,69,360,0.31496062992125984,0,acoustic_grand_piano	,0
171720,68,120,0.29133858267716534,0,acoustic_grand_piano	,0
171840,62,480,0.2677165354330709,0,acoustic_grand_piano	,0
171840,64,480,0.31496062992125984,0,acoustic_grand_piano	,0
172320,68,480,0.2992125984251969,0,acoustic_grand_piano	,0
172320,62,480,0.25196850393700787,0,acoustic_grand_piano	,0
172800,60,480,0.25984251968503935,0,acoustic_grand_piano	,0
172800,69,960,0.30708661417322836,0,acoustic_grand_piano	,0
