480,64,120,0.7086614173228346,0,acoustic_grand_piano	,0
0,48,115,0.8110236220472441,0,acoustic_grand_piano	,1
600,60,120,0.6062992125984252,0,acoustic_grand_piano	,0
120,48,3720,0.6062992125984252,0,acoustic_grand_piano	,1
720,67,120,0.6299212598425197,0,acoustic_grand_piano	,0
240,55,120,0.6299212598425197,0,acoustic_grand_piano	,1
840,72,120,0.6141732283464567,0,acoustic_grand_piano	,0
360,60,120,0.6062992125984252,0,acoustic_grand_piano	,1
960,76,120,0.7322834645669292,0,acoustic_grand_piano	,0
#tempo, {"bpm":166.5001665001665,"ticks":2880,"time":2.068968}
1080,72,120,0.6220472440944882,0,acoustic_grand_piano	,0
1200,79,120,0.6456692913385826,0,acoustic_grand_piano	,0
#tempo, {"bpm":138.9998957500782,"ticks":3720,"time":2.699598}
1320,84,120,0.6299212598425197,0,acoustic_grand_piano	,0
3600,55,120,0.6299212598425197,0,acoustic_grand_piano	,1
#tempo, {"bpm":172.00010320006191,"ticks":3840,"time":2.8075117499999998}
1440,88,120,0.7322834645669292,0,acoustic_grand_piano	,0
3720,48,120,0.6062992125984252,0,acoustic_grand_piano	,1
#tempo, {"bpm":167.4999790625026,"ticks":4800,"time":3.50518575}
1560,84,120,0.6299212598425197,0,acoustic_grand_piano	,0
3840,29,1920,0.6929133858267716,0,acoustic_grand_piano	,1
1680,91,120,0.6535433070866141,0,acoustic_grand_piano	,0
3840,41,1920,0.8188976377952756,0,acoustic_grand_piano	,1
#tempo, {"bpm":156.9998377668343,"ticks":5640,"time":4.1320515}
1800,96,120,0.6377952755905512,0,acoustic_grand_piano	,0
3960,48,120,0.6299212598425197,0,acoustic_grand_piano	,1
#tempo, {"bpm":172.00010320006191,"ticks":5760,"time":4.227593000000001}
1920,100,120,0.7480314960629921,0,acoustic_grand_piano	,0
4080,57,120,0.6299212598425197,0,acoustic_grand_piano	,1
2040,96,120,0.6299212598425197,0,acoustic_grand_piano	,0
4200,60,120,0.6062992125984252,0,acoustic_grand_piano	,1
2160,91,120,0.6614173228346457,0,acoustic_grand_piano	,0
5760,30,1920,0.6692913385826772,0,acoustic_grand_piano	,1
#tempo, {"bpm":137.49988541676214,"ticks":7560,"time":5.535731750000001}
2280,84,120,0.6299212598425197,0,acoustic_grand_piano	,0
5760,42,1920,0.7952755905511811,0,acoustic_grand_piano	,1
#tempo, {"bpm":169.50014407512248,"ticks":7680,"time":5.644822750000001}
2400,88,120,0.7401574803149606,0,acoustic_grand_piano	,0
7440,57,120,0.6299212598425197,0,acoustic_grand_piano	,1
#tempo, {"bpm":162.49989843756347,"ticks":8640,"time":6.352786750000001}
2520,84,120,0.6299212598425197,0,acoustic_grand_piano	,0
7560,48,120,0.6062992125984252,0,acoustic_grand_piano	,1
#tempo, {"bpm":159.0002067002687,"ticks":9120,"time":6.722017750000001}
2640,79,120,0.6535433070866141,0,acoustic_grand_piano	,0
7680,31,960,0.6692913385826772,0,acoustic_grand_piano	,1
#tempo, {"bpm":166.5001665001665,"ticks":9600,"time":7.099375750000001}
2760,72,120,0.6220472440944882,0,acoustic_grand_piano	,0
7680,43,960,0.7952755905511811,0,acoustic_grand_piano	,1
2880,76,120,0.7322834645669292,0,acoustic_grand_piano	,0
7800,47,120,0.6299212598425197,0,acoustic_grand_piano	,1
3000,72,120,0.6220472440944882,0,acoustic_grand_piano	,0
7920,55,120,0.6062992125984252,0,acoustic_grand_piano	,1
3120,67,120,0.6377952755905512,0,acoustic_grand_piano	,0
8040,59,120,0.6299212598425197,0,acoustic_grand_piano	,1
#tempo, {"bpm":152.99994645001874,"ticks":11400,"time":8.45072575}
3240,60,120,0.6141732283464567,0,acoustic_grand_piano	,0
8640,30,480,0.6771653543307087,0,acoustic_grand_piano	,1
#tempo, {"bpm":172.5000431250108,"ticks":11520,"time":8.548765}
3360,64,120,0.7244094488188977,0,acoustic_grand_piano	,0
8640,42,480,0.8031496062992126,0,acoustic_grand_piano	,1
3480,60,120,0.5984251968503937,0,acoustic_grand_piano	,0
9120,28,480,0.6456692913385826,0,acoustic_grand_piano	,1
4320,65,120,0.7165354330708661,0,acoustic_grand_piano	,0
9120,40,480,0.7637795275590551,0,acoustic_grand_piano	,1
4440,60,120,0.6062992125984252,0,acoustic_grand_piano	,0
9600,26,1920,0.6771653543307087,0,acoustic_grand_piano	,1
4560,69,120,0.6299212598425197,0,acoustic_grand_piano	,0
9600,38,1920,0.8031496062992126,0,acoustic_grand_piano	,1
4680,72,120,0.6141732283464567,0,acoustic_grand_piano	,0
11160,57,120,0.6299212598425197,0,acoustic_grand_piano	,1
4800,77,120,0.7322834645669292,0,acoustic_grand_piano	,0
11280,54,120,0.6299212598425197,0,acoustic_grand_piano	,1
#tempo, {"bpm":145.9999659333413,"ticks":15240,"time":11.2444165}
4920,72,120,0.6141732283464567,0,acoustic_grand_piano	,0
11400,48,120,0.6299212598425197,0,acoustic_grand_piano	,1
#tempo, {"bpm":173.99979120025057,"ticks":15360,"time":11.34715625}
5040,81,120,0.6456692913385826,0,acoustic_grand_piano	,0
11520,31,3840,0.6692913385826772,0,acoustic_grand_piano	,1
5160,84,120,0.6299212598425197,0,acoustic_grand_piano	,0
11520,43,3840,0.7952755905511811,0,acoustic_grand_piano	,1
5280,89,120,0.7401574803149606,0,acoustic_grand_piano	,0
11640,48,120,0.6062992125984252,0,acoustic_grand_piano	,1
5400,84,120,0.6377952755905512,0,acoustic_grand_piano	,0
11760,53,120,0.6299212598425197,0,acoustic_grand_piano	,1
5520,93,120,0.6535433070866141,0,acoustic_grand_piano	,0
11880,56,120,0.6062992125984252,0,acoustic_grand_piano	,1
#tempo, {"bpm":171.50011147507246,"ticks":18240,"time":13.41612425}
5640,96,120,0.6299212598425197,0,acoustic_grand_piano	,0
15000,55,120,0.6062992125984252,0,acoustic_grand_piano	,1
5760,100,120,0.7559055118110236,0,acoustic_grand_piano	,0
15120,53,120,0.6299212598425197,0,acoustic_grand_piano	,1
#tempo, {"bpm":156.9998377668343,"ticks":19080,"time":14.028368749999998}
5880,96,120,0.6299212598425197,0,acoustic_grand_piano	,0
15240,47,120,0.6062992125984252,0,acoustic_grand_piano	,1
#tempo, {"bpm":172.99990485005233,"ticks":19200,"time":14.123910249999998}
6000,93,120,0.6614173228346457,0,acoustic_grand_piano	,0
15360,36,3840,0.6692913385826772,0,acoustic_grand_piano	,1
6120,84,120,0.6299212598425197,0,acoustic_grand_piano	,0
15360,48,115,0.7952755905511811,0,acoustic_grand_piano	,1
6240,88,120,0.7480314960629921,0,acoustic_grand_piano	,0
15480,48,3720,0.5984251968503937,0,acoustic_grand_piano	,1
#tempo, {"bpm":171.50011147507246,"ticks":21120,"time":15.511194249999997}
6360,84,120,0.6299212598425197,0,acoustic_grand_piano	,0
15600,55,120,0.6299212598425197,0,acoustic_grand_piano	,1
6480,81,120,0.6535433070866141,0,acoustic_grand_piano	,0
15720,60,120,0.5984251968503937,0,acoustic_grand_piano	,1
6600,72,120,0.6220472440944882,0,acoustic_grand_piano	,0
18960,55,120,0.6299212598425197,0,acoustic_grand_piano	,1
6720,76,120,0.7322834645669292,0,acoustic_grand_piano	,0
19080,48,120,0.6062992125984252,0,acoustic_grand_piano	,1
#tempo, {"bpm":161.5000121125009,"ticks":22920,"time":16.823146749999996}
6840,72,120,0.6141732283464567,0,acoustic_grand_piano	,0
19200,33,3840,0.6771653543307087,0,acoustic_grand_piano	,1
#tempo, {"bpm":172.00010320006191,"ticks":23040,"time":16.916025999999995}
6960,69,120,0.6377952755905512,0,acoustic_grand_piano	,0
19200,45,3840,0.8110236220472441,0,acoustic_grand_piano	,1
7080,60,120,0.6062992125984252,0,acoustic_grand_piano	,0
19320,48,120,0.6062992125984252,0,acoustic_grand_piano	,1
7200,62,120,0.7244094488188977,0,acoustic_grand_piano	,0
19440,53,120,0.6299212598425197,0,acoustic_grand_piano	,1
#tempo, {"bpm":170.50007672503452,"ticks":24960,"time":18.311373999999994}
7320,60,120,0.5984251968503937,0,acoustic_grand_piano	,0
19560,60,120,0.6062992125984252,0,acoustic_grand_piano	,1
8160,62,120,0.7086614173228346,0,acoustic_grand_piano	,0
22800,54,120,0.6299212598425197,0,acoustic_grand_piano	,1
8280,59,120,0.6062992125984252,0,acoustic_grand_piano	,0
22920,48,120,0.6062992125984252,0,acoustic_grand_piano	,1
8400,67,120,0.6299212598425197,0,acoustic_grand_piano	,0
23040,31,3840,0.6377952755905512,0,acoustic_grand_piano	,1
#tempo, {"bpm":154.4998068752414,"ticks":26760,"time":19.631021499999992}
8520,71,120,0.6141732283464567,0,acoustic_grand_piano	,0
23040,43,3840,0.7559055118110236,0,acoustic_grand_piano	,1
#tempo, {"bpm":173.50016337932053,"ticks":26880,"time":19.728108999999993}
8640,74,120,0.7322834645669292,0,acoustic_grand_piano	,0
23160,48,120,0.5748031496062992,0,acoustic_grand_piano	,1
8760,71,120,0.6220472440944882,0,acoustic_grand_piano	,0
23280,55,120,0.5984251968503937,0,acoustic_grand_piano	,1
8880,79,120,0.6456692913385826,0,acoustic_grand_piano	,0
23400,60,120,0.5826771653543307,0,acoustic_grand_piano	,1
9000,83,120,0.6299212598425197,0,acoustic_grand_piano	,0
26640,55,120,0.5984251968503937,0,acoustic_grand_piano	,1
9120,86,120,0.7401574803149606,0,acoustic_grand_piano	,0
26760,47,120,0.5590551181102362,0,acoustic_grand_piano	,1
9240,83,120,0.6299212598425197,0,acoustic_grand_piano	,0
26880,36,3840,0.6377952755905512,0,acoustic_grand_piano	,1
9360,91,120,0.6535433070866141,0,acoustic_grand_piano	,0
26880,48,3840,0.7559055118110236,0,acoustic_grand_piano	,1
#tempo, {"bpm":151.4998485001515,"ticks":30600,"time":22.408221749999992}
9480,93,120,0.6220472440944882,0,acoustic_grand_piano	,0
27000,50,120,0.5984251968503937,0,acoustic_grand_piano	,1
#tempo, {"bpm":173.99979120025057,"ticks":30720,"time":22.507231749999992}
9600,98,120,0.7637795275590551,0,acoustic_grand_piano	,0
27120,55,120,0.5748031496062992,0,acoustic_grand_piano	,1
9720,93,120,0.6299212598425197,0,acoustic_grand_piano	,0
27240,62,120,0.5984251968503937,0,acoustic_grand_piano	,1
9840,90,120,0.6614173228346457,0,acoustic_grand_piano	,0
30480,55,120,0.5275590551181102,0,acoustic_grand_piano	,1
#tempo, {"bpm":163.00007063336395,"ticks":32520,"time":23.800336749999992}
9960,84,120,0.6299212598425197,0,acoustic_grand_piano	,0
30600,48,120,0.47244094488188976,0,acoustic_grand_piano	,1
#tempo, {"bpm":171.50011147507246,"ticks":32640,"time":23.892361249999993}
10080,86,120,0.7480314960629921,0,acoustic_grand_piano	,0
30720,33,1920,0.4566929133858268,0,acoustic_grand_piano	,1
#tempo, {"bpm":167.99993280002687,"ticks":33600,"time":24.592069249999994}
10200,81,120,0.6299212598425197,0,acoustic_grand_piano	,0
30720,45,1920,0.5433070866141733,0,acoustic_grand_piano	,1
10320,78,120,0.6456692913385826,0,acoustic_grand_piano	,0
30840,52,120,0.3937007874015748,0,acoustic_grand_piano	,1
#tempo, {"bpm":157.999931533363,"ticks":34440,"time":25.217069499999994}
10440,72,120,0.6220472440944882,0,acoustic_grand_piano	,0
30960,60,120,0.4251968503937008,0,acoustic_grand_piano	,1
#tempo, {"bpm":173.99979120025057,"ticks":34560,"time":25.312006249999992}
10560,74,120,0.7401574803149606,0,acoustic_grand_piano	,0
32640,35,960,0.4566929133858268,0,acoustic_grand_piano	,1
10680,69,120,0.6062992125984252,0,acoustic_grand_piano	,0
32640,47,960,0.5433070866141733,0,acoustic_grand_piano	,1
10800,66,120,0.6377952755905512,0,acoustic_grand_piano	,0
33600,33,960,0.4566929133858268,0,acoustic_grand_piano	,1
#tempo, {"bpm":172.00010320006191,"ticks":36480,"time":26.69131824999999}
10920,60,120,0.6062992125984252,0,acoustic_grand_piano	,0
33600,45,960,0.5433070866141733,0,acoustic_grand_piano	,1
11040,62,120,0.6299212598425197,0,acoustic_grand_piano	,0
34440,50,120,0.4015748031496063,0,acoustic_grand_piano	,1
12000,62,120,0.7165354330708661,0,acoustic_grand_piano	,0
34560,32,1920,0.4566929133858268,0,acoustic_grand_piano	,1
12120,60,120,0.5984251968503937,0,acoustic_grand_piano	,0
34560,44,1920,0.5433070866141733,0,acoustic_grand_piano	,1
12240,65,120,0.6299212598425197,0,acoustic_grand_piano	,0
34680,50,120,0.4015748031496063,0,acoustic_grand_piano	,1
12360,68,120,0.6062992125984252,0,acoustic_grand_piano	,0
34800,59,120,0.4251968503937008,0,acoustic_grand_piano	,1
12480,74,120,0.7244094488188977,0,acoustic_grand_piano	,0
34920,62,120,0.4015748031496063,0,acoustic_grand_piano	,1
12600,72,120,0.6141732283464567,0,acoustic_grand_piano	,0
36480,33,960,0.47244094488188976,0,acoustic_grand_piano	,1
12720,77,120,0.6456692913385826,0,acoustic_grand_piano	,0
36480,45,960,0.5669291338582677,0,acoustic_grand_piano	,1
12840,80,120,0.6220472440944882,0,acoustic_grand_piano	,0
37440,31,960,0.5275590551181102,0,acoustic_grand_piano	,1
#tempo, {"bpm":168.99980283356336,"ticks":41280,"time":30.17968824999999}
12960,86,120,0.7322834645669292,0,acoustic_grand_piano	,0
37440,43,960,0.6220472440944882,0,acoustic_grand_piano	,1
13080,84,120,0.6299212598425197,0,acoustic_grand_piano	,0
38160,57,120,0.5433070866141733,0,acoustic_grand_piano	,1
#tempo, {"bpm":163.5002125502763,"ticks":42120,"time":30.80099074999999}
13200,89,120,0.6535433070866141,0,acoustic_grand_piano	,0
38280,48,120,0.5039370078740157,0,acoustic_grand_piano	,1
#tempo, {"bpm":171.50011147507246,"ticks":42240,"time":30.89273374999999}
13320,92,120,0.6299212598425197,0,acoustic_grand_piano	,0
38400,29,3840,0.5984251968503937,0,acoustic_grand_piano	,1
13440,98,120,0.7480314960629921,0,acoustic_grand_piano	,0
38400,41,3840,0.7086614173228346,0,acoustic_grand_piano	,1
13560,91,120,0.6220472440944882,0,acoustic_grand_piano	,0
38520,48,120,0.5118110236220472,0,acoustic_grand_piano	,1
13680,89,120,0.6614173228346457,0,acoustic_grand_piano	,0
38640,57,120,0.5669291338582677,0,acoustic_grand_piano	,1
13800,83,120,0.6220472440944882,0,acoustic_grand_piano	,0
38760,60,120,0.5196850393700787,0,acoustic_grand_piano	,1
13920,86,120,0.7401574803149606,0,acoustic_grand_piano	,0
41880,59,120,0.44881889763779526,0,acoustic_grand_piano	,1
14040,79,120,0.6220472440944882,0,acoustic_grand_piano	,0
42000,57,120,0.4409448818897638,0,acoustic_grand_piano	,1
#tempo, {"bpm":163.9998469334762,"ticks":45960,"time":33.60410224999999}
14160,77,120,0.6535433070866141,0,acoustic_grand_piano	,0
42120,47,120,0.4094488188976378,0,acoustic_grand_piano	,1
#tempo, {"bpm":173.99979120025057,"ticks":46080,"time":33.69556574999999}
14280,71,120,0.6141732283464567,0,acoustic_grand_piano	,0
42240,28,3840,0.44881889763779526,0,acoustic_grand_piano	,1
14400,74,120,0.7322834645669292,0,acoustic_grand_piano	,0
42240,40,3840,0.5354330708661418,0,acoustic_grand_piano	,1
14520,67,120,0.6062992125984252,0,acoustic_grand_piano	,0
42360,47,120,0.3937007874015748,0,acoustic_grand_piano	,1
#tempo, {"bpm":172.99990485005233,"ticks":48000,"time":35.07487774999999}
14640,65,120,0.6377952755905512,0,acoustic_grand_piano	,0
42480,57,120,0.4251968503937008,0,acoustic_grand_piano	,1
14760,59,120,0.6062992125984252,0,acoustic_grand_piano	,0
42600,59,120,0.3937007874015748,0,acoustic_grand_piano	,1
#tempo, {"bpm":172.00010320006191,"ticks":48960,"time":35.76851974999999}
14880,63,120,0.7480314960629921,0,acoustic_grand_piano	,0
45840,56,120,0.4251968503937008,0,acoustic_grand_piano	,1
15840,64,120,0.6692913385826772,0,acoustic_grand_piano	,0
45960,47,120,0.3858267716535433,0,acoustic_grand_piano	,1
#tempo, {"bpm":173.99979120025057,"ticks":49920,"time":36.46619374999999}
15960,60,120,0.5984251968503937,0,acoustic_grand_piano	,0
46080,33,1920,0.44881889763779526,0,acoustic_grand_piano	,1
16080,67,120,0.6299212598425197,0,acoustic_grand_piano	,0
46080,45,1920,0.5354330708661418,0,acoustic_grand_piano	,1
16200,72,120,0.6141732283464567,0,acoustic_grand_piano	,0
46200,52,120,0.3937007874015748,0,acoustic_grand_piano	,1
16320,76,120,0.7007874015748031,0,acoustic_grand_piano	,0
46320,57,120,0.4251968503937008,0,acoustic_grand_piano	,1
16440,72,120,0.6141732283464567,0,acoustic_grand_piano	,0
46440,61,120,0.3937007874015748,0,acoustic_grand_piano	,1
16560,79,120,0.6456692913385826,0,acoustic_grand_piano	,0
48000,38,1920,0.4566929133858268,0,acoustic_grand_piano	,1
16680,84,120,0.6220472440944882,0,acoustic_grand_piano	,0
48000,50,1920,0.5433070866141733,0,acoustic_grand_piano	,1
16800,88,120,0.7086614173228346,0,acoustic_grand_piano	,0
49200,57,120,0.44881889763779526,0,acoustic_grand_piano	,1
#tempo, {"bpm":167.00020318358054,"ticks":53640,"time":39.13861074999999}
16920,84,120,0.6299212598425197,0,acoustic_grand_piano	,0
49320,52,120,0.41732283464566927,0,acoustic_grand_piano	,1
#tempo, {"bpm":173.99979120025057,"ticks":53760,"time":39.22843099999999}
17040,91,120,0.6535433070866141,0,acoustic_grand_piano	,0
49680,57,120,0.4409448818897638,0,acoustic_grand_piano	,1
17160,96,120,0.6299212598425197,0,acoustic_grand_piano	,0
49800,50,120,0.4094488188976378,0,acoustic_grand_piano	,1
17280,100,120,0.7244094488188977,0,acoustic_grand_piano	,0
49920,31,3840,0.5275590551181102,0,acoustic_grand_piano	,1
#tempo, {"bpm":160.49990370005779,"ticks":55560,"time":40.52153599999999}
17400,96,120,0.6299212598425197,0,acoustic_grand_piano	,0
49920,43,3840,0.6299212598425197,0,acoustic_grand_piano	,1
#tempo, {"bpm":172.99990485005233,"ticks":55680,"time":40.61499399999999}
17520,91,120,0.6614173228346457,0,acoustic_grand_piano	,0
50040,50,120,0.4645669291338583,0,acoustic_grand_piano	,1
17640,84,120,0.6299212598425197,0,acoustic_grand_piano	,0
50160,55,120,0.5039370078740157,0,acoustic_grand_piano	,1
17760,88,120,0.7244094488188977,0,acoustic_grand_piano	,0
50280,60,120,0.47244094488188976,0,acoustic_grand_piano	,1
17880,84,120,0.6377952755905512,0,acoustic_grand_piano	,0
53400,59,120,0.4881889763779528,0,acoustic_grand_piano	,1
18000,79,120,0.6535433070866141,0,acoustic_grand_piano	,0
53520,55,120,0.5275590551181102,0,acoustic_grand_piano	,1
18120,72,120,0.6220472440944882,0,acoustic_grand_piano	,0
53640,50,120,0.5039370078740157,0,acoustic_grand_piano	,1
18240,76,120,0.7086614173228346,0,acoustic_grand_piano	,0
53760,36,1920,0.6299212598425197,0,acoustic_grand_piano	,1
18360,72,120,0.6141732283464567,0,acoustic_grand_piano	,0
53760,48,115,0.7480314960629921,0,acoustic_grand_piano	,1
18480,67,120,0.6377952755905512,0,acoustic_grand_piano	,0
53880,48,1800,0.5590551181102362,0,acoustic_grand_piano	,1
#tempo, {"bpm":171.50011147507246,"ticks":60480,"time":44.08320399999999}
18600,60,120,0.6062992125984252,0,acoustic_grand_piano	,0
54000,55,120,0.5984251968503937,0,acoustic_grand_piano	,1
18720,64,120,0.7007874015748031,0,acoustic_grand_piano	,0
54120,58,120,0.5669291338582677,0,acoustic_grand_piano	,1
18840,60,120,0.6062992125984252,0,acoustic_grand_piano	,0
55680,30,1920,0.6377952755905512,0,acoustic_grand_piano	,1
19680,65,120,0.6850393700787402,0,acoustic_grand_piano	,0
55680,42,1920,0.7559055118110236,0,acoustic_grand_piano	,1
19800,60,120,0.5984251968503937,0,acoustic_grand_piano	,0
57360,51,120,0.5984251968503937,0,acoustic_grand_piano	,1
19920,65,120,0.6299212598425197,0,acoustic_grand_piano	,0
57480,48,120,0.5669291338582677,0,acoustic_grand_piano	,1
20040,72,120,0.6062992125984252,0,acoustic_grand_piano	,0
57600,29,1920,0.6377952755905512,0,acoustic_grand_piano	,1
20160,77,120,0.7007874015748031,0,acoustic_grand_piano	,0
57600,41,1920,0.7637795275590551,0,acoustic_grand_piano	,1
20280,72,120,0.6062992125984252,0,acoustic_grand_piano	,0
57720,48,120,0.5669291338582677,0,acoustic_grand_piano	,1
20400,77,120,0.6456692913385826,0,acoustic_grand_piano	,0
57840,51,120,0.5984251968503937,0,acoustic_grand_piano	,1
#tempo, {"bpm":173.99979120025057,"ticks":65280,"time":47.581743999999986}
20520,84,120,0.6220472440944882,0,acoustic_grand_piano	,0
57960,57,120,0.5748031496062992,0,acoustic_grand_piano	,1
20640,89,120,0.7244094488188977,0,acoustic_grand_piano	,0
59520,35,1920,0.6692913385826772,0,acoustic_grand_piano	,1
20760,84,120,0.6299212598425197,0,acoustic_grand_piano	,0
59520,47,1920,0.7874015748031497,0,acoustic_grand_piano	,1
20880,89,120,0.6535433070866141,0,acoustic_grand_piano	,0
61080,56,120,0.5118110236220472,0,acoustic_grand_piano	,1
21000,96,120,0.6299212598425197,0,acoustic_grand_piano	,0
61200,51,120,0.5433070866141733,0,acoustic_grand_piano	,1
21120,100,120,0.7322834645669292,0,acoustic_grand_piano	,0
61320,47,120,0.5196850393700787,0,acoustic_grand_piano	,1
21240,96,120,0.6299212598425197,0,acoustic_grand_piano	,0
61440,34,3840,0.6614173228346457,0,acoustic_grand_piano	,1
21360,90,120,0.6614173228346457,0,acoustic_grand_piano	,0
61560,46,120,0.5196850393700787,0,acoustic_grand_piano	,1
#tempo, {"bpm":150.99999748333337,"ticks":69000,"time":50.25416099999999}
21480,84,120,0.6220472440944882,0,acoustic_grand_piano	,0
61680,53,120,0.5511811023622047,0,acoustic_grand_piano	,1
#tempo, {"bpm":172.5000431250108,"ticks":69120,"time":50.353498749999986}
21600,88,120,0.7322834645669292,0,acoustic_grand_piano	,0
61800,56,120,0.5275590551181102,0,acoustic_grand_piano	,1
21720,84,120,0.6299212598425197,0,acoustic_grand_piano	,0
63360,46,1920,0.6850393700787402,0,acoustic_grand_piano	,1
21840,78,120,0.6535433070866141,0,acoustic_grand_piano	,0
64920,56,120,0.5590551181102362,0,acoustic_grand_piano	,1
#tempo, {"bpm":171.50011147507246,"ticks":71040,"time":51.744802749999984}
21960,72,120,0.6220472440944882,0,acoustic_grand_piano	,0
65040,52,120,0.5984251968503937,0,acoustic_grand_piano	,1
22080,76,120,0.7086614173228346,0,acoustic_grand_piano	,0
65160,46,120,0.5669291338582677,0,acoustic_grand_piano	,1
22200,72,120,0.6220472440944882,0,acoustic_grand_piano	,0
65280,33,3840,0.6141732283464567,0,acoustic_grand_piano	,1
22320,66,120,0.6377952755905512,0,acoustic_grand_piano	,0
65280,45,115,0.7401574803149606,0,acoustic_grand_piano	,1
#tempo, {"bpm":160.99991681670966,"ticks":72840,"time":53.05675524999998}
22440,60,120,0.6141732283464567,0,acoustic_grand_piano	,0
65400,45,3720,0.5669291338582677,0,acoustic_grand_piano	,1
#tempo, {"bpm":172.99990485005233,"ticks":72960,"time":53.14992299999998}
22560,64,120,0.7007874015748031,0,acoustic_grand_piano	,0
65520,52,120,0.5984251968503937,0,acoustic_grand_piano	,1
22680,60,120,0.6062992125984252,0,acoustic_grand_piano	,0
65640,57,120,0.5669291338582677,0,acoustic_grand_piano	,1
23520,62,120,0.6377952755905512,0,acoustic_grand_piano	,0
68760,57,120,0.5354330708661418,0,acoustic_grand_piano	,1
#tempo, {"bpm":172.00010320006191,"ticks":74880,"time":54.53720699999998}
23640,60,120,0.5748031496062992,0,acoustic_grand_piano	,0
68880,52,120,0.5669291338582677,0,acoustic_grand_piano	,1
23760,67,120,0.5984251968503937,0,acoustic_grand_piano	,0
69000,45,120,0.5354330708661418,0,acoustic_grand_piano	,1
23880,72,120,0.5826771653543307,0,acoustic_grand_piano	,0
69120,38,1920,0.7086614173228346,0,acoustic_grand_piano	,1
24000,74,120,0.6771653543307087,0,acoustic_grand_piano	,0
69240,45,120,0.5433070866141733,0,acoustic_grand_piano	,1
24120,72,120,0.5826771653543307,0,acoustic_grand_piano	,0
69360,50,120,0.5669291338582677,0,acoustic_grand_piano	,1
24240,79,120,0.6062992125984252,0,acoustic_grand_piano	,0
69480,54,120,0.5433070866141733,0,acoustic_grand_piano	,1
24360,84,120,0.5905511811023622,0,acoustic_grand_piano	,0
71040,31,1920,0.5905511811023622,0,acoustic_grand_piano	,1
24480,86,120,0.6929133858267716,0,acoustic_grand_piano	,0
71040,43,1920,0.6614173228346457,0,acoustic_grand_piano	,1
#tempo, {"bpm":173.50016337932053,"ticks":78720,"time":57.32790299999998}
24600,84,120,0.5984251968503937,0,acoustic_grand_piano	,0
72360,55,120,0.4881889763779528,0,acoustic_grand_piano	,1
24720,91,120,0.6141732283464567,0,acoustic_grand_piano	,0
72480,59,120,0.5984251968503937,0,acoustic_grand_piano	,1
#tempo, {"bpm":171.50011147507246,"ticks":79680,"time":58.01954499999998}
24840,96,120,0.5984251968503937,0,acoustic_grand_piano	,0
72600,53,120,0.5039370078740157,0,acoustic_grand_piano	,1
24960,98,120,0.7007874015748031,0,acoustic_grand_piano	,0
72720,50,120,0.48031496062992124,0,acoustic_grand_piano	,1
#tempo, {"bpm":162.000162000162,"ticks":80520,"time":58.63178949999998}
25080,95,120,0.5984251968503937,0,acoustic_grand_piano	,0
72840,43,120,0.5039370078740157,0,acoustic_grand_piano	,1
#tempo, {"bpm":173.50016337932053,"ticks":80640,"time":58.724381999999984}
25200,91,120,0.6220472440944882,0,acoustic_grand_piano	,0
72960,36,1920,0.6220472440944882,0,acoustic_grand_piano	,1
#tempo, {"bpm":171.50011147507246,"ticks":81600,"time":59.416023999999986}
25320,83,120,0.5905511811023622,0,acoustic_grand_piano	,0
73080,43,120,0.5039370078740157,0,acoustic_grand_piano	,1
25440,86,120,0.6850393700787402,0,acoustic_grand_piano	,0
73200,48,120,0.48031496062992124,0,acoustic_grand_piano	,1
#tempo, {"bpm":163.9998469334762,"ticks":82440,"time":60.02826849999999}
25560,83,120,0.5905511811023622,0,acoustic_grand_piano	,0
73320,52,120,0.5039370078740157,0,acoustic_grand_piano	,1
#tempo, {"bpm":173.50016337932053,"ticks":82560,"time":60.11973199999999}
25680,79,120,0.6141732283464567,0,acoustic_grand_piano	,0
73440,59,120,0.5826771653543307,0,acoustic_grand_piano	,1
#tempo, {"bpm":171.50011147507246,"ticks":83520,"time":60.811373999999994}
25800,71,120,0.5826771653543307,0,acoustic_grand_piano	,0
73560,55,120,0.48031496062992124,0,acoustic_grand_piano	,1
25920,74,120,0.6771653543307087,0,acoustic_grand_piano	,0
74880,29,1920,0.5196850393700787,0,acoustic_grand_piano	,1
#tempo, {"bpm":173.99979120025057,"ticks":84480,"time":61.511081999999995}
26040,71,120,0.5905511811023622,0,acoustic_grand_piano	,0
74880,41,1920,0.6141732283464567,0,acoustic_grand_piano	,1
26160,67,120,0.5984251968503937,0,acoustic_grand_piano	,0
76200,53,120,0.4881889763779528,0,acoustic_grand_piano	,1
26280,59,120,0.5826771653543307,0,acoustic_grand_piano	,0
76320,57,120,0.5826771653543307,0,acoustic_grand_piano	,1
#tempo, {"bpm":166.5001665001665,"ticks":85920,"time":62.545565999999994}
26400,62,120,0.6535433070866141,0,acoustic_grand_piano	,0
76440,52,120,0.47244094488188976,0,acoustic_grand_piano	,1
#tempo, {"bpm":173.99979120025057,"ticks":86400,"time":62.905925999999994}
26520,59,120,0.5748031496062992,0,acoustic_grand_piano	,0
76560,48,120,0.5039370078740157,0,acoustic_grand_piano	,1
27360,64,120,0.6062992125984252,0,acoustic_grand_piano	,0
76680,41,120,0.48031496062992124,0,acoustic_grand_piano	,1
27480,62,120,0.5511811023622047,0,acoustic_grand_piano	,0
76800,35,1920,0.6614173228346457,0,acoustic_grand_piano	,1
#tempo, {"bpm":165.000165000165,"ticks":87840,"time":63.94040999999999}
27600,67,120,0.5905511811023622,0,acoustic_grand_piano	,0
76920,41,120,0.5118110236220472,0,acoustic_grand_piano	,1
#tempo, {"bpm":173.99979120025057,"ticks":88320,"time":64.304046}
27720,74,120,0.5669291338582677,0,acoustic_grand_piano	,0
77040,47,120,0.5354330708661418,0,acoustic_grand_piano	,1
27840,76,120,0.6062992125984252,0,acoustic_grand_piano	,0
77160,50,120,0.5039370078740157,0,acoustic_grand_piano	,1
27960,74,120,0.5669291338582677,0,acoustic_grand_piano	,0
77280,57,120,0.6062992125984252,0,acoustic_grand_piano	,1
28080,79,120,0.5826771653543307,0,acoustic_grand_piano	,0
77400,53,120,0.49606299212598426,0,acoustic_grand_piano	,1
#tempo, {"bpm":172.5000431250108,"ticks":90240,"time":65.683358}
28200,86,120,0.5669291338582677,0,acoustic_grand_piano	,0
77520,59,120,0.5354330708661418,0,acoustic_grand_piano	,1
28320,88,120,0.6299212598425197,0,acoustic_grand_piano	,0
78720,28,960,0.5669291338582677,0,acoustic_grand_piano	,1
28440,86,120,0.5669291338582677,0,acoustic_grand_piano	,0
78720,40,960,0.6692913385826772,0,acoustic_grand_piano	,1
#tempo, {"bpm":166.5001665001665,"ticks":91680,"time":66.72683599999999}
28560,91,120,0.5826771653543307,0,acoustic_grand_piano	,0
79680,33,960,0.5669291338582677,0,acoustic_grand_piano	,1
#tempo, {"bpm":173.99979120025057,"ticks":92160,"time":67.08719599999999}
28680,98,120,0.5669291338582677,0,acoustic_grand_piano	,0
79680,45,960,0.6692913385826772,0,acoustic_grand_piano	,1
28800,100,120,0.6141732283464567,0,acoustic_grand_piano	,0
80640,26,960,0.5826771653543307,0,acoustic_grand_piano	,1
28920,96,120,0.5433070866141733,0,acoustic_grand_piano	,0
80640,38,960,0.6929133858267716,0,acoustic_grand_piano	,1
29040,91,120,0.5748031496062992,0,acoustic_grand_piano	,0
81600,31,960,0.5826771653543307,0,acoustic_grand_piano	,1
29160,84,120,0.5433070866141733,0,acoustic_grand_piano	,0
81600,43,960,0.6929133858267716,0,acoustic_grand_piano	,1
29280,88,120,0.6141732283464567,0,acoustic_grand_piano	,0
82560,24,960,0.6299212598425197,0,acoustic_grand_piano	,1
#tempo, {"bpm":166.5001665001665,"ticks":95040,"time":69.15616399999999}
29400,84,120,0.5354330708661418,0,acoustic_grand_piano	,0
82560,36,960,0.7401574803149606,0,acoustic_grand_piano	,1
29520,79,120,0.5590551181102362,0,acoustic_grand_piano	,0
83520,29,960,0.6456692913385826,0,acoustic_grand_piano	,1
#tempo, {"bpm":138.9998957500782,"ticks":95880,"time":69.78679399999999}
29640,72,120,0.5118110236220472,0,acoustic_grand_piano	,0
83520,41,960,0.7637795275590551,0,acoustic_grand_piano	,1
#tempo, {"bpm":172.00010320006191,"ticks":96000,"time":69.89470774999998}
29760,76,120,0.5905511811023622,0,acoustic_grand_piano	,0
84480,35,1440,0.6692913385826772,0,acoustic_grand_piano	,1
#tempo, {"bpm":167.4999790625026,"ticks":96960,"time":70.59238174999999}
29880,72,120,0.5196850393700787,0,acoustic_grand_piano	,0
84480,47,1440,0.7952755905511811,0,acoustic_grand_piano	,1
30000,67,120,0.5433070866141733,0,acoustic_grand_piano	,0
85560,57,120,0.5905511811023622,0,acoustic_grand_piano	,1
#tempo, {"bpm":156.9998377668343,"ticks":97800,"time":71.21924749999998}
30120,60,120,0.5039370078740157,0,acoustic_grand_piano	,0
85680,53,120,0.6299212598425197,0,acoustic_grand_piano	,1
#tempo, {"bpm":172.00010320006191,"ticks":97920,"time":71.31478899999998}
30240,64,120,0.5590551181102362,0,acoustic_grand_piano	,0
85800,47,120,0.5905511811023622,0,acoustic_grand_piano	,1
30360,60,120,0.5039370078740157,0,acoustic_grand_piano	,0
85920,35,1920,0.8031496062992126,0,acoustic_grand_piano	,1
31080,64,120,0.41732283464566927,0,acoustic_grand_piano	,0
86400,47,1440,0.7874015748031497,0,acoustic_grand_piano	,1
#tempo, {"bpm":137.49988541676214,"ticks":99720,"time":72.62292774999997}
31200,65,120,0.4645669291338583,0,acoustic_grand_piano	,0
87480,57,120,0.5905511811023622,0,acoustic_grand_piano	,1
#tempo, {"bpm":169.50014407512248,"ticks":99840,"time":72.73201874999998}
31320,64,120,0.4015748031496063,0,acoustic_grand_piano	,0
87600,54,120,0.6299212598425197,0,acoustic_grand_piano	,1
#tempo, {"bpm":162.49989843756347,"ticks":100800,"time":73.43998274999998}
31440,72,120,0.4251968503937008,0,acoustic_grand_piano	,0
87720,47,120,0.5984251968503937,0,acoustic_grand_piano	,1
#tempo, {"bpm":159.0002067002687,"ticks":101280,"time":73.80921374999998}
31560,76,120,0.4094488188976378,0,acoustic_grand_piano	,0
87840,35,480,0.7322834645669292,0,acoustic_grand_piano	,1
#tempo, {"bpm":166.5001665001665,"ticks":101760,"time":74.18657174999998}
31680,77,120,0.48031496062992124,0,acoustic_grand_piano	,0
88320,28,3360,0.6614173228346457,0,acoustic_grand_piano	,1
31800,76,120,0.4015748031496063,0,acoustic_grand_piano	,0
88320,40,3360,0.7874015748031497,0,acoustic_grand_piano	,1
31920,84,120,0.4409448818897638,0,acoustic_grand_piano	,0
88440,47,120,0.5984251968503937,0,acoustic_grand_piano	,1
32040,88,120,0.4094488188976378,0,acoustic_grand_piano	,0
88560,52,120,0.6299212598425197,0,acoustic_grand_piano	,1
#tempo, {"bpm":152.99994645001874,"ticks":103560,"time":75.53792174999998}
32160,89,120,0.4881889763779528,0,acoustic_grand_piano	,0
88680,56,120,0.5984251968503937,0,acoustic_grand_piano	,1
#tempo, {"bpm":172.5000431250108,"ticks":103680,"time":75.63596099999998}
32280,88,120,0.4251968503937008,0,acoustic_grand_piano	,0
91680,26,480,0.5826771653543307,0,acoustic_grand_piano	,1
32400,96,120,0.4409448818897638,0,acoustic_grand_piano	,0
91680,38,480,0.6929133858267716,0,acoustic_grand_piano	,1
32520,100,120,0.4094488188976378,0,acoustic_grand_piano	,0
91920,55,120,0.5433070866141733,0,acoustic_grand_piano	,1
32640,101,120,0.49606299212598426,0,acoustic_grand_piano	,0
92040,50,120,0.5039370078740157,0,acoustic_grand_piano	,1
32760,98,120,0.41732283464566927,0,acoustic_grand_piano	,0
92160,24,1920,0.5669291338582677,0,acoustic_grand_piano	,1
32880,95,120,0.4409448818897638,0,acoustic_grand_piano	,0
92160,36,3840,0.6692913385826772,0,acoustic_grand_piano	,1
33000,86,120,0.41732283464566927,0,acoustic_grand_piano	,0
92280,48,120,0.5039370078740157,0,acoustic_grand_piano	,1
#tempo, {"bpm":145.9999659333413,"ticks":107400,"time":78.33161249999998}
33120,89,120,0.4881889763779528,0,acoustic_grand_piano	,0
92400,55,120,0.5354330708661418,0,acoustic_grand_piano	,1
#tempo, {"bpm":173.99979120025057,"ticks":107520,"time":78.43435224999998}
33240,86,120,0.41732283464566927,0,acoustic_grand_piano	,0
92520,60,120,0.49606299212598426,0,acoustic_grand_piano	,1
33360,83,120,0.4409448818897638,0,acoustic_grand_piano	,0
94080,48,1920,0.6141732283464567,0,acoustic_grand_piano	,1
33480,74,120,0.4094488188976378,0,acoustic_grand_piano	,0
95760,55,120,0.5354330708661418,0,acoustic_grand_piano	,1
33600,77,120,0.48031496062992124,0,acoustic_grand_piano	,0
95880,48,120,0.49606299212598426,0,acoustic_grand_piano	,1
33720,74,120,0.4015748031496063,0,acoustic_grand_piano	,0
96000,29,1920,0.5669291338582677,0,acoustic_grand_piano	,1
#tempo, {"bpm":171.50011147507246,"ticks":110400,"time":80.50332024999997}
33840,71,120,0.4330708661417323,0,acoustic_grand_piano	,0
96000,41,1920,0.6692913385826772,0,acoustic_grand_piano	,1
33960,62,120,0.4015748031496063,0,acoustic_grand_piano	,0
96120,48,120,0.5039370078740157,0,acoustic_grand_piano	,1
#tempo, {"bpm":156.9998377668343,"ticks":111240,"time":81.11556474999998}
34080,65,120,0.47244094488188976,0,acoustic_grand_piano	,0
96240,57,120,0.5354330708661418,0,acoustic_grand_piano	,1
#tempo, {"bpm":172.99990485005233,"ticks":111360,"time":81.21110624999997}
34200,62,120,0.3937007874015748,0,acoustic_grand_piano	,0
96360,60,120,0.5039370078740157,0,acoustic_grand_piano	,1
34320,59,120,0.4251968503937008,0,acoustic_grand_piano	,0
97920,30,1920,0.6062992125984252,0,acoustic_grand_piano	,1
35040,64,120,0.5039370078740157,0,acoustic_grand_piano	,0
97920,42,1920,0.7165354330708661,0,acoustic_grand_piano	,1
#tempo, {"bpm":171.50011147507246,"ticks":113280,"time":82.59839024999997}
35160,62,120,0.4015748031496063,0,acoustic_grand_piano	,0
99600,57,120,0.6220472440944882,0,acoustic_grand_piano	,1
35280,71,120,0.4330708661417323,0,acoustic_grand_piano	,0
99720,48,120,0.5590551181102362,0,acoustic_grand_piano	,1
35400,74,120,0.41732283464566927,0,acoustic_grand_piano	,0
99840,31,960,0.6692913385826772,0,acoustic_grand_piano	,1
#tempo, {"bpm":167.99993280002687,"ticks":114720,"time":83.64795224999996}
35520,76,120,0.5196850393700787,0,acoustic_grand_piano	,0
99840,43,960,0.7952755905511811,0,acoustic_grand_piano	,1
#tempo, {"bpm":161.5000121125009,"ticks":115080,"time":83.91580949999997}
35640,74,120,0.4094488188976378,0,acoustic_grand_piano	,0
99960,47,120,0.5905511811023622,0,acoustic_grand_piano	,1
#tempo, {"bpm":172.00010320006191,"ticks":115200,"time":84.00868874999996}
35760,83,120,0.4566929133858268,0,acoustic_grand_piano	,0
100080,55,120,0.6299212598425197,0,acoustic_grand_piano	,1
35880,86,120,0.41732283464566927,0,acoustic_grand_piano	,0
100200,59,120,0.5905511811023622,0,acoustic_grand_piano	,1
36000,88,120,0.5196850393700787,0,acoustic_grand_piano	,0
100800,30,480,0.6771653543307087,0,acoustic_grand_piano	,1
#tempo, {"bpm":170.50007672503452,"ticks":117120,"time":85.40403674999996}
36120,86,120,0.4251968503937008,0,acoustic_grand_piano	,0
100800,42,480,0.8031496062992126,0,acoustic_grand_piano	,1
36240,95,120,0.4645669291338583,0,acoustic_grand_piano	,0
101280,28,480,0.6771653543307087,0,acoustic_grand_piano	,1
36360,98,120,0.4330708661417323,0,acoustic_grand_piano	,0
101280,40,480,0.8110236220472441,0,acoustic_grand_piano	,1
36480,100,120,0.5354330708661418,0,acoustic_grand_piano	,0
101760,26,1920,0.6692913385826772,0,acoustic_grand_piano	,1
#tempo, {"bpm":154.4998068752414,"ticks":118920,"time":86.72368424999996}
36600,96,120,0.44881889763779526,0,acoustic_grand_piano	,0
101760,38,1920,0.7952755905511811,0,acoustic_grand_piano	,1
#tempo, {"bpm":173.99979120025057,"ticks":119040,"time":86.82077174999996}
36720,93,120,0.4645669291338583,0,acoustic_grand_piano	,0
103320,57,120,0.5905511811023622,0,acoustic_grand_piano	,1
#tempo, {"bpm":172.5000431250108,"ticks":120000,"time":87.51042774999996}
36840,84,120,0.44881889763779526,0,acoustic_grand_piano	,0
103440,54,120,0.6299212598425197,0,acoustic_grand_piano	,1
36960,88,120,0.5590551181102362,0,acoustic_grand_piano	,0
103560,48,120,0.5826771653543307,0,acoustic_grand_piano	,1
#tempo, {"bpm":162.49989843756347,"ticks":120840,"time":88.11912324999996}
37080,84,120,0.4566929133858268,0,acoustic_grand_piano	,0
103680,31,3840,0.6771653543307087,0,acoustic_grand_piano	,1
#tempo, {"bpm":173.99979120025057,"ticks":120960,"time":88.21143099999996}
37200,81,120,0.49606299212598426,0,acoustic_grand_piano	,0
103680,43,3840,0.8031496062992126,0,acoustic_grand_piano	,1
#tempo, {"bpm":172.00010320006191,"ticks":121920,"time":88.90108699999996}
37320,72,120,0.48031496062992124,0,acoustic_grand_piano	,0
103800,48,120,0.5905511811023622,0,acoustic_grand_piano	,1
37440,76,120,0.5826771653543307,0,acoustic_grand_piano	,0
103920,53,120,0.6299212598425197,0,acoustic_grand_piano	,1
#tempo, {"bpm":164.49983824182573,"ticks":122760,"time":89.51155174999997}
37560,72,120,0.48031496062992124,0,acoustic_grand_piano	,0
104040,56,120,0.5826771653543307,0,acoustic_grand_piano	,1
#tempo, {"bpm":173.99979120025057,"ticks":122880,"time":89.60273724999996}
37680,69,120,0.5196850393700787,0,acoustic_grand_piano	,0
107160,55,120,0.5826771653543307,0,acoustic_grand_piano	,1
37800,60,120,0.48031496062992124,0,acoustic_grand_piano	,0
107280,53,120,0.6299212598425197,0,acoustic_grand_piano	,1
37920,64,120,0.6062992125984252,0,acoustic_grand_piano	,0
107400,47,120,0.5905511811023622,0,acoustic_grand_piano	,1
#tempo, {"bpm":172.99990485005233,"ticks":124800,"time":90.98204924999996}
38040,60,120,0.49606299212598426,0,acoustic_grand_piano	,0
107520,36,3840,0.6220472440944882,0,acoustic_grand_piano	,1
38880,64,120,0.6456692913385826,0,acoustic_grand_piano	,0
107520,48,115,0.7480314960629921,0,acoustic_grand_piano	,1
39000,60,120,0.5275590551181102,0,acoustic_grand_piano	,0
107640,48,3720,0.5905511811023622,0,acoustic_grand_piano	,1
39120,69,120,0.5669291338582677,0,acoustic_grand_piano	,0
107760,55,120,0.6299212598425197,0,acoustic_grand_piano	,1
#tempo, {"bpm":163.9998469334762,"ticks":126600,"time":92.28262799999996}
39240,72,120,0.5354330708661418,0,acoustic_grand_piano	,0
107880,60,120,0.5905511811023622,0,acoustic_grand_piano	,1
#tempo, {"bpm":173.99979120025057,"ticks":126720,"time":92.37409149999996}
39360,76,120,0.6456692913385826,0,acoustic_grand_piano	,0
111120,55,120,0.6299212598425197,0,acoustic_grand_piano	,1
39480,72,120,0.5433070866141733,0,acoustic_grand_piano	,0
111240,48,120,0.5826771653543307,0,acoustic_grand_piano	,1
39600,81,120,0.5748031496062992,0,acoustic_grand_piano	,0
111360,33,3360,0.6614173228346457,0,acoustic_grand_piano	,1
39720,84,120,0.5511811023622047,0,acoustic_grand_piano	,0
111360,45,3360,0.7874015748031497,0,acoustic_grand_piano	,1
39840,88,120,0.6535433070866141,0,acoustic_grand_piano	,0
111480,48,120,0.5905511811023622,0,acoustic_grand_piano	,1
39960,84,120,0.5590551181102362,0,acoustic_grand_piano	,0
111600,53,120,0.6299212598425197,0,acoustic_grand_piano	,1
40080,93,120,0.5826771653543307,0,acoustic_grand_piano	,0
111720,60,120,0.5905511811023622,0,acoustic_grand_piano	,1
#tempo, {"bpm":167.00020318358054,"ticks":130440,"time":95.04650849999996}
40200,96,120,0.5590551181102362,0,acoustic_grand_piano	,0
114720,32,480,0.6692913385826772,0,acoustic_grand_piano	,1
#tempo, {"bpm":173.99979120025057,"ticks":130560,"time":95.13632874999996}
40320,99,120,0.6771653543307087,0,acoustic_grand_piano	,0
114720,44,480,0.7952755905511811,0,acoustic_grand_piano	,1
40440,95,120,0.5590551181102362,0,acoustic_grand_piano	,0
114960,54,120,0.6299212598425197,0,acoustic_grand_piano	,1
40560,93,120,0.5905511811023622,0,acoustic_grand_piano	,0
115080,48,120,0.5748031496062992,0,acoustic_grand_piano	,1
#tempo, {"bpm":171.50011147507246,"ticks":132480,"time":96.51564074999996}
40680,83,120,0.5354330708661418,0,acoustic_grand_piano	,0
115200,31,3840,0.6299212598425197,0,acoustic_grand_piano	,1
40800,87,120,0.6141732283464567,0,acoustic_grand_piano	,0
115200,43,3840,0.7480314960629921,0,acoustic_grand_piano	,1
40920,83,120,0.49606299212598426,0,acoustic_grand_piano	,0
115320,48,120,0.5511811023622047,0,acoustic_grand_piano	,1
41040,81,120,0.5275590551181102,0,acoustic_grand_piano	,0
115440,55,120,0.5984251968503937,0,acoustic_grand_piano	,1
#tempo, {"bpm":163.5002125502763,"ticks":134280,"time":97.82759324999996}
41160,71,120,0.4881889763779528,0,acoustic_grand_piano	,0
115560,60,120,0.5590551181102362,0,acoustic_grand_piano	,1
#tempo, {"bpm":173.99979120025057,"ticks":134400,"time":97.91933624999996}
41280,75,120,0.5669291338582677,0,acoustic_grand_piano	,0
118800,55,120,0.5748031496062992,0,acoustic_grand_piano	,1
41400,71,120,0.4645669291338583,0,acoustic_grand_piano	,0
118920,47,120,0.5354330708661418,0,acoustic_grand_piano	,1
41520,69,120,0.49606299212598426,0,acoustic_grand_piano	,0
119040,30,1920,0.6062992125984252,0,acoustic_grand_piano	,1
41640,59,120,0.4330708661417323,0,acoustic_grand_piano	,0
119040,42,1920,0.7244094488188977,0,acoustic_grand_piano	,1
41760,63,120,0.48031496062992124,0,acoustic_grand_piano	,0
119160,48,120,0.5433070866141733,0,acoustic_grand_piano	,1
#tempo, {"bpm":172.00010320006191,"ticks":137280,"time":99.98830424999996}
42720,64,120,0.48031496062992124,0,acoustic_grand_piano	,0
119280,57,120,0.5748031496062992,0,acoustic_grand_piano	,1
42840,59,120,0.3937007874015748,0,acoustic_grand_piano	,0
119400,60,120,0.5433070866141733,0,acoustic_grand_piano	,1
#tempo, {"bpm":165.99990040005977,"ticks":138120,"time":100.59876899999996}
42960,69,120,0.4251968503937008,0,acoustic_grand_piano	,0
120960,29,1920,0.5905511811023622,0,acoustic_grand_piano	,1
#tempo, {"bpm":173.99979120025057,"ticks":138240,"time":100.68913049999996}
43080,71,120,0.3858267716535433,0,acoustic_grand_piano	,0
120960,41,1920,0.7086614173228346,0,acoustic_grand_piano	,1
43200,76,120,0.4881889763779528,0,acoustic_grand_piano	,0
122640,57,120,0.5590551181102362,0,acoustic_grand_piano	,1
43320,71,120,0.3937007874015748,0,acoustic_grand_piano	,0
122760,47,120,0.5196850393700787,0,acoustic_grand_piano	,1
#tempo, {"bpm":165.99990040005977,"ticks":140040,"time":101.98223549999996}
43440,81,120,0.4251968503937008,0,acoustic_grand_piano	,0
122880,28,1920,0.5984251968503937,0,acoustic_grand_piano	,1
#tempo, {"bpm":173.99979120025057,"ticks":140160,"time":102.07259699999996}
43560,83,120,0.3937007874015748,0,acoustic_grand_piano	,0
122880,40,3840,0.7086614173228346,0,acoustic_grand_piano	,1
#tempo, {"bpm":172.5000431250108,"ticks":141120,"time":102.76225299999996}
43680,88,120,0.4881889763779528,0,acoustic_grand_piano	,0
123000,47,120,0.5196850393700787,0,acoustic_grand_piano	,1
43800,83,120,0.3937007874015748,0,acoustic_grand_piano	,0
123120,56,120,0.5590551181102362,0,acoustic_grand_piano	,1
#tempo, {"bpm":173.99979120025057,"ticks":142080,"time":103.45790499999995}
43920,93,120,0.4251968503937008,0,acoustic_grand_piano	,0
123240,59,120,0.5196850393700787,0,acoustic_grand_piano	,1
44040,95,120,0.3937007874015748,0,acoustic_grand_piano	,0
124800,52,1920,0.6929133858267716,0,acoustic_grand_piano	,1
44160,100,120,0.4881889763779528,0,acoustic_grand_piano	,0
126480,56,120,0.4881889763779528,0,acoustic_grand_piano	,1
44280,95,120,0.3858267716535433,0,acoustic_grand_piano	,0
126600,47,120,0.4330708661417323,0,acoustic_grand_piano	,1
#tempo, {"bpm":173.99979120025057,"ticks":144000,"time":104.83721699999995}
44400,92,120,0.4251968503937008,0,acoustic_grand_piano	,0
126720,38,1920,0.5118110236220472,0,acoustic_grand_piano	,1
#tempo, {"bpm":173.50016337932053,"ticks":144480,"time":105.18204499999996}
44520,83,120,0.3858267716535433,0,acoustic_grand_piano	,0
126840,50,120,0.3937007874015748,0,acoustic_grand_piano	,1
#tempo, {"bpm":172.99990485005233,"ticks":144920,"time":105.4990475833333}
44640,88,120,0.48031496062992124,0,acoustic_grand_piano	,0
126960,57,120,0.4251968503937008,0,acoustic_grand_piano	,1
#tempo, {"bpm":172.5000431250108,"ticks":145360,"time":105.81696683333328}
44760,83,120,0.3937007874015748,0,acoustic_grand_piano	,0
127080,60,120,0.3858267716535433,0,acoustic_grand_piano	,1
#tempo, {"bpm":165.000165000165,"ticks":145400,"time":105.8459523333333}
44880,80,120,0.4251968503937008,0,acoustic_grand_piano	,0
128640,31,1920,0.4409448818897638,0,acoustic_grand_piano	,1
#tempo, {"bpm":172.99990485005233,"ticks":145920,"time":106.23989133333329}
45000,71,120,0.3937007874015748,0,acoustic_grand_piano	,0
128640,43,1920,0.5275590551181102,0,acoustic_grand_piano	,1
#tempo, {"bpm":173.50016337932053,"ticks":146640,"time":106.76012283333328}
45120,76,120,0.48031496062992124,0,acoustic_grand_piano	,0
130320,55,120,0.4251968503937008,0,acoustic_grand_piano	,1
#tempo, {"bpm":173.99979120025057,"ticks":147360,"time":107.27885433333329}
45240,71,120,0.3937007874015748,0,acoustic_grand_piano	,0
130440,50,120,0.3937007874015748,0,acoustic_grand_piano	,1
#tempo, {"bpm":165.000165000165,"ticks":147600,"time":107.45126833333329}
45360,68,120,0.4251968503937008,0,acoustic_grand_piano	,0
130560,36,3840,0.5511811023622047,0,acoustic_grand_piano	,1
#tempo, {"bpm":172.5000431250108,"ticks":147840,"time":107.6330863333333}
45480,59,120,0.3937007874015748,0,acoustic_grand_piano	,0
130680,48,120,0.4094488188976378,0,acoustic_grand_piano	,1
#tempo, {"bpm":172.00010320006191,"ticks":148080,"time":107.8069993333333}
45600,64,120,0.41732283464566927,0,acoustic_grand_piano	,0
130800,55,120,0.4409448818897638,0,acoustic_grand_piano	,1
#tempo, {"bpm":171.50011147507246,"ticks":148320,"time":107.9814178333333}
45720,59,120,0.3937007874015748,0,acoustic_grand_piano	,0
130920,60,120,0.4015748031496063,0,acoustic_grand_piano	,1
#tempo, {"bpm":171.00009405005173,"ticks":148560,"time":108.15634483333329}
46560,67,120,0.48031496062992124,0,acoustic_grand_piano	,0
132480,48,1920,0.5905511811023622,0,acoustic_grand_piano	,1
#tempo, {"bpm":170.50007672503452,"ticks":148800,"time":108.33178333333329}
46680,64,120,0.3937007874015748,0,acoustic_grand_piano	,0
134160,56,120,0.48031496062992124,0,acoustic_grand_piano	,1
#tempo, {"bpm":170.0000850000425,"ticks":149040,"time":108.5077363333333}
46800,69,120,0.4251968503937008,0,acoustic_grand_piano	,0
134280,50,120,0.44881889763779526,0,acoustic_grand_piano	,1
#tempo, {"bpm":169.50014407512248,"ticks":149280,"time":108.68420683333329}
46920,73,120,0.4015748031496063,0,acoustic_grand_piano	,0
134400,36,1920,0.6220472440944882,0,acoustic_grand_piano	,1
#tempo, {"bpm":168.99980283356336,"ticks":149520,"time":108.86119783333329}
47040,79,120,0.4881889763779528,0,acoustic_grand_piano	,0
134520,48,120,0.47244094488188976,0,acoustic_grand_piano	,1
#tempo, {"bpm":160,"ticks":149640,"time":108.94995533333329}
47160,76,120,0.3937007874015748,0,acoustic_grand_piano	,0
134640,55,120,0.5039370078740157,0,acoustic_grand_piano	,1
#tempo, {"bpm":168.50004072084317,"ticks":149760,"time":109.04370533333329}
47280,81,120,0.4330708661417323,0,acoustic_grand_piano	,0
134760,60,120,0.47244094488188976,0,acoustic_grand_piano	,1
47400,85,120,0.3937007874015748,0,acoustic_grand_piano	,0
136320,31,1920,0.6299212598425197,0,acoustic_grand_piano	,1
47520,91,120,0.49606299212598426,0,acoustic_grand_piano	,0
136320,43,1920,0.7480314960629921,0,acoustic_grand_piano	,1
47640,85,120,0.4094488188976378,0,acoustic_grand_piano	,0
137880,56,120,0.5196850393700787,0,acoustic_grand_piano	,1
47760,81,120,0.44881889763779526,0,acoustic_grand_piano	,0
138000,53,120,0.5433070866141733,0,acoustic_grand_piano	,1
47880,76,120,0.4094488188976378,0,acoustic_grand_piano	,0
138120,47,120,0.5039370078740157,0,acoustic_grand_piano	,1
48000,91,120,0.5118110236220472,0,acoustic_grand_piano	,0
138240,31,3840,0.5826771653543307,0,acoustic_grand_piano	,1
48120,84,120,0.4094488188976378,0,acoustic_grand_piano	,0
138240,43,3840,0.6929133858267716,0,acoustic_grand_piano	,1
48240,81,120,0.44881889763779526,0,acoustic_grand_piano	,0
138360,46,120,0.47244094488188976,0,acoustic_grand_piano	,1
48360,76,120,0.4094488188976378,0,acoustic_grand_piano	,0
138480,52,120,0.5039370078740157,0,acoustic_grand_piano	,1
48480,79,120,0.5118110236220472,0,acoustic_grand_piano	,0
138600,55,120,0.48031496062992124,0,acoustic_grand_piano	,1
48600,72,120,0.41732283464566927,0,acoustic_grand_piano	,0
138720,61,120,0.5984251968503937,0,acoustic_grand_piano	,1
48720,69,120,0.44881889763779526,0,acoustic_grand_piano	,0
138840,58,120,0.5039370078740157,0,acoustic_grand_piano	,1
48840,64,120,0.41732283464566927,0,acoustic_grand_piano	,0
142080,31,3840,0.5905511811023622,0,acoustic_grand_piano	,1
48960,67,120,0.5118110236220472,0,acoustic_grand_piano	,0
142080,43,3840,0.7007874015748031,0,acoustic_grand_piano	,1
49080,60,120,0.41732283464566927,0,acoustic_grand_piano	,0
145320,55,120,0.5433070866141733,0,acoustic_grand_piano	,1
49440,66,120,0.5039370078740157,0,acoustic_grand_piano	,0
145440,59,120,0.6299212598425197,0,acoustic_grand_piano	,1
49560,60,120,0.4409448818897638,0,acoustic_grand_piano	,0
145560,53,120,0.5196850393700787,0,acoustic_grand_piano	,1
50400,65,120,0.5669291338582677,0,acoustic_grand_piano	,0
145680,50,120,0.5433070866141733,0,acoustic_grand_piano	,1
50520,62,120,0.4645669291338583,0,acoustic_grand_piano	,0
145800,43,120,0.5354330708661418,0,acoustic_grand_piano	,1
50640,67,120,0.5039370078740157,0,acoustic_grand_piano	,0
145920,24,3840,0.6692913385826772,0,acoustic_grand_piano	,1
50760,72,120,0.4881889763779528,0,acoustic_grand_piano	,0
145920,36,3840,0.8031496062992126,0,acoustic_grand_piano	,1
50880,77,120,0.5748031496062992,0,acoustic_grand_piano	,0
146040,43,120,0.5196850393700787,0,acoustic_grand_piano	,1
51000,74,120,0.49606299212598426,0,acoustic_grand_piano	,0
146160,52,120,0.5354330708661418,0,acoustic_grand_piano	,1
51120,79,120,0.5275590551181102,0,acoustic_grand_piano	,0
146280,55,120,0.5118110236220472,0,acoustic_grand_piano	,1
51240,84,120,0.4881889763779528,0,acoustic_grand_piano	,0
146400,60,120,0.6141732283464567,0,acoustic_grand_piano	,1
51360,89,120,0.5669291338582677,0,acoustic_grand_piano	,0
146520,55,120,0.5590551181102362,0,acoustic_grand_piano	,1
51480,86,120,0.5039370078740157,0,acoustic_grand_piano	,0
149160,55,120,0.5748031496062992,0,acoustic_grand_piano	,1
51600,91,120,0.5275590551181102,0,acoustic_grand_piano	,0
149280,60,120,0.6771653543307087,0,acoustic_grand_piano	,1
51720,96,120,0.5039370078740157,0,acoustic_grand_piano	,0
149400,55,120,0.5748031496062992,0,acoustic_grand_piano	,1
51840,101,120,0.5826771653543307,0,acoustic_grand_piano	,0
149520,52,120,0.5984251968503937,0,acoustic_grand_piano	,1
51960,95,120,0.5039370078740157,0,acoustic_grand_piano	,0
149640,43,120,0.5511811023622047,0,acoustic_grand_piano	,1
52080,91,120,0.5354330708661418,0,acoustic_grand_piano	,0
149760,24,1920,0.6692913385826772,0,acoustic_grand_piano	,1
52200,86,120,0.5039370078740157,0,acoustic_grand_piano	,0
149760,36,1920,0.8031496062992126,0,acoustic_grand_piano	,1
52320,89,120,0.5826771653543307,0,acoustic_grand_piano	,0
52440,83,120,0.5118110236220472,0,acoustic_grand_piano	,0
52560,79,120,0.5354330708661418,0,acoustic_grand_piano	,0
52680,74,120,0.5039370078740157,0,acoustic_grand_piano	,0
52800,77,120,0.5669291338582677,0,acoustic_grand_piano	,0
52920,71,120,0.5039370078740157,0,acoustic_grand_piano	,0
53040,67,120,0.5354330708661418,0,acoustic_grand_piano	,0
53160,62,120,0.5354330708661418,0,acoustic_grand_piano	,0
53280,65,120,0.5669291338582677,0,acoustic_grand_piano	,0
54240,64,120,0.6299212598425197,0,acoustic_grand_piano	,0
54360,60,120,0.5669291338582677,0,acoustic_grand_piano	,0
54480,67,120,0.5984251968503937,0,acoustic_grand_piano	,0
54600,70,120,0.5748031496062992,0,acoustic_grand_piano	,0
54720,76,120,0.6692913385826772,0,acoustic_grand_piano	,0
54840,72,120,0.5748031496062992,0,acoustic_grand_piano	,0
54960,79,120,0.6062992125984252,0,acoustic_grand_piano	,0
55080,82,120,0.5748031496062992,0,acoustic_grand_piano	,0
55200,88,120,0.6771653543307087,0,acoustic_grand_piano	,0
55320,84,120,0.5905511811023622,0,acoustic_grand_piano	,0
55440,91,120,0.6141732283464567,0,acoustic_grand_piano	,0
55560,96,120,0.5905511811023622,0,acoustic_grand_piano	,0
55680,99,120,0.7007874015748031,0,acoustic_grand_piano	,0
55800,94,120,0.5905511811023622,0,acoustic_grand_piano	,0
55920,87,120,0.6220472440944882,0,acoustic_grand_piano	,0
56040,84,120,0.5826771653543307,0,acoustic_grand_piano	,0
56160,87,120,0.6850393700787402,0,acoustic_grand_piano	,0
56280,82,120,0.5826771653543307,0,acoustic_grand_piano	,0
56400,75,120,0.6141732283464567,0,acoustic_grand_piano	,0
56520,72,120,0.5748031496062992,0,acoustic_grand_piano	,0
56640,75,120,0.6692913385826772,0,acoustic_grand_piano	,0
56760,70,120,0.5826771653543307,0,acoustic_grand_piano	,0
56880,63,120,0.5984251968503937,0,acoustic_grand_piano	,0
57000,60,120,0.5748031496062992,0,acoustic_grand_piano	,0
57120,63,120,0.6535433070866141,0,acoustic_grand_piano	,0
57240,58,120,0.5669291338582677,0,acoustic_grand_piano	,0
58080,63,120,0.6220472440944882,0,acoustic_grand_piano	,0
58200,60,120,0.5590551181102362,0,acoustic_grand_piano	,0
58320,63,120,0.5984251968503937,0,acoustic_grand_piano	,0
58440,69,120,0.5748031496062992,0,acoustic_grand_piano	,0
58560,75,120,0.6456692913385826,0,acoustic_grand_piano	,0
58680,72,120,0.5905511811023622,0,acoustic_grand_piano	,0
58800,75,120,0.6062992125984252,0,acoustic_grand_piano	,0
58920,81,120,0.5826771653543307,0,acoustic_grand_piano	,0
59040,87,120,0.6692913385826772,0,acoustic_grand_piano	,0
59160,84,120,0.5905511811023622,0,acoustic_grand_piano	,0
59280,87,120,0.6141732283464567,0,acoustic_grand_piano	,0
59400,93,120,0.5905511811023622,0,acoustic_grand_piano	,0
59520,99,120,0.6771653543307087,0,acoustic_grand_piano	,0
59640,92,120,0.5748031496062992,0,acoustic_grand_piano	,0
59760,87,120,0.6062992125984252,0,acoustic_grand_piano	,0
59880,83,120,0.5748031496062992,0,acoustic_grand_piano	,0
60000,87,120,0.6692913385826772,0,acoustic_grand_piano	,0
60120,80,120,0.5590551181102362,0,acoustic_grand_piano	,0
60240,75,120,0.5984251968503937,0,acoustic_grand_piano	,0
60360,71,120,0.5590551181102362,0,acoustic_grand_piano	,0
60480,75,120,0.6299212598425197,0,acoustic_grand_piano	,0
60600,68,120,0.5511811023622047,0,acoustic_grand_piano	,0
60720,63,120,0.5669291338582677,0,acoustic_grand_piano	,0
60840,59,120,0.5275590551181102,0,acoustic_grand_piano	,0
60960,63,120,0.5590551181102362,0,acoustic_grand_piano	,0
61920,62,120,0.5984251968503937,0,acoustic_grand_piano	,0
62040,58,120,0.5039370078740157,0,acoustic_grand_piano	,0
62160,65,120,0.5433070866141733,0,acoustic_grand_piano	,0
62280,68,120,0.5118110236220472,0,acoustic_grand_piano	,0
62400,74,120,0.5984251968503937,0,acoustic_grand_piano	,0
62520,70,120,0.5196850393700787,0,acoustic_grand_piano	,0
62640,77,120,0.5590551181102362,0,acoustic_grand_piano	,0
62760,80,120,0.5275590551181102,0,acoustic_grand_piano	,0
62880,86,120,0.5984251968503937,0,acoustic_grand_piano	,0
63000,82,120,0.5118110236220472,0,acoustic_grand_piano	,0
63120,89,120,0.5590551181102362,0,acoustic_grand_piano	,0
63240,92,120,0.5275590551181102,0,acoustic_grand_piano	,0
63360,98,120,0.6535433070866141,0,acoustic_grand_piano	,0
63480,92,120,0.5511811023622047,0,acoustic_grand_piano	,0
63600,88,120,0.5826771653543307,0,acoustic_grand_piano	,0
63720,82,120,0.5511811023622047,0,acoustic_grand_piano	,0
63840,86,120,0.6614173228346457,0,acoustic_grand_piano	,0
63960,80,120,0.5590551181102362,0,acoustic_grand_piano	,0
64080,76,120,0.5984251968503937,0,acoustic_grand_piano	,0
64200,70,120,0.5590551181102362,0,acoustic_grand_piano	,0
64320,74,120,0.6850393700787402,0,acoustic_grand_piano	,0
64440,68,120,0.5669291338582677,0,acoustic_grand_piano	,0
64560,64,120,0.5984251968503937,0,acoustic_grand_piano	,0
64680,58,120,0.5511811023622047,0,acoustic_grand_piano	,0
64800,62,120,0.6771653543307087,0,acoustic_grand_piano	,0
65760,61,120,0.6377952755905512,0,acoustic_grand_piano	,0
65880,57,120,0.5511811023622047,0,acoustic_grand_piano	,0
66000,64,120,0.5984251968503937,0,acoustic_grand_piano	,0
66120,69,120,0.5826771653543307,0,acoustic_grand_piano	,0
66240,73,120,0.6535433070866141,0,acoustic_grand_piano	,0
66360,69,120,0.5826771653543307,0,acoustic_grand_piano	,0
66480,76,120,0.6062992125984252,0,acoustic_grand_piano	,0
66600,81,120,0.5748031496062992,0,acoustic_grand_piano	,0
66720,85,120,0.6692913385826772,0,acoustic_grand_piano	,0
66840,81,120,0.5826771653543307,0,acoustic_grand_piano	,0
66960,88,120,0.6141732283464567,0,acoustic_grand_piano	,0
67080,93,120,0.5826771653543307,0,acoustic_grand_piano	,0
67200,97,120,0.6850393700787402,0,acoustic_grand_piano	,0
67320,93,120,0.5826771653543307,0,acoustic_grand_piano	,0
67440,88,120,0.6220472440944882,0,acoustic_grand_piano	,0
67560,81,120,0.5826771653543307,0,acoustic_grand_piano	,0
67680,85,120,0.6692913385826772,0,acoustic_grand_piano	,0
67800,81,120,0.5669291338582677,0,acoustic_grand_piano	,0
67920,76,120,0.6062992125984252,0,acoustic_grand_piano	,0
68040,69,120,0.5669291338582677,0,acoustic_grand_piano	,0
68160,73,120,0.6771653543307087,0,acoustic_grand_piano	,0
68280,69,120,0.5669291338582677,0,acoustic_grand_piano	,0
68400,64,120,0.5826771653543307,0,acoustic_grand_piano	,0
68520,57,120,0.5433070866141733,0,acoustic_grand_piano	,0
68640,61,120,0.6614173228346457,0,acoustic_grand_piano	,0
69600,60,120,0.5826771653543307,0,acoustic_grand_piano	,0
69720,57,120,0.5354330708661418,0,acoustic_grand_piano	,0
69840,62,120,0.5590551181102362,0,acoustic_grand_piano	,0
69960,66,120,0.5196850393700787,0,acoustic_grand_piano	,0
70080,72,120,0.5826771653543307,0,acoustic_grand_piano	,0
70200,69,120,0.5196850393700787,0,acoustic_grand_piano	,0
70320,74,120,0.5590551181102362,0,acoustic_grand_piano	,0
70440,78,120,0.5354330708661418,0,acoustic_grand_piano	,0
70560,84,120,0.5905511811023622,0,acoustic_grand_piano	,0
70680,81,120,0.5275590551181102,0,acoustic_grand_piano	,0
70800,86,120,0.5511811023622047,0,acoustic_grand_piano	,0
70920,90,120,0.5275590551181102,0,acoustic_grand_piano	,0
71040,96,120,0.5984251968503937,0,acoustic_grand_piano	,0
71160,89,120,0.5354330708661418,0,acoustic_grand_piano	,0
71280,86,120,0.5590551181102362,0,acoustic_grand_piano	,0
71400,79,120,0.5354330708661418,0,acoustic_grand_piano	,0
71520,84,120,0.5748031496062992,0,acoustic_grand_piano	,0
71640,77,120,0.5196850393700787,0,acoustic_grand_piano	,0
71760,74,120,0.5433070866141733,0,acoustic_grand_piano	,0
71880,67,120,0.49606299212598426,0,acoustic_grand_piano	,0
72000,72,120,0.5826771653543307,0,acoustic_grand_piano	,0
72120,65,120,0.49606299212598426,0,acoustic_grand_piano	,0
72240,62,120,0.5196850393700787,0,acoustic_grand_piano	,0
73680,60,120,0.48031496062992124,0,acoustic_grand_piano	,0
73800,64,120,0.5118110236220472,0,acoustic_grand_piano	,0
73920,71,120,0.5669291338582677,0,acoustic_grand_piano	,0
74040,67,120,0.48031496062992124,0,acoustic_grand_piano	,0
74160,72,120,0.5196850393700787,0,acoustic_grand_piano	,0
74280,76,120,0.48031496062992124,0,acoustic_grand_piano	,0
74400,83,120,0.5748031496062992,0,acoustic_grand_piano	,0
74520,79,120,0.5039370078740157,0,acoustic_grand_piano	,0
74640,84,120,0.5196850393700787,0,acoustic_grand_piano	,0
74760,88,120,0.49606299212598426,0,acoustic_grand_piano	,0
74880,95,120,0.5905511811023622,0,acoustic_grand_piano	,0
75000,88,120,0.5118110236220472,0,acoustic_grand_piano	,0
75120,84,120,0.5275590551181102,0,acoustic_grand_piano	,0
75240,77,120,0.5275590551181102,0,acoustic_grand_piano	,0
75360,83,120,0.5826771653543307,0,acoustic_grand_piano	,0
75480,76,120,0.5039370078740157,0,acoustic_grand_piano	,0
75600,72,120,0.5196850393700787,0,acoustic_grand_piano	,0
75720,65,120,0.48031496062992124,0,acoustic_grand_piano	,0
75840,71,120,0.5748031496062992,0,acoustic_grand_piano	,0
75960,64,120,0.5196850393700787,0,acoustic_grand_piano	,0
76080,60,120,0.48031496062992124,0,acoustic_grand_piano	,0
77640,62,120,0.5196850393700787,0,acoustic_grand_piano	,0
77760,69,120,0.5826771653543307,0,acoustic_grand_piano	,0
77880,65,120,0.5039370078740157,0,acoustic_grand_piano	,0
78000,71,120,0.5354330708661418,0,acoustic_grand_piano	,0
78120,74,120,0.49606299212598426,0,acoustic_grand_piano	,0
78240,81,120,0.5826771653543307,0,acoustic_grand_piano	,0
78360,77,120,0.5039370078740157,0,acoustic_grand_piano	,0
78480,83,120,0.5354330708661418,0,acoustic_grand_piano	,0
78600,86,120,0.5039370078740157,0,acoustic_grand_piano	,0
78720,91,120,0.5905511811023622,0,acoustic_grand_piano	,0
78840,86,120,0.5118110236220472,0,acoustic_grand_piano	,0
78960,83,120,0.5354330708661418,0,acoustic_grand_piano	,0
79080,76,120,0.5118110236220472,0,acoustic_grand_piano	,0
79200,79,120,0.5905511811023622,0,acoustic_grand_piano	,0
79320,74,120,0.5118110236220472,0,acoustic_grand_piano	,0
79440,71,120,0.5354330708661418,0,acoustic_grand_piano	,0
79560,64,120,0.5039370078740157,0,acoustic_grand_piano	,0
79680,69,120,0.5905511811023622,0,acoustic_grand_piano	,0
79800,72,120,0.5039370078740157,0,acoustic_grand_piano	,0
79920,79,120,0.5354330708661418,0,acoustic_grand_piano	,0
80040,76,120,0.5039370078740157,0,acoustic_grand_piano	,0
80160,81,120,0.5905511811023622,0,acoustic_grand_piano	,0
80280,84,120,0.5118110236220472,0,acoustic_grand_piano	,0
80400,91,120,0.5433070866141733,0,acoustic_grand_piano	,0
80520,88,120,0.5118110236220472,0,acoustic_grand_piano	,0
80640,89,120,0.5984251968503937,0,acoustic_grand_piano	,0
80760,84,120,0.5275590551181102,0,acoustic_grand_piano	,0
80880,81,120,0.5511811023622047,0,acoustic_grand_piano	,0
81000,74,120,0.5196850393700787,0,acoustic_grand_piano	,0
81120,77,120,0.6062992125984252,0,acoustic_grand_piano	,0
81240,72,120,0.5275590551181102,0,acoustic_grand_piano	,0
81360,69,120,0.5669291338582677,0,acoustic_grand_piano	,0
81480,62,120,0.5275590551181102,0,acoustic_grand_piano	,0
81600,67,120,0.6141732283464567,0,acoustic_grand_piano	,0
81720,71,120,0.5196850393700787,0,acoustic_grand_piano	,0
81840,77,120,0.5669291338582677,0,acoustic_grand_piano	,0
81960,74,120,0.5354330708661418,0,acoustic_grand_piano	,0
82080,79,120,0.6141732283464567,0,acoustic_grand_piano	,0
82200,83,120,0.5354330708661418,0,acoustic_grand_piano	,0
82320,89,120,0.5826771653543307,0,acoustic_grand_piano	,0
82440,86,120,0.5354330708661418,0,acoustic_grand_piano	,0
82560,88,120,0.6299212598425197,0,acoustic_grand_piano	,0
82680,83,120,0.5511811023622047,0,acoustic_grand_piano	,0
82800,79,120,0.5905511811023622,0,acoustic_grand_piano	,0
82920,72,120,0.5511811023622047,0,acoustic_grand_piano	,0
83040,76,120,0.6535433070866141,0,acoustic_grand_piano	,0
83160,71,120,0.5511811023622047,0,acoustic_grand_piano	,0
83280,67,120,0.5984251968503937,0,acoustic_grand_piano	,0
83400,60,120,0.5511811023622047,0,acoustic_grand_piano	,0
83520,65,120,0.6771653543307087,0,acoustic_grand_piano	,0
83640,69,120,0.5590551181102362,0,acoustic_grand_piano	,0
83760,76,120,0.6062992125984252,0,acoustic_grand_piano	,0
83880,72,120,0.5590551181102362,0,acoustic_grand_piano	,0
84000,77,120,0.6771653543307087,0,acoustic_grand_piano	,0
84120,81,120,0.5748031496062992,0,acoustic_grand_piano	,0
84240,88,120,0.6220472440944882,0,acoustic_grand_piano	,0
84360,84,120,0.5905511811023622,0,acoustic_grand_piano	,0
84480,86,120,0.7086614173228346,0,acoustic_grand_piano	,0
84600,81,120,0.5984251968503937,0,acoustic_grand_piano	,0
84720,77,120,0.6299212598425197,0,acoustic_grand_piano	,0
84840,71,120,0.5905511811023622,0,acoustic_grand_piano	,0
84960,74,120,0.7086614173228346,0,acoustic_grand_piano	,0
85080,69,120,0.5984251968503937,0,acoustic_grand_piano	,0
85200,65,120,0.6299212598425197,0,acoustic_grand_piano	,0
85320,59,120,0.5826771653543307,0,acoustic_grand_piano	,0
85440,62,120,0.7086614173228346,0,acoustic_grand_piano	,0
86400,87,120,0.7165354330708661,0,acoustic_grand_piano	,0
86520,81,120,0.5905511811023622,0,acoustic_grand_piano	,0
86640,78,120,0.6299212598425197,0,acoustic_grand_piano	,0
86760,71,120,0.5905511811023622,0,acoustic_grand_piano	,0
86880,75,120,0.7165354330708661,0,acoustic_grand_piano	,0
87000,69,120,0.5984251968503937,0,acoustic_grand_piano	,0
87120,66,120,0.6299212598425197,0,acoustic_grand_piano	,0
87240,59,120,0.5826771653543307,0,acoustic_grand_piano	,0
87360,63,120,0.7165354330708661,0,acoustic_grand_piano	,0
88800,64,120,0.7165354330708661,0,acoustic_grand_piano	,0
88920,59,120,0.5984251968503937,0,acoustic_grand_piano	,0
89040,64,120,0.6299212598425197,0,acoustic_grand_piano	,0
89160,68,120,0.6062992125984252,0,acoustic_grand_piano	,0
89280,76,120,0.7165354330708661,0,acoustic_grand_piano	,0
89400,71,120,0.5984251968503937,0,acoustic_grand_piano	,0
89520,76,120,0.6299212598425197,0,acoustic_grand_piano	,0
89640,80,120,0.5984251968503937,0,acoustic_grand_piano	,0
89760,88,120,0.7165354330708661,0,acoustic_grand_piano	,0
89880,83,120,0.5905511811023622,0,acoustic_grand_piano	,0
90000,88,120,0.6299212598425197,0,acoustic_grand_piano	,0
90120,92,120,0.5905511811023622,0,acoustic_grand_piano	,0
90240,100,120,0.7165354330708661,0,acoustic_grand_piano	,0
90360,92,120,0.6062992125984252,0,acoustic_grand_piano	,0
90480,88,120,0.6220472440944882,0,acoustic_grand_piano	,0
90600,83,120,0.5826771653543307,0,acoustic_grand_piano	,0
90720,88,120,0.6929133858267716,0,acoustic_grand_piano	,0
90840,80,120,0.5669291338582677,0,acoustic_grand_piano	,0
90960,76,120,0.5984251968503937,0,acoustic_grand_piano	,0
91080,71,120,0.5433070866141733,0,acoustic_grand_piano	,0
91200,76,120,0.6692913385826772,0,acoustic_grand_piano	,0
91320,68,120,0.5433070866141733,0,acoustic_grand_piano	,0
91440,64,120,0.5669291338582677,0,acoustic_grand_piano	,0
91560,59,120,0.5275590551181102,0,acoustic_grand_piano	,0
91680,65,120,0.6299212598425197,0,acoustic_grand_piano	,0
91800,59,120,0.5118110236220472,0,acoustic_grand_piano	,0
92640,64,120,0.5669291338582677,0,acoustic_grand_piano	,0
92760,60,120,0.49606299212598426,0,acoustic_grand_piano	,0
92880,67,120,0.5354330708661418,0,acoustic_grand_piano	,0
93000,72,120,0.5118110236220472,0,acoustic_grand_piano	,0
93120,76,120,0.5984251968503937,0,acoustic_grand_piano	,0
93240,72,120,0.5039370078740157,0,acoustic_grand_piano	,0
93360,79,120,0.5511811023622047,0,acoustic_grand_piano	,0
93480,84,120,0.5039370078740157,0,acoustic_grand_piano	,0
93600,88,120,0.6062992125984252,0,acoustic_grand_piano	,0
93720,84,120,0.5118110236220472,0,acoustic_grand_piano	,0
93840,91,120,0.5511811023622047,0,acoustic_grand_piano	,0
93960,96,120,0.5118110236220472,0,acoustic_grand_piano	,0
94080,100,120,0.6062992125984252,0,acoustic_grand_piano	,0
94200,96,120,0.5196850393700787,0,acoustic_grand_piano	,0
94320,91,120,0.5590551181102362,0,acoustic_grand_piano	,0
94440,84,120,0.5354330708661418,0,acoustic_grand_piano	,0
94560,88,120,0.6062992125984252,0,acoustic_grand_piano	,0
94680,84,120,0.5196850393700787,0,acoustic_grand_piano	,0
94800,79,120,0.5511811023622047,0,acoustic_grand_piano	,0
94920,72,120,0.5118110236220472,0,acoustic_grand_piano	,0
95040,76,120,0.5984251968503937,0,acoustic_grand_piano	,0
95160,72,120,0.5118110236220472,0,acoustic_grand_piano	,0
95280,67,120,0.5433070866141733,0,acoustic_grand_piano	,0
95400,60,120,0.49606299212598426,0,acoustic_grand_piano	,0
95520,64,120,0.5905511811023622,0,acoustic_grand_piano	,0
95640,60,120,0.49606299212598426,0,acoustic_grand_piano	,0
96480,65,120,0.6141732283464567,0,acoustic_grand_piano	,0
96600,60,120,0.5039370078740157,0,acoustic_grand_piano	,0
96720,69,120,0.5433070866141733,0,acoustic_grand_piano	,0
96840,72,120,0.5275590551181102,0,acoustic_grand_piano	,0
96960,77,120,0.6456692913385826,0,acoustic_grand_piano	,0
97080,72,120,0.5354330708661418,0,acoustic_grand_piano	,0
97200,81,120,0.5748031496062992,0,acoustic_grand_piano	,0
97320,84,120,0.5433070866141733,0,acoustic_grand_piano	,0
97440,89,120,0.6535433070866141,0,acoustic_grand_piano	,0
97560,84,120,0.5433070866141733,0,acoustic_grand_piano	,0
97680,93,120,0.5826771653543307,0,acoustic_grand_piano	,0
97800,96,120,0.5511811023622047,0,acoustic_grand_piano	,0
97920,100,120,0.6929133858267716,0,acoustic_grand_piano	,0
98040,96,120,0.5511811023622047,0,acoustic_grand_piano	,0
98160,93,120,0.6062992125984252,0,acoustic_grand_piano	,0
98280,84,120,0.5590551181102362,0,acoustic_grand_piano	,0
98400,88,120,0.7007874015748031,0,acoustic_grand_piano	,0
98520,84,120,0.5669291338582677,0,acoustic_grand_piano	,0
98640,81,120,0.6220472440944882,0,acoustic_grand_piano	,0
98760,72,120,0.5748031496062992,0,acoustic_grand_piano	,0
98880,76,120,0.7007874015748031,0,acoustic_grand_piano	,0
99000,72,120,0.5748031496062992,0,acoustic_grand_piano	,0
99120,69,120,0.6141732283464567,0,acoustic_grand_piano	,0
99240,60,120,0.5669291338582677,0,acoustic_grand_piano	,0
99360,62,120,0.7086614173228346,0,acoustic_grand_piano	,0
99480,60,120,0.5669291338582677,0,acoustic_grand_piano	,0
100320,62,120,0.7165354330708661,0,acoustic_grand_piano	,0
100440,59,120,0.5905511811023622,0,acoustic_grand_piano	,0
100560,67,120,0.6299212598425197,0,acoustic_grand_piano	,0
100680,71,120,0.5984251968503937,0,acoustic_grand_piano	,0
100800,74,120,0.7322834645669292,0,acoustic_grand_piano	,0
100920,71,120,0.5984251968503937,0,acoustic_grand_piano	,0
101040,79,120,0.6456692913385826,0,acoustic_grand_piano	,0
101160,83,120,0.5984251968503937,0,acoustic_grand_piano	,0
101280,86,120,0.7401574803149606,0,acoustic_grand_piano	,0
101400,83,120,0.5984251968503937,0,acoustic_grand_piano	,0
101520,91,120,0.6535433070866141,0,acoustic_grand_piano	,0
101640,93,120,0.5984251968503937,0,acoustic_grand_piano	,0
101760,98,120,0.7559055118110236,0,acoustic_grand_piano	,0
101880,93,120,0.6062992125984252,0,acoustic_grand_piano	,0
102000,90,120,0.6614173228346457,0,acoustic_grand_piano	,0
102120,84,120,0.5984251968503937,0,acoustic_grand_piano	,0
102240,86,120,0.7480314960629921,0,acoustic_grand_piano	,0
102360,81,120,0.5984251968503937,0,acoustic_grand_piano	,0
102480,78,120,0.6535433070866141,0,acoustic_grand_piano	,0
102600,72,120,0.6062992125984252,0,acoustic_grand_piano	,0
102720,74,120,0.7322834645669292,0,acoustic_grand_piano	,0
102840,69,120,0.6062992125984252,0,acoustic_grand_piano	,0
102960,66,120,0.6377952755905512,0,acoustic_grand_piano	,0
103080,60,120,0.5984251968503937,0,acoustic_grand_piano	,0
103200,62,120,0.7165354330708661,0,acoustic_grand_piano	,0
104160,62,120,0.7165354330708661,0,acoustic_grand_piano	,0
104280,60,120,0.5826771653543307,0,acoustic_grand_piano	,0
104400,65,120,0.6299212598425197,0,acoustic_grand_piano	,0
104520,68,120,0.5984251968503937,0,acoustic_grand_piano	,0
104640,74,120,0.7322834645669292,0,acoustic_grand_piano	,0
104760,72,120,0.5984251968503937,0,acoustic_grand_piano	,0
104880,77,120,0.6456692913385826,0,acoustic_grand_piano	,0
105000,80,120,0.6062992125984252,0,acoustic_grand_piano	,0
105120,86,120,0.7401574803149606,0,acoustic_grand_piano	,0
105240,84,120,0.6141732283464567,0,acoustic_grand_piano	,0
105360,89,120,0.6535433070866141,0,acoustic_grand_piano	,0
105480,92,120,0.5984251968503937,0,acoustic_grand_piano	,0
105600,98,120,0.7480314960629921,0,acoustic_grand_piano	,0
105720,91,120,0.6141732283464567,0,acoustic_grand_piano	,0
105840,89,120,0.6614173228346457,0,acoustic_grand_piano	,0
105960,83,120,0.6062992125984252,0,acoustic_grand_piano	,0
106080,86,120,0.7401574803149606,0,acoustic_grand_piano	,0
106200,79,120,0.6141732283464567,0,acoustic_grand_piano	,0
106320,77,120,0.6535433070866141,0,acoustic_grand_piano	,0
106440,71,120,0.6062992125984252,0,acoustic_grand_piano	,0
106560,74,120,0.7244094488188977,0,acoustic_grand_piano	,0
106680,67,120,0.6062992125984252,0,acoustic_grand_piano	,0
106800,65,120,0.6377952755905512,0,acoustic_grand_piano	,0
106920,59,120,0.5905511811023622,0,acoustic_grand_piano	,0
107040,63,120,0.7165354330708661,0,acoustic_grand_piano	,0
108000,64,120,0.7244094488188977,0,acoustic_grand_piano	,0
108120,60,120,0.5905511811023622,0,acoustic_grand_piano	,0
108240,67,120,0.6299212598425197,0,acoustic_grand_piano	,0
108360,72,120,0.5984251968503937,0,acoustic_grand_piano	,0
108480,76,120,0.7322834645669292,0,acoustic_grand_piano	,0
108600,72,120,0.5984251968503937,0,acoustic_grand_piano	,0
108720,79,120,0.6456692913385826,0,acoustic_grand_piano	,0
108840,84,120,0.5984251968503937,0,acoustic_grand_piano	,0
108960,88,120,0.7401574803149606,0,acoustic_grand_piano	,0
109080,84,120,0.6141732283464567,0,acoustic_grand_piano	,0
109200,91,120,0.6535433070866141,0,acoustic_grand_piano	,0
109320,96,120,0.6141732283464567,0,acoustic_grand_piano	,0
109440,100,120,0.7559055118110236,0,acoustic_grand_piano	,0
109560,96,120,0.6062992125984252,0,acoustic_grand_piano	,0
109680,91,120,0.6614173228346457,0,acoustic_grand_piano	,0
109800,84,120,0.6062992125984252,0,acoustic_grand_piano	,0
109920,88,120,0.7480314960629921,0,acoustic_grand_piano	,0
110040,84,120,0.5984251968503937,0,acoustic_grand_piano	,0
110160,79,120,0.6535433070866141,0,acoustic_grand_piano	,0
110280,72,120,0.5984251968503937,0,acoustic_grand_piano	,0
110400,76,120,0.7401574803149606,0,acoustic_grand_piano	,0
110520,72,120,0.6062992125984252,0,acoustic_grand_piano	,0
110640,67,120,0.6377952755905512,0,acoustic_grand_piano	,0
110760,60,120,0.6062992125984252,0,acoustic_grand_piano	,0
110880,64,120,0.7244094488188977,0,acoustic_grand_piano	,0
111000,60,120,0.5984251968503937,0,acoustic_grand_piano	,0
111840,65,120,0.6692913385826772,0,acoustic_grand_piano	,0
111960,60,120,0.5905511811023622,0,acoustic_grand_piano	,0
112080,65,120,0.6299212598425197,0,acoustic_grand_piano	,0
112200,72,120,0.5984251968503937,0,acoustic_grand_piano	,0
112320,77,120,0.6929133858267716,0,acoustic_grand_piano	,0
112440,72,120,0.5984251968503937,0,acoustic_grand_piano	,0
112560,77,120,0.6456692913385826,0,acoustic_grand_piano	,0
112680,84,120,0.6062992125984252,0,acoustic_grand_piano	,0
112800,89,120,0.7086614173228346,0,acoustic_grand_piano	,0
112920,84,120,0.6141732283464567,0,acoustic_grand_piano	,0
113040,89,120,0.6535433070866141,0,acoustic_grand_piano	,0
113160,96,120,0.6141732283464567,0,acoustic_grand_piano	,0
113280,100,120,0.7244094488188977,0,acoustic_grand_piano	,0
113400,96,120,0.6141732283464567,0,acoustic_grand_piano	,0
113520,90,120,0.6614173228346457,0,acoustic_grand_piano	,0
113640,84,120,0.6141732283464567,0,acoustic_grand_piano	,0
113760,88,120,0.7165354330708661,0,acoustic_grand_piano	,0
113880,84,120,0.6220472440944882,0,acoustic_grand_piano	,0
114000,78,120,0.6535433070866141,0,acoustic_grand_piano	,0
114120,72,120,0.5984251968503937,0,acoustic_grand_piano	,0
114240,75,120,0.7086614173228346,0,acoustic_grand_piano	,0
114360,72,120,0.6141732283464567,0,acoustic_grand_piano	,0
114480,66,120,0.6377952755905512,0,acoustic_grand_piano	,0
114600,60,120,0.5905511811023622,0,acoustic_grand_piano	,0
114720,63,120,0.6771653543307087,0,acoustic_grand_piano	,0
114840,60,120,0.5826771653543307,0,acoustic_grand_piano	,0
115680,62,120,0.6141732283464567,0,acoustic_grand_piano	,0
115800,60,120,0.5590551181102362,0,acoustic_grand_piano	,0
115920,67,120,0.5984251968503937,0,acoustic_grand_piano	,0
116040,72,120,0.5748031496062992,0,acoustic_grand_piano	,0
116160,74,120,0.6535433070866141,0,acoustic_grand_piano	,0
116280,72,120,0.5826771653543307,0,acoustic_grand_piano	,0
116400,79,120,0.5984251968503937,0,acoustic_grand_piano	,0
116520,84,120,0.5669291338582677,0,acoustic_grand_piano	,0
116640,86,120,0.6692913385826772,0,acoustic_grand_piano	,0
116760,84,120,0.5905511811023622,0,acoustic_grand_piano	,0
116880,91,120,0.6062992125984252,0,acoustic_grand_piano	,0
117000,96,120,0.5590551181102362,0,acoustic_grand_piano	,0
117120,98,120,0.6850393700787402,0,acoustic_grand_piano	,0
117240,95,120,0.5748031496062992,0,acoustic_grand_piano	,0
117360,91,120,0.6141732283464567,0,acoustic_grand_piano	,0
117480,83,120,0.5748031496062992,0,acoustic_grand_piano	,0
117600,86,120,0.6535433070866141,0,acoustic_grand_piano	,0
117720,83,120,0.5748031496062992,0,acoustic_grand_piano	,0
117840,79,120,0.5984251968503937,0,acoustic_grand_piano	,0
117960,71,120,0.5590551181102362,0,acoustic_grand_piano	,0
118080,74,120,0.6456692913385826,0,acoustic_grand_piano	,0
118200,71,120,0.5511811023622047,0,acoustic_grand_piano	,0
118320,67,120,0.5826771653543307,0,acoustic_grand_piano	,0
118440,59,120,0.5511811023622047,0,acoustic_grand_piano	,0
118560,62,120,0.6299212598425197,0,acoustic_grand_piano	,0
118680,59,120,0.5354330708661418,0,acoustic_grand_piano	,0
119520,62,120,0.5905511811023622,0,acoustic_grand_piano	,0
119640,60,120,0.5354330708661418,0,acoustic_grand_piano	,0
119760,69,120,0.5748031496062992,0,acoustic_grand_piano	,0
119880,72,120,0.5433070866141733,0,acoustic_grand_piano	,0
120000,74,120,0.6062992125984252,0,acoustic_grand_piano	,0
120120,72,120,0.5511811023622047,0,acoustic_grand_piano	,0
120240,81,120,0.5748031496062992,0,acoustic_grand_piano	,0
120360,84,120,0.5669291338582677,0,acoustic_grand_piano	,0
120480,86,120,0.6377952755905512,0,acoustic_grand_piano	,0
120600,84,120,0.5669291338582677,0,acoustic_grand_piano	,0
120720,93,120,0.5826771653543307,0,acoustic_grand_piano	,0
120840,96,120,0.5433070866141733,0,acoustic_grand_piano	,0
120960,99,120,0.6456692913385826,0,acoustic_grand_piano	,0
121080,96,120,0.5511811023622047,0,acoustic_grand_piano	,0
121200,93,120,0.5905511811023622,0,acoustic_grand_piano	,0
121320,84,120,0.5433070866141733,0,acoustic_grand_piano	,0
121440,87,120,0.6377952755905512,0,acoustic_grand_piano	,0
121560,84,120,0.5511811023622047,0,acoustic_grand_piano	,0
121680,81,120,0.5826771653543307,0,acoustic_grand_piano	,0
121800,72,120,0.5511811023622047,0,acoustic_grand_piano	,0
121920,75,120,0.6220472440944882,0,acoustic_grand_piano	,0
122040,71,120,0.5511811023622047,0,acoustic_grand_piano	,0
122160,69,120,0.5590551181102362,0,acoustic_grand_piano	,0
122280,59,120,0.5275590551181102,0,acoustic_grand_piano	,0
122400,63,120,0.6141732283464567,0,acoustic_grand_piano	,0
122520,59,120,0.5275590551181102,0,acoustic_grand_piano	,0
123360,64,120,0.5826771653543307,0,acoustic_grand_piano	,0
123480,59,120,0.5196850393700787,0,acoustic_grand_piano	,0
123600,68,120,0.5511811023622047,0,acoustic_grand_piano	,0
123720,71,120,0.5196850393700787,0,acoustic_grand_piano	,0
123840,76,120,0.6141732283464567,0,acoustic_grand_piano	,0
123960,71,120,0.5196850393700787,0,acoustic_grand_piano	,0
124080,80,120,0.5590551181102362,0,acoustic_grand_piano	,0
124200,83,120,0.5275590551181102,0,acoustic_grand_piano	,0
124320,88,120,0.6299212598425197,0,acoustic_grand_piano	,0
124440,83,120,0.5354330708661418,0,acoustic_grand_piano	,0
124560,92,120,0.5590551181102362,0,acoustic_grand_piano	,0
124680,95,120,0.5354330708661418,0,acoustic_grand_piano	,0
124800,100,120,0.6377952755905512,0,acoustic_grand_piano	,0
124920,95,120,0.5433070866141733,0,acoustic_grand_piano	,0
125040,92,120,0.5590551181102362,0,acoustic_grand_piano	,0
125160,83,120,0.5118110236220472,0,acoustic_grand_piano	,0
125280,88,120,0.6220472440944882,0,acoustic_grand_piano	,0
125400,83,120,0.5196850393700787,0,acoustic_grand_piano	,0
125520,80,120,0.5433070866141733,0,acoustic_grand_piano	,0
125640,71,120,0.4881889763779528,0,acoustic_grand_piano	,0
125760,76,120,0.5905511811023622,0,acoustic_grand_piano	,0
125880,71,120,0.4881889763779528,0,acoustic_grand_piano	,0
126000,68,120,0.5118110236220472,0,acoustic_grand_piano	,0
126120,59,120,0.47244094488188976,0,acoustic_grand_piano	,0
126240,64,120,0.5511811023622047,0,acoustic_grand_piano	,0
126360,59,120,0.4645669291338583,0,acoustic_grand_piano	,0
127200,65,120,0.4881889763779528,0,acoustic_grand_piano	,0
127320,62,120,0.3937007874015748,0,acoustic_grand_piano	,0
127440,69,120,0.4251968503937008,0,acoustic_grand_piano	,0
127560,72,120,0.4094488188976378,0,acoustic_grand_piano	,0
127680,77,120,0.49606299212598426,0,acoustic_grand_piano	,0
127800,74,120,0.4015748031496063,0,acoustic_grand_piano	,0
127920,81,120,0.4330708661417323,0,acoustic_grand_piano	,0
128040,84,120,0.4094488188976378,0,acoustic_grand_piano	,0
128160,89,120,0.49606299212598426,0,acoustic_grand_piano	,0
128280,86,120,0.41732283464566927,0,acoustic_grand_piano	,0
128400,93,120,0.4409448818897638,0,acoustic_grand_piano	,0
128520,96,120,0.41732283464566927,0,acoustic_grand_piano	,0
128640,101,120,0.5039370078740157,0,acoustic_grand_piano	,0
128760,95,120,0.41732283464566927,0,acoustic_grand_piano	,0
128880,91,120,0.44881889763779526,0,acoustic_grand_piano	,0
129000,86,120,0.4094488188976378,0,acoustic_grand_piano	,0
129120,89,120,0.49606299212598426,0,acoustic_grand_piano	,0
129240,83,120,0.3937007874015748,0,acoustic_grand_piano	,0
129360,79,120,0.4409448818897638,0,acoustic_grand_piano	,0
129480,74,120,0.4015748031496063,0,acoustic_grand_piano	,0
129600,77,120,0.4881889763779528,0,acoustic_grand_piano	,0
129720,71,120,0.4094488188976378,0,acoustic_grand_piano	,0
129840,67,120,0.4330708661417323,0,acoustic_grand_piano	,0
129960,62,120,0.4094488188976378,0,acoustic_grand_piano	,0
130080,65,120,0.4881889763779528,0,acoustic_grand_piano	,0
130200,59,120,0.3937007874015748,0,acoustic_grand_piano	,0
131040,64,120,0.49606299212598426,0,acoustic_grand_piano	,0
131160,60,120,0.41732283464566927,0,acoustic_grand_piano	,0
131280,67,120,0.44881889763779526,0,acoustic_grand_piano	,0
131400,72,120,0.4094488188976378,0,acoustic_grand_piano	,0
131520,76,120,0.5118110236220472,0,acoustic_grand_piano	,0
131640,72,120,0.4094488188976378,0,acoustic_grand_piano	,0
131760,82,120,0.4566929133858268,0,acoustic_grand_piano	,0
131880,84,120,0.41732283464566927,0,acoustic_grand_piano	,0
132000,91,120,0.5511811023622047,0,acoustic_grand_piano	,0
132120,84,120,0.48031496062992124,0,acoustic_grand_piano	,0
132240,82,120,0.49606299212598426,0,acoustic_grand_piano	,0
132360,76,120,0.49606299212598426,0,acoustic_grand_piano	,0
132480,90,120,0.5511811023622047,0,acoustic_grand_piano	,0
132600,84,120,0.48031496062992124,0,acoustic_grand_piano	,0
132720,81,120,0.49606299212598426,0,acoustic_grand_piano	,0
132840,75,120,0.48031496062992124,0,acoustic_grand_piano	,0
132960,78,120,0.5354330708661418,0,acoustic_grand_piano	,0
133080,72,120,0.4881889763779528,0,acoustic_grand_piano	,0
133200,69,120,0.49606299212598426,0,acoustic_grand_piano	,0
133320,63,120,0.48031496062992124,0,acoustic_grand_piano	,0
133440,77,120,0.5354330708661418,0,acoustic_grand_piano	,0
133560,71,120,0.47244094488188976,0,acoustic_grand_piano	,0
133680,68,120,0.47244094488188976,0,acoustic_grand_piano	,0
133800,62,120,0.4566929133858268,0,acoustic_grand_piano	,0
133920,65,120,0.5511811023622047,0,acoustic_grand_piano	,0
134040,59,120,0.48031496062992124,0,acoustic_grand_piano	,0
134880,64,120,0.5590551181102362,0,acoustic_grand_piano	,0
135000,60,120,0.5118110236220472,0,acoustic_grand_piano	,0
135120,67,120,0.5433070866141733,0,acoustic_grand_piano	,0
135240,72,120,0.5118110236220472,0,acoustic_grand_piano	,0
135360,79,120,0.5905511811023622,0,acoustic_grand_piano	,0
135480,76,120,0.5275590551181102,0,acoustic_grand_piano	,0
135600,79,120,0.5748031496062992,0,acoustic_grand_piano	,0
135720,84,120,0.5354330708661418,0,acoustic_grand_piano	,0
135840,88,120,0.6299212598425197,0,acoustic_grand_piano	,0
135960,84,120,0.5669291338582677,0,acoustic_grand_piano	,0
136080,79,120,0.6062992125984252,0,acoustic_grand_piano	,0
136200,72,120,0.5748031496062992,0,acoustic_grand_piano	,0
136320,87,120,0.6771653543307087,0,acoustic_grand_piano	,0
136440,81,120,0.5905511811023622,0,acoustic_grand_piano	,0
136560,78,120,0.6220472440944882,0,acoustic_grand_piano	,0
136680,72,120,0.5748031496062992,0,acoustic_grand_piano	,0
136800,75,120,0.6614173228346457,0,acoustic_grand_piano	,0
136920,69,120,0.5511811023622047,0,acoustic_grand_piano	,0
137040,66,120,0.5984251968503937,0,acoustic_grand_piano	,0
137160,60,120,0.5590551181102362,0,acoustic_grand_piano	,0
137280,74,120,0.6299212598425197,0,acoustic_grand_piano	,0
137400,68,120,0.5511811023622047,0,acoustic_grand_piano	,0
137520,65,120,0.5669291338582677,0,acoustic_grand_piano	,0
137640,59,120,0.5354330708661418,0,acoustic_grand_piano	,0
137760,62,120,0.6299212598425197,0,acoustic_grand_piano	,0
138960,64,120,0.5433070866141733,0,acoustic_grand_piano	,0
139080,67,120,0.5039370078740157,0,acoustic_grand_piano	,0
139200,73,120,0.5905511811023622,0,acoustic_grand_piano	,0
139320,70,120,0.5196850393700787,0,acoustic_grand_piano	,0
139440,76,120,0.5748031496062992,0,acoustic_grand_piano	,0
139560,79,120,0.5433070866141733,0,acoustic_grand_piano	,0
139680,85,120,0.6299212598425197,0,acoustic_grand_piano	,0
139800,82,120,0.5590551181102362,0,acoustic_grand_piano	,0
139920,88,120,0.6062992125984252,0,acoustic_grand_piano	,0
140040,91,120,0.5748031496062992,0,acoustic_grand_piano	,0
140160,97,120,0.6614173228346457,0,acoustic_grand_piano	,0
140280,90,120,0.5905511811023622,0,acoustic_grand_piano	,0
140400,87,120,0.6220472440944882,0,acoustic_grand_piano	,0
140520,81,120,0.5669291338582677,0,acoustic_grand_piano	,0
140640,85,120,0.6456692913385826,0,acoustic_grand_piano	,0
140760,78,120,0.5590551181102362,0,acoustic_grand_piano	,0
140880,75,120,0.5984251968503937,0,acoustic_grand_piano	,0
141000,69,120,0.5433070866141733,0,acoustic_grand_piano	,0
141120,73,120,0.6377952755905512,0,acoustic_grand_piano	,0
141240,66,120,0.5354330708661418,0,acoustic_grand_piano	,0
141360,63,120,0.5669291338582677,0,acoustic_grand_piano	,0
141480,57,120,0.5354330708661418,0,acoustic_grand_piano	,0
141600,72,120,0.6141732283464567,0,acoustic_grand_piano	,0
141720,66,120,0.5118110236220472,0,acoustic_grand_piano	,0
141840,63,120,0.5433070866141733,0,acoustic_grand_piano	,0
141960,57,120,0.5039370078740157,0,acoustic_grand_piano	,0
142200,56,120,0.5354330708661418,0,acoustic_grand_piano	,0
142320,62,120,0.5039370078740157,0,acoustic_grand_piano	,0
142440,65,120,0.5433070866141733,0,acoustic_grand_piano	,0
142560,72,120,0.5984251968503937,0,acoustic_grand_piano	,0
142680,68,120,0.5354330708661418,0,acoustic_grand_piano	,0
142800,74,120,0.5669291338582677,0,acoustic_grand_piano	,0
142920,77,120,0.5433070866141733,0,acoustic_grand_piano	,0
143040,84,120,0.6141732283464567,0,acoustic_grand_piano	,0
143160,80,120,0.5590551181102362,0,acoustic_grand_piano	,0
143280,86,120,0.5905511811023622,0,acoustic_grand_piano	,0
143400,89,120,0.5669291338582677,0,acoustic_grand_piano	,0
143520,96,120,0.6377952755905512,0,acoustic_grand_piano	,0
143640,89,120,0.5826771653543307,0,acoustic_grand_piano	,0
143760,86,120,0.6141732283464567,0,acoustic_grand_piano	,0
143880,80,120,0.5826771653543307,0,acoustic_grand_piano	,0
144000,95,120,0.6771653543307087,0,acoustic_grand_piano	,0
144120,89,120,0.5826771653543307,0,acoustic_grand_piano	,0
144240,86,120,0.6220472440944882,0,acoustic_grand_piano	,0
144360,79,120,0.5826771653543307,0,acoustic_grand_piano	,0
144480,83,120,0.6377952755905512,0,acoustic_grand_piano	,0
144600,77,120,0.5748031496062992,0,acoustic_grand_piano	,0
144720,74,120,0.5984251968503937,0,acoustic_grand_piano	,0
144840,67,120,0.5590551181102362,0,acoustic_grand_piano	,0
144960,71,120,0.6062992125984252,0,acoustic_grand_piano	,0
145080,65,120,0.5433070866141733,0,acoustic_grand_piano	,0
145200,62,120,0.5748031496062992,0,acoustic_grand_piano	,0
146640,64,120,0.5669291338582677,0,acoustic_grand_piano	,0
146760,67,120,0.5354330708661418,0,acoustic_grand_piano	,0
146880,72,120,0.6535433070866141,0,acoustic_grand_piano	,0
147000,67,120,0.5511811023622047,0,acoustic_grand_piano	,0
147120,76,120,0.5905511811023622,0,acoustic_grand_piano	,0
147240,79,120,0.5669291338582677,0,acoustic_grand_piano	,0
147360,84,120,0.6850393700787402,0,acoustic_grand_piano	,0
147480,79,120,0.5669291338582677,0,acoustic_grand_piano	,0
147600,88,120,0.6141732283464567,0,acoustic_grand_piano	,0
147720,91,120,0.5905511811023622,0,acoustic_grand_piano	,0
147840,96,120,0.7165354330708661,0,acoustic_grand_piano	,0
147960,91,120,0.5905511811023622,0,acoustic_grand_piano	,0
148080,88,120,0.6299212598425197,0,acoustic_grand_piano	,0
148200,79,120,0.5905511811023622,0,acoustic_grand_piano	,0
148320,84,120,0.7165354330708661,0,acoustic_grand_piano	,0
148440,79,120,0.5748031496062992,0,acoustic_grand_piano	,0
148560,76,120,0.6141732283464567,0,acoustic_grand_piano	,0
148680,67,120,0.5826771653543307,0,acoustic_grand_piano	,0
148800,72,120,0.7007874015748031,0,acoustic_grand_piano	,0
148920,67,120,0.6062992125984252,0,acoustic_grand_piano	,0
149040,64,120,0.5590551181102362,0,acoustic_grand_piano	,0
