960,67,979,0.4881889763779528,0,french_horn	,6
960,55,979,0.4881889763779528,0,french_horn	,7
960,55,979,0.4881889763779528,0,bassoon	,8
960,55,979,0.4881889763779528,0,bassoon	,9
960,43,979,0.48031496062992124,0,bassoon	,10
1920,70,979,0.5039370078740157,0,french_horn	,6
1920,58,979,0.5039370078740157,0,french_horn	,7
1920,58,979,0.5039370078740157,0,bassoon	,8
1920,58,979,0.5039370078740157,0,bassoon	,9
1920,46,979,0.5039370078740157,0,bassoon	,10
2880,58,911,0.4645669291338583,0,french_horn	,6
2880,46,911,0.4645669291338583,0,french_horn	,7
2880,46,911,0.4645669291338583,0,bassoon	,8
2880,46,911,0.4645669291338583,0,bassoon	,9
2880,34,911,0.47244094488188976,0,bassoon	,10
3840,63,240,0.5118110236220472,0,oboe	,1
3840,58,240,0.5118110236220472,0,clarinet	,3
3840,55,240,0.5118110236220472,0,clarinet	,5
3840,63,1920,0.5118110236220472,0,french_horn	,6
3840,51,1920,0.5118110236220472,0,french_horn	,7
3840,51,120,0.5118110236220472,0,bassoon	,8
3840,51,488,0.5118110236220472,0,bassoon	,9
3840,39,488,0.5118110236220472,0,bassoon	,10
4080,63,120,0.48031496062992124,0,oboe	,1
4080,58,120,0.48031496062992124,0,clarinet	,3
4080,55,120,0.48031496062992124,0,clarinet	,5
4080,51,120,0.48031496062992124,0,bassoon	,8
4320,55,488,0.49606299212598426,0,bassoon	,9
4320,43,488,0.4881889763779528,0,bassoon	,10
4560,63,240,0.48031496062992124,0,oboe	,1
4560,58,240,0.48031496062992124,0,clarinet	,3
4560,55,240,0.48031496062992124,0,clarinet	,5
5760,65,1920,0.49606299212598426,0,french_horn	,6
5760,58,1920,0.5039370078740157,0,french_horn	,7
4560,51,240,0.48031496062992124,0,bassoon	,8
4800,58,488,0.49606299212598426,0,bassoon	,9
4800,46,488,0.49606299212598426,0,bassoon	,10
4800,63,225,0.48031496062992124,0,oboe	,1
4800,58,225,0.48031496062992124,0,clarinet	,3
4800,55,225,0.48031496062992124,0,clarinet	,5
4800,51,225,0.48031496062992124,0,bassoon	,8
5280,51,488,0.4566929133858268,0,bassoon	,9
5280,39,488,0.4645669291338583,0,bassoon	,10
5040,63,120,0.48031496062992124,0,oboe	,1
5040,58,120,0.48031496062992124,0,clarinet	,3
5040,55,120,0.48031496062992124,0,clarinet	,5
7680,67,1920,0.5118110236220472,0,french_horn	,6
7680,63,2880,0.5118110236220472,0,french_horn	,7
5040,51,120,0.48031496062992124,0,bassoon	,8
5760,50,488,0.4881889763779528,0,bassoon	,9
5760,38,488,0.4881889763779528,0,bassoon	,10
5520,63,244,0.48031496062992124,0,oboe	,1
5520,58,244,0.48031496062992124,0,clarinet	,3
5520,55,240,0.48031496062992124,0,clarinet	,5
5520,51,244,0.48031496062992124,0,bassoon	,8
6240,53,488,0.4881889763779528,0,bassoon	,9
6240,41,488,0.48031496062992124,0,bassoon	,10
5760,70,225,0.5511811023622047,0,oboe	,1
5760,65,225,0.5511811023622047,0,clarinet	,3
5760,55,225,0.49606299212598426,0,clarinet	,5
9600,65,1920,0.49606299212598426,0,french_horn	,6
5760,53,225,0.5118110236220472,0,bassoon	,8
6720,58,488,0.5118110236220472,0,bassoon	,9
6720,46,488,0.49606299212598426,0,bassoon	,10
6000,70,120,0.5196850393700787,0,oboe	,1
6000,65,120,0.5196850393700787,0,clarinet	,3
6000,55,120,0.48031496062992124,0,clarinet	,5
10560,58,960,0.48031496062992124,0,french_horn	,7
6000,53,120,0.4881889763779528,0,bassoon	,8
7200,50,454,0.4566929133858268,0,bassoon	,9
7200,38,454,0.4645669291338583,0,bassoon	,10
11520,82,3360,0.5118110236220472,0,oboe	,0
6480,70,240,0.49606299212598426,0,oboe	,1
6480,65,240,0.49606299212598426,0,clarinet	,3
6480,62,240,0.5275590551181102,0,clarinet	,5
11520,63,960,0.5118110236220472,0,french_horn	,6
11520,51,960,0.49606299212598426,0,french_horn	,7
6480,58,240,0.5196850393700787,0,bassoon	,8
7680,48,488,0.4881889763779528,0,bassoon	,9
7680,36,488,0.49606299212598426,0,bassoon	,10
6720,70,225,0.4881889763779528,0,oboe	,1
6720,65,225,0.4881889763779528,0,clarinet	,3
6720,62,225,0.5118110236220472,0,clarinet	,5
6720,58,225,0.5039370078740157,0,bassoon	,8
8160,51,488,0.48031496062992124,0,bassoon	,9
8160,39,488,0.48031496062992124,0,bassoon	,10
6960,70,120,0.4881889763779528,0,oboe	,1
6960,65,120,0.4881889763779528,0,clarinet	,3
6960,62,120,0.5039370078740157,0,clarinet	,5
6960,58,120,0.49606299212598426,0,bassoon	,8
8640,55,488,0.5039370078740157,0,bassoon	,9
8640,43,488,0.4881889763779528,0,bassoon	,10
7440,70,244,0.48031496062992124,0,oboe	,1
7440,65,244,0.48031496062992124,0,clarinet	,3
7440,62,244,0.4881889763779528,0,clarinet	,5
7440,58,244,0.4881889763779528,0,bassoon	,8
9120,43,488,0.4566929133858268,0,bassoon	,9
9120,31,488,0.4566929133858268,0,bassoon	,10
14880,80,244,0.48031496062992124,0,oboe	,0
7680,75,225,0.5511811023622047,0,oboe	,1
7680,63,225,0.4881889763779528,0,clarinet	,3
7680,60,225,0.49606299212598426,0,clarinet	,5
7680,55,113,0.4881889763779528,0,bassoon	,8
9600,44,488,0.4881889763779528,0,bassoon	,9
9600,32,488,0.4881889763779528,0,bassoon	,10
15120,79,225,0.48031496062992124,0,oboe	,0
7920,75,120,0.5118110236220472,0,oboe	,1
7920,63,120,0.4645669291338583,0,clarinet	,3
7920,60,120,0.47244094488188976,0,clarinet	,5
7920,55,120,0.4645669291338583,0,bassoon	,8
10080,53,488,0.5118110236220472,0,bassoon	,9
10080,41,488,0.49606299212598426,0,bassoon	,10
15360,77,480,0.49606299212598426,0,oboe	,0
8400,75,240,0.49606299212598426,0,oboe	,1
17280,75,1200,0.49606299212598426,0,clarinet	,2
8400,67,240,0.5039370078740157,0,clarinet	,3
8400,63,240,0.49606299212598426,0,clarinet	,5
8400,58,240,0.49606299212598426,0,bassoon	,8
10560,46,488,0.47244094488188976,0,bassoon	,9
10560,34,488,0.47244094488188976,0,bassoon	,10
15840,75,720,0.4566929133858268,0,oboe	,0
8640,75,225,0.4881889763779528,0,oboe	,1
8640,67,225,0.49606299212598426,0,clarinet	,3
8640,63,225,0.4881889763779528,0,clarinet	,5
8640,58,225,0.4881889763779528,0,bassoon	,8
11040,58,454,0.5275590551181102,0,bassoon	,9
11040,46,454,0.5118110236220472,0,bassoon	,10
16560,74,120,0.47244094488188976,0,oboe	,0
8880,75,120,0.48031496062992124,0,oboe	,1
18480,75,53,0.48031496062992124,0,clarinet	,2
8880,67,120,0.4881889763779528,0,clarinet	,3
8880,63,120,0.4881889763779528,0,clarinet	,5
8880,58,120,0.4881889763779528,0,bassoon	,8
11520,51,488,0.49606299212598426,0,bassoon	,9
11520,39,488,0.5039370078740157,0,bassoon	,10
16680,75,120,0.48031496062992124,0,oboe	,0
9360,67,244,0.4251968503937008,0,oboe	,1
18544,77,49,0.48031496062992124,0,clarinet	,2
9360,63,240,0.4566929133858268,0,clarinet	,3
9360,58,244,0.44881889763779526,0,clarinet	,5
9360,55,244,0.4645669291338583,0,bassoon	,8
12000,55,488,0.49606299212598426,0,bassoon	,9
12000,43,488,0.4881889763779528,0,bassoon	,10
16800,77,120,0.5039370078740157,0,oboe	,0
9600,65,225,0.44881889763779526,0,oboe	,1
18600,75,45,0.48031496062992124,0,clarinet	,2
9600,63,225,0.48031496062992124,0,clarinet	,3
9600,60,225,0.49606299212598426,0,clarinet	,5
9600,56,225,0.49606299212598426,0,bassoon	,8
12480,58,488,0.49606299212598426,0,bassoon	,9
12480,46,488,0.49606299212598426,0,bassoon	,10
16920,75,120,0.47244094488188976,0,oboe	,0
9840,65,120,0.4409448818897638,0,oboe	,1
18660,77,45,0.48031496062992124,0,clarinet	,2
9840,63,120,0.4645669291338583,0,clarinet	,3
9840,60,120,0.47244094488188976,0,clarinet	,5
9840,56,120,0.48031496062992124,0,bassoon	,8
12960,51,488,0.4566929133858268,0,bassoon	,9
12960,39,488,0.4645669291338583,0,bassoon	,10
17040,74,120,0.4566929133858268,0,oboe	,0
10320,65,244,0.4645669291338583,0,oboe	,1
18720,77,244,0.48031496062992124,0,clarinet	,2
10320,63,244,0.47244094488188976,0,clarinet	,3
10320,60,244,0.48031496062992124,0,clarinet	,5
10320,56,244,0.48031496062992124,0,bassoon	,8
13440,50,488,0.4881889763779528,0,bassoon	,9
13440,38,488,0.4881889763779528,0,bassoon	,10
17160,72,113,0.4330708661417323,0,oboe	,0
10560,68,225,0.49606299212598426,0,oboe	,1
18960,79,225,0.4881889763779528,0,clarinet	,2
10560,62,225,0.47244094488188976,0,clarinet	,3
10560,58,225,0.4645669291338583,0,clarinet	,5
10560,53,225,0.4566929133858268,0,bassoon	,8
13920,53,488,0.4881889763779528,0,bassoon	,9
13920,41,488,0.48031496062992124,0,bassoon	,10
17280,70,960,0.4330708661417323,0,oboe	,0
10800,68,120,0.49606299212598426,0,oboe	,1
19200,76,731,0.49606299212598426,0,clarinet	,2
10800,62,120,0.47244094488188976,0,clarinet	,3
24960,72,960,0.49606299212598426,0,clarinet	,4
10800,58,120,0.47244094488188976,0,clarinet	,5
10800,53,120,0.4645669291338583,0,bassoon	,8
14400,58,488,0.5118110236220472,0,bassoon	,9
14400,46,488,0.49606299212598426,0,bassoon	,10
11280,65,244,0.4645669291338583,0,oboe	,1
19920,77,225,0.48031496062992124,0,clarinet	,2
11280,62,244,0.48031496062992124,0,clarinet	,3
25920,60,960,0.4645669291338583,0,clarinet	,4
11280,58,240,0.47244094488188976,0,clarinet	,5
11280,56,244,0.49606299212598426,0,bassoon	,8
14880,50,454,0.4566929133858268,0,bassoon	,9
14880,38,454,0.4645669291338583,0,bassoon	,10
11520,63,225,0.48031496062992124,0,oboe	,1
20160,77,960,0.48031496062992124,0,clarinet	,2
11520,63,225,0.5196850393700787,0,clarinet	,3
26880,77,960,0.5275590551181102,0,clarinet	,4
11520,58,225,0.5039370078740157,0,clarinet	,5
11520,55,113,0.5118110236220472,0,bassoon	,8
15360,48,488,0.4881889763779528,0,bassoon	,9
15360,36,488,0.49606299212598426,0,bassoon	,10
11760,63,120,0.4645669291338583,0,oboe	,1
21120,79,244,0.5039370078740157,0,clarinet	,2
11760,58,120,0.4409448818897638,0,clarinet	,3
27840,50,960,0.4645669291338583,0,clarinet	,4
11760,55,120,0.44881889763779526,0,clarinet	,5
11760,51,120,0.44881889763779526,0,bassoon	,8
15840,51,488,0.48031496062992124,0,bassoon	,9
15840,39,488,0.48031496062992124,0,bassoon	,10
12240,63,240,0.47244094488188976,0,oboe	,1
21360,77,225,0.47244094488188976,0,clarinet	,2
12240,58,240,0.4566929133858268,0,clarinet	,3
28800,51,480,0.49606299212598426,0,clarinet	,4
12240,55,240,0.4645669291338583,0,clarinet	,5
12240,51,240,0.4645669291338583,0,bassoon	,8
16320,55,488,0.5039370078740157,0,bassoon	,9
16320,43,488,0.4881889763779528,0,bassoon	,10
12480,63,225,0.47244094488188976,0,oboe	,1
21600,75,244,0.4566929133858268,0,clarinet	,2
12480,58,225,0.4645669291338583,0,clarinet	,3
29280,75,480,0.5196850393700787,0,clarinet	,4
12480,55,225,0.47244094488188976,0,clarinet	,5
12480,51,225,0.47244094488188976,0,bassoon	,8
16800,48,488,0.4645669291338583,0,bassoon	,9
16800,36,488,0.4645669291338583,0,bassoon	,10
12720,63,120,0.48031496062992124,0,oboe	,1
21840,74,225,0.4566929133858268,0,clarinet	,2
12720,58,120,0.47244094488188976,0,clarinet	,3
29760,74,244,0.49606299212598426,0,clarinet	,4
12720,55,120,0.47244094488188976,0,clarinet	,5
12720,51,120,0.47244094488188976,0,bassoon	,8
17280,43,488,0.48031496062992124,0,bassoon	,9
17280,31,488,0.48031496062992124,0,bassoon	,10
13200,63,244,0.48031496062992124,0,oboe	,1
22080,72,244,0.4409448818897638,0,clarinet	,2
13200,63,244,0.5118110236220472,0,clarinet	,3
30000,72,244,0.48031496062992124,0,clarinet	,4
13200,58,244,0.5039370078740157,0,clarinet	,5
13200,55,244,0.5039370078740157,0,bassoon	,8
17760,46,488,0.48031496062992124,0,bassoon	,9
17760,34,488,0.48031496062992124,0,bassoon	,10
13440,70,225,0.5511811023622047,0,oboe	,1
22320,70,488,0.4330708661417323,0,clarinet	,2
13440,65,225,0.5433070866141733,0,clarinet	,3
30240,70,244,0.4645669291338583,0,clarinet	,4
13440,62,225,0.5511811023622047,0,clarinet	,5
32640,58,5760,0.49606299212598426,0,french_horn	,6
32640,46,5760,0.49606299212598426,0,french_horn	,7
13440,58,225,0.5433070866141733,0,bassoon	,8
18240,51,488,0.5039370078740157,0,bassoon	,9
18240,39,488,0.49606299212598426,0,bassoon	,10
13680,70,120,0.5196850393700787,0,oboe	,1
22800,68,225,0.4409448818897638,0,clarinet	,2
13680,65,120,0.5039370078740157,0,clarinet	,3
30480,68,225,0.44881889763779526,0,clarinet	,4
13680,62,120,0.5118110236220472,0,clarinet	,5
13680,58,120,0.5118110236220472,0,bassoon	,8
18720,43,454,0.4645669291338583,0,bassoon	,9
18720,31,454,0.4645669291338583,0,bassoon	,10
14160,70,240,0.49606299212598426,0,oboe	,1
23040,70,244,0.5039370078740157,0,clarinet	,2
14160,65,240,0.4881889763779528,0,clarinet	,3
30720,67,244,0.47244094488188976,0,clarinet	,4
14160,62,240,0.49606299212598426,0,clarinet	,5
14160,58,240,0.4881889763779528,0,bassoon	,8
19200,44,488,0.5039370078740157,0,bassoon	,9
19200,32,488,0.5039370078740157,0,bassoon	,10
14400,70,225,0.4881889763779528,0,oboe	,1
23280,68,53,0.4566929133858268,0,clarinet	,2
14400,65,225,0.4881889763779528,0,clarinet	,3
30960,68,244,0.4645669291338583,0,clarinet	,4
14400,62,225,0.4881889763779528,0,clarinet	,5
14400,58,225,0.4881889763779528,0,bassoon	,8
19680,48,488,0.4881889763779528,0,bassoon	,9
19680,36,488,0.4881889763779528,0,bassoon	,10
36480,67,60,0.49606299212598426,0,oboe	,0
14640,70,120,0.4881889763779528,0,oboe	,1
23348,70,52,0.4566929133858268,0,clarinet	,2
14640,65,120,0.48031496062992124,0,clarinet	,3
31200,69,244,0.48031496062992124,0,clarinet	,4
14640,62,120,0.48031496062992124,0,clarinet	,5
14640,58,120,0.48031496062992124,0,bassoon	,8
20160,51,488,0.49606299212598426,0,bassoon	,9
20160,39,488,0.4881889763779528,0,bassoon	,10
36600,68,60,0.48031496062992124,0,oboe	,0
15120,70,244,0.48031496062992124,0,oboe	,1
23411,68,49,0.4566929133858268,0,clarinet	,2
15120,65,244,0.48031496062992124,0,clarinet	,3
31440,70,225,0.49606299212598426,0,clarinet	,4
15120,62,244,0.48031496062992124,0,clarinet	,5
15120,58,244,0.48031496062992124,0,bassoon	,8
20640,45,488,0.4645669291338583,0,bassoon	,9
20640,33,488,0.47244094488188976,0,bassoon	,10
36720,70,60,0.48031496062992124,0,oboe	,0
15360,75,225,0.5511811023622047,0,oboe	,1
23475,70,49,0.4566929133858268,0,clarinet	,2
15360,67,225,0.5275590551181102,0,clarinet	,3
31680,70,244,0.4881889763779528,0,clarinet	,4
15360,63,225,0.5196850393700787,0,clarinet	,5
38400,51,960,0.5118110236220472,0,french_horn	,6
38400,51,960,0.5118110236220472,0,french_horn	,7
15360,55,113,0.48031496062992124,0,bassoon	,8
21120,46,488,0.49606299212598426,0,bassoon	,9
21120,34,488,0.49606299212598426,0,bassoon	,10
36840,72,60,0.4881889763779528,0,oboe	,0
15600,75,120,0.5118110236220472,0,oboe	,1
23535,68,45,0.4566929133858268,0,clarinet	,2
15600,67,120,0.4881889763779528,0,clarinet	,3
31920,68,244,0.4645669291338583,0,clarinet	,4
15600,63,120,0.4881889763779528,0,clarinet	,5
15600,55,120,0.4645669291338583,0,bassoon	,8
21600,50,488,0.49606299212598426,0,bassoon	,9
21600,38,488,0.4881889763779528,0,bassoon	,10
36960,74,60,0.4881889763779528,0,oboe	,0
16080,67,240,0.4330708661417323,0,oboe	,1
23595,70,45,0.4566929133858268,0,clarinet	,2
16080,63,240,0.4566929133858268,0,clarinet	,3
32160,67,244,0.4566929133858268,0,clarinet	,4
16080,60,240,0.4645669291338583,0,clarinet	,5
16080,55,240,0.47244094488188976,0,bassoon	,8
22080,53,488,0.5039370078740157,0,bassoon	,9
22080,41,488,0.4881889763779528,0,bassoon	,10
37080,75,60,0.49606299212598426,0,oboe	,0
16320,67,225,0.44881889763779526,0,oboe	,1
23651,68,45,0.4566929133858268,0,clarinet	,2
16320,63,225,0.4645669291338583,0,clarinet	,3
32400,65,225,0.4409448818897638,0,clarinet	,4
16320,60,225,0.4645669291338583,0,clarinet	,5
16320,55,225,0.47244094488188976,0,bassoon	,8
22560,47,454,0.4645669291338583,0,bassoon	,9
22560,35,454,0.47244094488188976,0,bassoon	,10
37200,77,60,0.49606299212598426,0,oboe	,0
16560,67,120,0.4566929133858268,0,oboe	,1
23708,70,45,0.4566929133858268,0,clarinet	,2
16560,63,120,0.47244094488188976,0,clarinet	,3
32640,63,960,0.44881889763779526,0,clarinet	,4
16560,60,120,0.47244094488188976,0,clarinet	,5
16560,55,120,0.48031496062992124,0,bassoon	,8
23040,48,488,0.5039370078740157,0,bassoon	,9
23040,36,488,0.5039370078740157,0,bassoon	,10
37320,79,60,0.5039370078740157,0,oboe	,0
17040,67,244,0.47244094488188976,0,oboe	,1
23764,68,45,0.4566929133858268,0,clarinet	,2
17040,63,240,0.47244094488188976,0,clarinet	,3
34560,55,244,0.5039370078740157,0,clarinet	,4
17040,60,244,0.48031496062992124,0,clarinet	,5
17040,55,240,0.48031496062992124,0,bassoon	,8
23520,51,488,0.4881889763779528,0,bassoon	,9
23520,39,488,0.4881889763779528,0,bassoon	,10
37440,80,731,0.7480314960629921,0,oboe	,0
17280,70,225,0.5196850393700787,0,oboe	,1
23824,70,45,0.4566929133858268,0,clarinet	,2
17280,63,225,0.49606299212598426,0,clarinet	,3
34800,58,244,0.4881889763779528,0,clarinet	,4
17280,58,225,0.48031496062992124,0,clarinet	,5
44160,58,13440,0.49606299212598426,0,french_horn	,6
44160,46,13440,0.49606299212598426,0,french_horn	,7
17280,55,225,0.49606299212598426,0,bassoon	,8
24000,55,488,0.5039370078740157,0,bassoon	,9
24000,43,488,0.49606299212598426,0,bassoon	,10
38160,74,225,0.4645669291338583,0,oboe	,0
17520,70,120,0.49606299212598426,0,oboe	,1
23884,68,45,0.4566929133858268,0,clarinet	,2
17520,63,120,0.48031496062992124,0,clarinet	,3
35040,63,244,0.5196850393700787,0,clarinet	,4
17520,58,120,0.4645669291338583,0,clarinet	,5
17520,55,120,0.48031496062992124,0,bassoon	,8
24480,48,488,0.4645669291338583,0,bassoon	,9
24480,36,488,0.4645669291338583,0,bassoon	,10
38400,77,244,0.5196850393700787,0,oboe	,0
18000,70,240,0.4881889763779528,0,oboe	,1
23948,70,48,0.4566929133858268,0,clarinet	,2
18000,67,240,0.5118110236220472,0,clarinet	,3
35280,67,225,0.5354330708661418,0,clarinet	,4
18000,63,240,0.5118110236220472,0,clarinet	,5
18000,58,240,0.5039370078740157,0,bassoon	,8
24960,56,488,0.5275590551181102,0,bassoon	,9
24960,44,488,0.5118110236220472,0,bassoon	,10
38640,75,225,0.47244094488188976,0,oboe	,0
18240,70,225,0.4881889763779528,0,oboe	,1
24000,67,911,0.47244094488188976,0,clarinet	,2
18240,67,225,0.49606299212598426,0,clarinet	,3
35520,68,731,0.5354330708661418,0,clarinet	,4
18240,63,225,0.5039370078740157,0,clarinet	,5
18240,58,225,0.49606299212598426,0,bassoon	,8
25440,55,488,0.4881889763779528,0,bassoon	,9
25440,43,488,0.48031496062992124,0,bassoon	,10
38880,75,240,0.47244094488188976,0,oboe	,0
18480,70,120,0.48031496062992124,0,oboe	,1
32640,67,244,0.49606299212598426,0,clarinet	,2
18480,67,120,0.49606299212598426,0,clarinet	,3
36240,62,225,0.4645669291338583,0,clarinet	,4
18480,63,120,0.49606299212598426,0,clarinet	,5
18480,58,240,0.4881889763779528,0,bassoon	,8
25920,53,488,0.47244094488188976,0,bassoon	,9
25920,41,488,0.48031496062992124,0,bassoon	,10
42240,65,960,0.5118110236220472,0,oboe	,0
18960,70,244,0.48031496062992124,0,oboe	,1
32880,70,244,0.4881889763779528,0,clarinet	,2
18960,67,244,0.48031496062992124,0,clarinet	,3
36480,65,244,0.5118110236220472,0,clarinet	,4
18960,63,240,0.4881889763779528,0,clarinet	,5
18960,58,244,0.48031496062992124,0,bassoon	,8
26400,51,454,0.4645669291338583,0,bassoon	,9
26400,39,454,0.47244094488188976,0,bassoon	,10
43200,84,960,0.49606299212598426,0,oboe	,0
19200,72,225,0.5275590551181102,0,oboe	,1
33120,75,244,0.5196850393700787,0,clarinet	,2
19200,65,225,0.49606299212598426,0,clarinet	,3
36720,63,225,0.47244094488188976,0,clarinet	,4
19200,63,225,0.5118110236220472,0,clarinet	,5
19200,60,113,0.5275590551181102,0,bassoon	,8
26880,50,488,0.49606299212598426,0,bassoon	,9
26880,38,488,0.5039370078740157,0,bassoon	,10
44160,86,360,0.5039370078740157,0,oboe	,0
19440,72,120,0.4881889763779528,0,oboe	,1
33360,79,225,0.5354330708661418,0,clarinet	,2
19440,65,120,0.47244094488188976,0,clarinet	,3
36960,63,240,0.47244094488188976,0,clarinet	,4
19440,63,120,0.48031496062992124,0,clarinet	,5
19440,60,120,0.49606299212598426,0,bassoon	,8
27360,48,488,0.47244094488188976,0,bassoon	,9
27360,36,488,0.47244094488188976,0,bassoon	,10
44520,82,120,0.5039370078740157,0,oboe	,0
19920,72,240,0.4881889763779528,0,oboe	,1
33600,80,731,0.7874015748031497,0,clarinet	,2
19920,65,240,0.47244094488188976,0,clarinet	,3
38400,51,960,0.49606299212598426,0,clarinet	,4
19920,63,240,0.48031496062992124,0,clarinet	,5
19920,60,244,0.4881889763779528,0,bassoon	,8
27840,46,488,0.47244094488188976,0,bassoon	,9
27840,34,488,0.47244094488188976,0,bassoon	,10
44640,82,480,0.4881889763779528,0,oboe	,0
20160,72,225,0.48031496062992124,0,oboe	,1
34320,74,225,0.4645669291338583,0,clarinet	,2
20160,65,225,0.48031496062992124,0,clarinet	,3
39360,67,960,0.49606299212598426,0,clarinet	,4
20160,63,225,0.48031496062992124,0,clarinet	,5
20160,56,225,0.44881889763779526,0,bassoon	,8
28320,44,488,0.47244094488188976,0,bassoon	,9
28320,32,488,0.47244094488188976,0,bassoon	,10
48000,82,960,0.49606299212598426,0,oboe	,0
20400,72,120,0.48031496062992124,0,oboe	,1
34560,77,244,0.5196850393700787,0,clarinet	,2
20400,65,120,0.48031496062992124,0,clarinet	,3
40320,70,960,0.5039370078740157,0,clarinet	,4
20400,63,120,0.48031496062992124,0,clarinet	,5
20400,56,120,0.4566929133858268,0,bassoon	,8
28800,43,488,0.49606299212598426,0,bassoon	,9
28800,31,488,0.49606299212598426,0,bassoon	,10
48960,84,120,0.48031496062992124,0,oboe	,0
20880,72,244,0.48031496062992124,0,oboe	,1
34800,75,225,0.47244094488188976,0,clarinet	,2
20880,65,240,0.48031496062992124,0,clarinet	,3
41280,50,960,0.4645669291338583,0,clarinet	,4
20880,63,244,0.48031496062992124,0,clarinet	,5
20880,57,244,0.48031496062992124,0,bassoon	,8
29280,51,488,0.5118110236220472,0,bassoon	,9
29280,39,488,0.49606299212598426,0,bassoon	,10
49080,82,120,0.47244094488188976,0,oboe	,0
21120,68,225,0.4645669291338583,0,oboe	,1
35040,75,480,0.47244094488188976,0,clarinet	,2
21120,65,225,0.49606299212598426,0,clarinet	,3
42240,48,960,0.5039370078740157,0,clarinet	,4
21120,62,225,0.4881889763779528,0,clarinet	,5
21120,58,225,0.5039370078740157,0,bassoon	,8
29760,44,488,0.47244094488188976,0,bassoon	,9
29760,32,488,0.47244094488188976,0,bassoon	,10
49200,81,120,0.4645669291338583,0,oboe	,0
21360,68,120,0.4566929133858268,0,oboe	,1
40320,53,960,0.49606299212598426,0,clarinet	,2
21360,65,120,0.48031496062992124,0,clarinet	,3
43200,69,960,0.49606299212598426,0,clarinet	,4
21360,62,120,0.47244094488188976,0,clarinet	,5
21360,58,120,0.4881889763779528,0,bassoon	,8
30240,53,454,0.5118110236220472,0,bassoon	,9
30240,41,454,0.49606299212598426,0,bassoon	,10
49320,79,113,0.4409448818897638,0,oboe	,0
21840,68,240,0.47244094488188976,0,oboe	,1
41280,70,960,0.49606299212598426,0,clarinet	,2
21840,65,240,0.48031496062992124,0,clarinet	,3
44160,70,960,0.5039370078740157,0,clarinet	,4
21840,62,240,0.48031496062992124,0,clarinet	,5
21840,58,240,0.48031496062992124,0,bassoon	,8
30720,46,488,0.49606299212598426,0,bassoon	,9
30720,34,488,0.49606299212598426,0,bassoon	,10
49440,79,120,0.44881889763779526,0,oboe	,0
22080,68,225,0.47244094488188976,0,oboe	,1
42240,75,960,0.5196850393700787,0,clarinet	,2
22080,65,225,0.48031496062992124,0,clarinet	,3
51840,70,960,0.49606299212598426,0,clarinet	,4
22080,62,225,0.48031496062992124,0,clarinet	,5
22080,58,225,0.48031496062992124,0,bassoon	,8
31200,51,488,0.49606299212598426,0,bassoon	,9
31200,39,488,0.4881889763779528,0,bassoon	,10
49560,77,120,0.4251968503937008,0,oboe	,0
22320,68,120,0.48031496062992124,0,oboe	,1
43200,63,960,0.4645669291338583,0,clarinet	,2
22320,65,120,0.48031496062992124,0,clarinet	,3
52800,72,120,0.48031496062992124,0,clarinet	,4
22320,62,120,0.48031496062992124,0,clarinet	,5
22320,58,120,0.48031496062992124,0,bassoon	,8
31680,50,488,0.48031496062992124,0,bassoon	,9
31680,38,488,0.48031496062992124,0,bassoon	,10
49680,75,120,0.4094488188976378,0,oboe	,0
22800,68,240,0.48031496062992124,0,oboe	,1
44160,62,960,0.49606299212598426,0,clarinet	,2
22800,65,240,0.48031496062992124,0,clarinet	,3
52920,70,120,0.47244094488188976,0,clarinet	,4
22800,62,240,0.48031496062992124,0,clarinet	,5
22800,59,1200,0.4881889763779528,0,bassoon	,8
32160,46,454,0.4645669291338583,0,bassoon	,9
32160,34,454,0.47244094488188976,0,bassoon	,10
49800,74,113,0.4094488188976378,0,oboe	,0
23040,68,225,0.5118110236220472,0,oboe	,1
45600,70,480,0.4881889763779528,0,clarinet	,2
23040,65,225,0.5118110236220472,0,clarinet	,3
53040,69,120,0.4645669291338583,0,clarinet	,4
23040,62,225,0.5118110236220472,0,clarinet	,5
24000,60,1365,0.48031496062992124,0,bassoon	,8
32640,39,480,0.48031496062992124,0,bassoon	,9
32640,27,480,0.48031496062992124,0,bassoon	,10
49920,72,960,0.4330708661417323,0,oboe	,0
23280,68,120,0.48031496062992124,0,oboe	,1
46080,72,979,0.5196850393700787,0,clarinet	,2
23280,65,120,0.48031496062992124,0,clarinet	,3
53160,67,113,0.4409448818897638,0,clarinet	,4
23280,62,120,0.48031496062992124,0,clarinet	,5
25440,55,480,0.48031496062992124,0,bassoon	,8
33120,51,488,0.7637795275590551,0,bassoon	,9
33120,39,488,0.7401574803149606,0,bassoon	,10
55200,72,480,0.48031496062992124,0,oboe	,0
23760,68,244,0.48031496062992124,0,oboe	,1
47040,74,979,0.4881889763779528,0,clarinet	,2
23760,65,244,0.48031496062992124,0,clarinet	,3
53280,67,120,0.44881889763779526,0,clarinet	,4
23760,62,244,0.48031496062992124,0,clarinet	,5
63360,65,2880,0.49606299212598426,0,french_horn	,6
63360,65,979,0.49606299212598426,0,french_horn	,7
25920,56,480,0.48031496062992124,0,bassoon	,8
33600,53,488,0.5039370078740157,0,bassoon	,9
33600,41,488,0.49606299212598426,0,bassoon	,10
55680,82,2640,0.5275590551181102,0,oboe	,0
24000,67,225,0.47244094488188976,0,oboe	,1
48000,75,911,0.5039370078740157,0,clarinet	,2
24000,63,225,0.4645669291338583,0,clarinet	,3
53400,65,120,0.4251968503937008,0,clarinet	,4
24000,63,225,0.4881889763779528,0,clarinet	,5
64320,63,911,0.48031496062992124,0,french_horn	,7
26400,51,480,0.4645669291338583,0,bassoon	,8
34080,46,454,0.4645669291338583,0,bassoon	,9
34080,34,454,0.47244094488188976,0,bassoon	,10
58320,77,240,0.5354330708661418,0,oboe	,0
24240,67,120,0.47244094488188976,0,oboe	,1
49440,70,480,0.48031496062992124,0,clarinet	,2
24240,63,120,0.4645669291338583,0,clarinet	,3
53520,63,120,0.4094488188976378,0,clarinet	,4
24240,63,120,0.4881889763779528,0,clarinet	,5
65280,58,960,0.5039370078740157,0,french_horn	,7
26880,58,2160,0.5354330708661418,0,bassoon	,8
35040,51,488,0.7165354330708661,0,bassoon	,9
35040,39,488,0.7165354330708661,0,bassoon	,10
58560,77,480,0.5196850393700787,0,oboe	,0
24720,67,244,0.48031496062992124,0,oboe	,1
49920,72,979,0.5118110236220472,0,clarinet	,2
24720,67,244,0.5039370078740157,0,clarinet	,3
53640,62,113,0.4094488188976378,0,clarinet	,4
24720,63,244,0.48031496062992124,0,clarinet	,5
29040,58,240,0.48031496062992124,0,bassoon	,8
35520,53,488,0.4881889763779528,0,bassoon	,9
35520,41,488,0.4881889763779528,0,bassoon	,10
59040,75,240,0.49606299212598426,0,oboe	,0
24960,72,225,0.5433070866141733,0,oboe	,1
50880,74,979,0.4881889763779528,0,clarinet	,2
24960,63,225,0.48031496062992124,0,clarinet	,3
53760,60,1958,0.4330708661417323,0,clarinet	,4
24960,60,225,0.47244094488188976,0,clarinet	,5
29520,55,244,0.47244094488188976,0,bassoon	,8
36000,46,454,0.4645669291338583,0,bassoon	,9
36000,34,454,0.4645669291338583,0,bassoon	,10
59280,74,240,0.48031496062992124,0,oboe	,0
25200,72,120,0.5118110236220472,0,oboe	,1
51840,75,911,0.5039370078740157,0,clarinet	,2
25200,63,120,0.4645669291338583,0,clarinet	,3
55680,61,1823,0.49606299212598426,0,clarinet	,4
25200,60,120,0.4645669291338583,0,clarinet	,5
29760,60,225,0.5039370078740157,0,bassoon	,8
36960,51,488,0.7165354330708661,0,bassoon	,9
36960,39,488,0.7165354330708661,0,bassoon	,10
59520,74,979,0.4881889763779528,0,oboe	,0
25680,72,240,0.49606299212598426,0,oboe	,1
53760,79,3840,0.5118110236220472,0,clarinet	,2
25680,70,244,0.5275590551181102,0,clarinet	,3
57600,65,480,0.5118110236220472,0,clarinet	,4
25680,64,244,0.5039370078740157,0,clarinet	,5
30000,56,120,0.4645669291338583,0,bassoon	,8
37440,53,488,0.4881889763779528,0,bassoon	,9
37440,41,488,0.4881889763779528,0,bassoon	,10
60480,72,53,0.47244094488188976,0,oboe	,0
25920,72,225,0.4881889763779528,0,oboe	,1
57600,77,720,0.5118110236220472,0,clarinet	,2
25920,68,225,0.49606299212598426,0,clarinet	,3
58080,53,488,0.44881889763779526,0,clarinet	,4
25920,65,225,0.5039370078740157,0,clarinet	,5
30480,53,244,0.4566929133858268,0,bassoon	,8
37920,46,454,0.4645669291338583,0,bassoon	,9
37920,34,454,0.4645669291338583,0,bassoon	,10
60548,74,52,0.47244094488188976,0,oboe	,0
26160,72,120,0.48031496062992124,0,oboe	,1
58320,74,240,0.4094488188976378,0,clarinet	,2
26160,68,120,0.4881889763779528,0,clarinet	,3
58560,58,488,0.48031496062992124,0,clarinet	,4
26160,65,120,0.49606299212598426,0,clarinet	,5
30720,58,225,0.5354330708661418,0,bassoon	,8
38400,51,488,0.5196850393700787,0,bassoon	,9
38400,39,488,0.5118110236220472,0,bassoon	,10
60615,72,53,0.47244094488188976,0,oboe	,0
26640,72,244,0.48031496062992124,0,oboe	,1
58560,74,488,0.3937007874015748,0,clarinet	,2
26640,67,244,0.47244094488188976,0,clarinet	,3
59040,62,454,0.5039370078740157,0,clarinet	,4
26640,67,240,0.5039370078740157,0,clarinet	,5
30960,55,120,0.4645669291338583,0,bassoon	,8
38880,55,488,0.5039370078740157,0,bassoon	,9
38880,43,488,0.49606299212598426,0,bassoon	,10
60679,74,49,0.47244094488188976,0,oboe	,0
26880,70,225,0.4881889763779528,0,oboe	,1
59040,72,244,0.3464566929133858,0,clarinet	,2
26880,65,225,0.4881889763779528,0,clarinet	,3
59520,65,979,0.5275590551181102,0,clarinet	,4
26880,68,1440,0.5354330708661418,0,clarinet	,5
31440,51,244,0.44881889763779526,0,bassoon	,8
39360,58,488,0.5039370078740157,0,bassoon	,9
39360,46,488,0.49606299212598426,0,bassoon	,10
60743,72,48,0.47244094488188976,0,oboe	,0
27120,70,120,0.4645669291338583,0,oboe	,1
59280,70,225,0.3228346456692913,0,clarinet	,2
27120,65,120,0.4645669291338583,0,clarinet	,3
60480,63,53,0.48031496062992124,0,clarinet	,4
28320,65,480,0.48031496062992124,0,clarinet	,5
31680,56,225,0.49606299212598426,0,bassoon	,8
39840,51,488,0.4566929133858268,0,bassoon	,9
39840,39,488,0.4645669291338583,0,bassoon	,10
60803,74,45,0.47244094488188976,0,oboe	,0
27600,70,240,0.47244094488188976,0,oboe	,1
59520,70,979,0.31496062992125984,0,clarinet	,2
27600,65,244,0.47244094488188976,0,clarinet	,3
60548,65,52,0.48031496062992124,0,clarinet	,4
28800,67,240,0.5039370078740157,0,clarinet	,5
31920,56,120,0.49606299212598426,0,bassoon	,8
40320,50,488,0.4881889763779528,0,bassoon	,9
40320,38,488,0.4881889763779528,0,bassoon	,10
60863,72,45,0.47244094488188976,0,oboe	,0
27840,70,225,0.48031496062992124,0,oboe	,1
60480,69,53,0.30708661417322836,0,clarinet	,2
27840,62,225,0.44881889763779526,0,clarinet	,3
60615,63,53,0.48031496062992124,0,clarinet	,4
29040,67,120,0.48031496062992124,0,clarinet	,5
32400,53,244,0.4645669291338583,0,bassoon	,8
40800,53,488,0.4881889763779528,0,bassoon	,9
40800,41,488,0.48031496062992124,0,bassoon	,10
60923,74,45,0.47244094488188976,0,oboe	,0
28080,70,120,0.48031496062992124,0,oboe	,1
60548,70,52,0.30708661417322836,0,clarinet	,2
28080,62,120,0.4645669291338583,0,clarinet	,3
60679,65,49,0.48031496062992124,0,clarinet	,4
29520,63,244,0.4566929133858268,0,clarinet	,5
32640,51,225,0.47244094488188976,0,bassoon	,8
41280,58,488,0.5118110236220472,0,bassoon	,9
41280,46,488,0.49606299212598426,0,bassoon	,10
60979,72,45,0.47244094488188976,0,oboe	,0
28560,70,240,0.48031496062992124,0,oboe	,1
60615,69,53,0.30708661417322836,0,clarinet	,2
28560,74,244,0.5433070866141733,0,clarinet	,3
60743,63,48,0.48031496062992124,0,clarinet	,4
29760,60,225,0.4409448818897638,0,clarinet	,5
32880,51,120,0.4645669291338583,0,bassoon	,8
41760,50,454,0.4566929133858268,0,bassoon	,9
41760,38,454,0.4645669291338583,0,bassoon	,10
61035,74,45,0.47244094488188976,0,oboe	,0
28800,70,225,0.49606299212598426,0,oboe	,1
60679,70,49,0.30708661417322836,0,clarinet	,2
28800,75,225,0.5590551181102362,0,clarinet	,3
60803,65,45,0.48031496062992124,0,clarinet	,4
30000,60,120,0.4566929133858268,0,clarinet	,5
33360,55,244,0.5039370078740157,0,bassoon	,8
42240,48,488,0.4881889763779528,0,bassoon	,9
42240,36,488,0.49606299212598426,0,bassoon	,10
61095,72,45,0.47244094488188976,0,oboe	,0
29040,70,120,0.48031496062992124,0,oboe	,1
60743,69,48,0.30708661417322836,0,clarinet	,2
29040,75,120,0.5196850393700787,0,clarinet	,3
60863,63,45,0.48031496062992124,0,clarinet	,4
30480,60,244,0.47244094488188976,0,clarinet	,5
33600,56,225,0.5039370078740157,0,bassoon	,8
42720,51,488,0.48031496062992124,0,bassoon	,9
42720,39,488,0.48031496062992124,0,bassoon	,10
61155,74,45,0.47244094488188976,0,oboe	,0
29520,70,244,0.48031496062992124,0,oboe	,1
60803,70,45,0.30708661417322836,0,clarinet	,2
29520,67,244,0.4330708661417323,0,clarinet	,3
60923,65,45,0.48031496062992124,0,clarinet	,4
30720,58,225,0.4881889763779528,0,clarinet	,5
33840,56,120,0.49606299212598426,0,bassoon	,8
43200,57,488,0.5118110236220472,0,bassoon	,9
43200,45,488,0.49606299212598426,0,bassoon	,10
61215,72,45,0.47244094488188976,0,oboe	,0
29760,68,225,0.4645669291338583,0,oboe	,1
60863,69,45,0.30708661417322836,0,clarinet	,2
29760,65,225,0.4330708661417323,0,clarinet	,3
60979,63,45,0.48031496062992124,0,clarinet	,4
30960,58,120,0.4645669291338583,0,clarinet	,5
34320,56,244,0.4881889763779528,0,bassoon	,8
43680,48,488,0.4566929133858268,0,bassoon	,9
43680,36,488,0.4645669291338583,0,bassoon	,10
61279,74,49,0.47244094488188976,0,oboe	,0
30000,68,120,0.4645669291338583,0,oboe	,1
60923,70,45,0.30708661417322836,0,clarinet	,2
30000,65,120,0.44881889763779526,0,clarinet	,3
61035,65,45,0.48031496062992124,0,clarinet	,4
31440,58,240,0.47244094488188976,0,clarinet	,5
34560,55,225,0.5039370078740157,0,bassoon	,8
44160,46,488,0.48031496062992124,0,bassoon	,9
44160,34,488,0.4881889763779528,0,bassoon	,10
61343,72,45,0.47244094488188976,0,oboe	,0
30480,68,244,0.47244094488188976,0,oboe	,1
60979,69,45,0.30708661417322836,0,clarinet	,2
30480,65,244,0.4645669291338583,0,clarinet	,3
61095,63,45,0.48031496062992124,0,clarinet	,4
31680,58,225,0.48031496062992124,0,clarinet	,5
34800,55,120,0.47244094488188976,0,bassoon	,8
44640,53,488,0.5039370078740157,0,bassoon	,9
44640,41,488,0.4881889763779528,0,bassoon	,10
61440,70,960,0.5118110236220472,0,oboe	,0
30720,67,225,0.49606299212598426,0,oboe	,1
61035,70,45,0.30708661417322836,0,clarinet	,2
30720,63,225,0.48031496062992124,0,clarinet	,3
61155,65,45,0.48031496062992124,0,clarinet	,4
31920,58,120,0.48031496062992124,0,clarinet	,5
35280,55,244,0.48031496062992124,0,bassoon	,8
45120,58,488,0.5196850393700787,0,bassoon	,9
45120,46,488,0.5039370078740157,0,bassoon	,10
65280,70,1920,0.5118110236220472,0,oboe	,0
30960,67,120,0.47244094488188976,0,oboe	,1
61095,69,45,0.30708661417322836,0,clarinet	,2
30960,63,120,0.4645669291338583,0,clarinet	,3
61215,63,45,0.48031496062992124,0,clarinet	,4
32400,56,244,0.4645669291338583,0,clarinet	,5
35520,56,225,0.4881889763779528,0,bassoon	,8
45600,55,454,0.48031496062992124,0,bassoon	,9
45600,43,454,0.48031496062992124,0,bassoon	,10
67200,85,1920,0.5039370078740157,0,oboe	,0
31440,67,244,0.48031496062992124,0,oboe	,1
61155,70,45,0.30708661417322836,0,clarinet	,2
31440,63,244,0.47244094488188976,0,clarinet	,3
61279,65,49,0.48031496062992124,0,clarinet	,4
32640,55,225,0.48031496062992124,0,clarinet	,5
35760,56,120,0.4881889763779528,0,bassoon	,8
46080,52,488,0.49606299212598426,0,bassoon	,9
46080,40,488,0.49606299212598426,0,bassoon	,10
69120,84,1440,0.5118110236220472,0,oboe	,0
31680,65,225,0.4645669291338583,0,oboe	,1
61215,69,45,0.30708661417322836,0,clarinet	,2
31680,70,225,0.5354330708661418,0,clarinet	,3
61343,63,45,0.48031496062992124,0,clarinet	,4
32880,55,120,0.4645669291338583,0,clarinet	,5
36240,56,244,0.48031496062992124,0,bassoon	,8
46560,58,488,0.5039370078740157,0,bassoon	,9
46560,46,488,0.49606299212598426,0,bassoon	,10
70560,84,120,0.48031496062992124,0,oboe	,0
31920,65,120,0.4645669291338583,0,oboe	,1
61279,70,49,0.30708661417322836,0,clarinet	,2
31920,70,120,0.5196850393700787,0,clarinet	,3
61440,62,960,0.5118110236220472,0,clarinet	,4
33360,58,240,0.49606299212598426,0,clarinet	,5
36480,55,225,0.4881889763779528,0,bassoon	,8
47040,53,488,0.4645669291338583,0,bassoon	,9
47040,41,488,0.47244094488188976,0,bassoon	,10
70680,82,120,0.47244094488188976,0,oboe	,0
32400,62,244,0.4566929133858268,0,oboe	,1
61343,69,45,0.30708661417322836,0,clarinet	,2
32400,58,240,0.41732283464566927,0,clarinet	,3
71040,53,1920,0.49606299212598426,0,clarinet	,4
33600,58,225,0.49606299212598426,0,clarinet	,5
36720,55,120,0.47244094488188976,0,bassoon	,8
47520,58,488,0.49606299212598426,0,bassoon	,9
47520,46,488,0.4881889763779528,0,bassoon	,10
70800,80,120,0.4566929133858268,0,oboe	,0
32640,63,911,0.4881889763779528,0,oboe	,1
61440,70,960,0.33070866141732286,0,clarinet	,2
32640,58,225,0.44881889763779526,0,clarinet	,3
72960,68,1958,0.5118110236220472,0,clarinet	,4
33840,58,120,0.4881889763779528,0,clarinet	,5
37200,55,244,0.48031496062992124,0,bassoon	,8
48000,55,488,0.49606299212598426,0,bassoon	,9
48000,43,488,0.49606299212598426,0,bassoon	,10
70920,82,113,0.48031496062992124,0,oboe	,0
34560,70,4800,0.5118110236220472,0,oboe	,1
78240,72,480,0.30708661417322836,0,clarinet	,2
32880,58,120,0.44881889763779526,0,clarinet	,3
74880,67,1365,0.49606299212598426,0,clarinet	,4
34320,58,240,0.48031496062992124,0,clarinet	,5
37440,56,225,0.4881889763779528,0,bassoon	,8
48480,58,488,0.4881889763779528,0,bassoon	,9
48480,46,488,0.4881889763779528,0,bassoon	,10
71040,80,960,0.47244094488188976,0,oboe	,0
40320,70,240,0.49606299212598426,0,oboe	,1
78720,74,979,0.3228346456692913,0,clarinet	,2
33360,63,244,0.7480314960629921,0,clarinet	,3
76320,67,120,0.48031496062992124,0,clarinet	,4
34560,58,225,0.5118110236220472,0,clarinet	,5
37680,56,120,0.4881889763779528,0,bassoon	,8
48960,53,488,0.4645669291338583,0,bassoon	,9
48960,41,488,0.47244094488188976,0,bassoon	,10
80640,84,960,0.5118110236220472,0,oboe	,0
40560,70,120,0.48031496062992124,0,oboe	,1
79680,76,979,0.31496062992125984,0,clarinet	,2
33600,62,225,0.4881889763779528,0,clarinet	,3
76440,65,120,0.47244094488188976,0,clarinet	,4
34800,58,120,0.48031496062992124,0,clarinet	,5
38160,56,244,0.48031496062992124,0,bassoon	,8
49440,58,454,0.49606299212598426,0,bassoon	,9
49440,46,454,0.4881889763779528,0,bassoon	,10
81600,86,120,0.48031496062992124,0,oboe	,0
41040,70,240,0.48031496062992124,0,oboe	,1
80640,77,911,0.33070866141732286,0,clarinet	,2
33840,62,120,0.4881889763779528,0,clarinet	,3
76560,63,120,0.4566929133858268,0,clarinet	,4
35280,58,240,0.7086614173228346,0,clarinet	,5
38400,55,225,0.5039370078740157,0,bassoon	,8
49920,52,488,0.4881889763779528,0,bassoon	,9
49920,40,488,0.49606299212598426,0,bassoon	,10
81720,84,120,0.47244094488188976,0,oboe	,0
41280,70,225,0.48031496062992124,0,oboe	,1
82080,72,480,0.30708661417322836,0,clarinet	,2
34320,65,244,0.5039370078740157,0,clarinet	,3
76680,65,113,0.48031496062992124,0,clarinet	,4
35520,58,225,0.48031496062992124,0,clarinet	,5
38640,55,120,0.47244094488188976,0,bassoon	,8
50400,58,488,0.49606299212598426,0,bassoon	,9
50400,46,488,0.4881889763779528,0,bassoon	,10
81840,82,120,0.4566929133858268,0,oboe	,0
41520,70,120,0.48031496062992124,0,oboe	,1
82560,74,979,0.3228346456692913,0,clarinet	,2
34560,63,225,0.5039370078740157,0,clarinet	,3
76800,63,960,0.48031496062992124,0,clarinet	,4
35760,58,120,0.48031496062992124,0,clarinet	,5
39120,55,240,0.48031496062992124,0,bassoon	,8
50880,53,488,0.4645669291338583,0,bassoon	,9
50880,41,488,0.47244094488188976,0,bassoon	,10
81960,80,113,0.4330708661417323,0,oboe	,0
42000,70,244,0.48031496062992124,0,oboe	,1
83520,76,979,0.31496062992125984,0,clarinet	,2
34800,63,120,0.48031496062992124,0,clarinet	,3
84480,72,960,0.5118110236220472,0,clarinet	,4
36240,58,240,0.48031496062992124,0,clarinet	,5
39360,55,225,0.48031496062992124,0,bassoon	,8
51360,58,488,0.49606299212598426,0,bassoon	,9
51360,46,488,0.4881889763779528,0,bassoon	,10
82080,80,120,0.4409448818897638,0,oboe	,0
42240,69,225,0.49606299212598426,0,oboe	,1
84480,77,911,0.33070866141732286,0,clarinet	,2
35280,63,244,0.7086614173228346,0,clarinet	,3
85440,74,120,0.48031496062992124,0,clarinet	,4
36480,58,225,0.49606299212598426,0,clarinet	,5
39600,55,120,0.48031496062992124,0,bassoon	,8
51840,55,488,0.49606299212598426,0,bassoon	,9
51840,43,488,0.49606299212598426,0,bassoon	,10
82200,79,120,0.4330708661417323,0,oboe	,0
42480,69,120,0.47244094488188976,0,oboe	,1
85920,72,480,0.30708661417322836,0,clarinet	,2
35520,62,225,0.47244094488188976,0,clarinet	,3
85560,72,120,0.47244094488188976,0,clarinet	,4
36720,58,120,0.48031496062992124,0,clarinet	,5
40080,55,244,0.48031496062992124,0,bassoon	,8
52320,58,488,0.4881889763779528,0,bassoon	,9
52320,46,488,0.4881889763779528,0,bassoon	,10
82320,77,120,0.41732283464566927,0,oboe	,0
42960,69,244,0.48031496062992124,0,oboe	,1
86400,74,979,0.3228346456692913,0,clarinet	,2
35760,62,120,0.47244094488188976,0,clarinet	,3
85680,70,120,0.4566929133858268,0,clarinet	,4
37200,58,240,0.7086614173228346,0,clarinet	,5
99840,51,240,0.5118110236220472,0,french_horn	,6
99840,51,240,0.5118110236220472,0,french_horn	,7
40320,58,225,0.5275590551181102,0,bassoon	,8
52800,53,488,0.4645669291338583,0,bassoon	,9
52800,41,488,0.47244094488188976,0,bassoon	,10
82440,75,113,0.4094488188976378,0,oboe	,0
43200,72,225,0.5039370078740157,0,oboe	,1
87360,76,979,0.31496062992125984,0,clarinet	,2
36240,65,244,0.49606299212598426,0,clarinet	,3
85800,68,113,0.4330708661417323,0,clarinet	,4
37440,58,225,0.48031496062992124,0,clarinet	,5
100080,51,120,0.48031496062992124,0,french_horn	,6
100080,51,120,0.48031496062992124,0,french_horn	,7
40560,58,120,0.49606299212598426,0,bassoon	,8
53280,58,454,0.49606299212598426,0,bassoon	,9
53280,46,454,0.4881889763779528,0,bassoon	,10
82560,74,960,0.4251968503937008,0,oboe	,0
43440,72,120,0.49606299212598426,0,oboe	,1
88320,78,979,0.33070866141732286,0,clarinet	,2
36480,63,225,0.49606299212598426,0,clarinet	,3
85920,68,120,0.4409448818897638,0,clarinet	,4
37680,58,120,0.48031496062992124,0,clarinet	,5
100560,51,240,0.48031496062992124,0,french_horn	,6
100560,51,240,0.48031496062992124,0,french_horn	,7
41040,58,240,0.4881889763779528,0,bassoon	,8
53760,51,488,0.4881889763779528,0,bassoon	,9
53760,39,488,0.49606299212598426,0,bassoon	,10
86880,72,480,0.48031496062992124,0,oboe	,0
43920,72,244,0.4881889763779528,0,oboe	,1
89280,79,911,0.31496062992125984,0,clarinet	,2
36720,63,120,0.48031496062992124,0,clarinet	,3
86040,67,120,0.4330708661417323,0,clarinet	,4
38160,58,240,0.48031496062992124,0,clarinet	,5
100800,51,225,0.48031496062992124,0,french_horn	,6
100800,51,225,0.48031496062992124,0,french_horn	,7
41280,58,225,0.4881889763779528,0,bassoon	,8
54240,55,488,0.4881889763779528,0,bassoon	,9
54240,43,488,0.48031496062992124,0,bassoon	,10
87360,84,1920,0.5118110236220472,0,oboe	,0
44160,74,225,0.5196850393700787,0,oboe	,1
90240,75,979,0.31496062992125984,0,clarinet	,2
37200,63,244,0.7086614173228346,0,clarinet	,3
86160,65,120,0.41732283464566927,0,clarinet	,4
38400,58,225,0.5118110236220472,0,clarinet	,5
101040,51,120,0.48031496062992124,0,french_horn	,6
101040,51,120,0.48031496062992124,0,french_horn	,7
41520,58,120,0.48031496062992124,0,bassoon	,8
54720,58,488,0.5039370078740157,0,bassoon	,9
54720,46,488,0.49606299212598426,0,bassoon	,10
89280,82,1200,0.48031496062992124,0,oboe	,0
44400,74,120,0.49606299212598426,0,oboe	,1
91200,74,488,0.30708661417322836,0,clarinet	,2
37440,62,225,0.47244094488188976,0,clarinet	,3
86280,63,113,0.4094488188976378,0,clarinet	,4
38640,58,120,0.48031496062992124,0,clarinet	,5
101520,51,244,0.48031496062992124,0,french_horn	,6
101520,51,244,0.48031496062992124,0,french_horn	,7
42000,58,244,0.48031496062992124,0,bassoon	,8
55200,51,488,0.47244094488188976,0,bassoon	,9
55200,39,488,0.48031496062992124,0,bassoon	,10
90480,81,240,0.48031496062992124,0,oboe	,0
44880,74,244,0.4881889763779528,0,oboe	,1
91680,72,454,0.30708661417322836,0,clarinet	,2
37680,62,120,0.47244094488188976,0,clarinet	,3
86400,62,960,0.4251968503937008,0,clarinet	,4
39120,58,240,0.48031496062992124,0,clarinet	,5
101760,58,225,0.5511811023622047,0,french_horn	,6
101760,58,225,0.5511811023622047,0,french_horn	,7
42240,60,225,0.5275590551181102,0,bassoon	,8
55680,52,488,0.5275590551181102,0,bassoon	,9
55680,40,488,0.5275590551181102,0,bassoon	,10
90720,84,244,0.4881889763779528,0,oboe	,0
45120,70,225,0.44881889763779526,0,oboe	,1
92160,70,480,0.3228346456692913,0,clarinet	,2
38160,65,244,0.49606299212598426,0,clarinet	,3
88800,62,480,0.48031496062992124,0,clarinet	,4
39360,58,225,0.48031496062992124,0,clarinet	,5
102000,58,120,0.5196850393700787,0,french_horn	,6
102000,58,120,0.5196850393700787,0,french_horn	,7
42480,60,120,0.4881889763779528,0,bassoon	,8
56160,55,488,0.5354330708661418,0,bassoon	,9
56160,43,488,0.5275590551181102,0,bassoon	,10
90960,81,244,0.47244094488188976,0,oboe	,0
45360,70,120,0.4566929133858268,0,oboe	,1
93120,79,1920,0.3228346456692913,0,clarinet	,2
38400,63,225,0.5039370078740157,0,clarinet	,3
89280,74,1200,0.5118110236220472,0,clarinet	,4
39600,58,120,0.48031496062992124,0,clarinet	,5
102480,58,240,0.49606299212598426,0,french_horn	,6
102480,58,240,0.49606299212598426,0,french_horn	,7
42960,60,244,0.4881889763779528,0,bassoon	,8
56640,58,488,0.5590551181102362,0,bassoon	,9
56640,46,488,0.5511811023622047,0,bassoon	,10
91200,79,488,0.4566929133858268,0,oboe	,0
45840,70,240,0.47244094488188976,0,oboe	,1
95040,67,960,0.30708661417322836,0,clarinet	,2
38640,63,120,0.48031496062992124,0,clarinet	,3
90480,72,244,0.48031496062992124,0,clarinet	,4
40080,58,244,0.48031496062992124,0,clarinet	,5
102720,58,225,0.4881889763779528,0,french_horn	,6
102720,58,225,0.4881889763779528,0,french_horn	,7
43200,57,225,0.4566929133858268,0,bassoon	,8
57120,52,454,0.5196850393700787,0,bassoon	,9
57120,40,454,0.5275590551181102,0,bassoon	,10
91680,78,454,0.4566929133858268,0,oboe	,0
46080,70,225,0.5039370078740157,0,oboe	,1
96000,65,480,0.3228346456692913,0,clarinet	,2
39120,63,240,0.48031496062992124,0,clarinet	,3
90720,75,244,0.49606299212598426,0,clarinet	,4
40320,62,225,0.5354330708661418,0,clarinet	,5
102960,58,120,0.4881889763779528,0,french_horn	,6
102960,58,120,0.4881889763779528,0,french_horn	,7
43440,57,120,0.4645669291338583,0,bassoon	,8
57600,53,488,0.5905511811023622,0,bassoon	,9
57600,41,488,0.5905511811023622,0,bassoon	,10
92160,79,480,0.5039370078740157,0,oboe	,0
46320,70,120,0.48031496062992124,0,oboe	,1
96960,77,1920,0.3228346456692913,0,clarinet	,2
39360,63,225,0.48031496062992124,0,clarinet	,3
90960,72,244,0.47244094488188976,0,clarinet	,4
40560,62,120,0.5039370078740157,0,clarinet	,5
103440,58,244,0.48031496062992124,0,french_horn	,6
103440,58,244,0.48031496062992124,0,french_horn	,7
43920,57,244,0.47244094488188976,0,bassoon	,8
58080,58,488,0.5826771653543307,0,bassoon	,9
58080,46,488,0.5748031496062992,0,bassoon	,10
93120,82,1920,0.4881889763779528,0,oboe	,0
46800,70,240,0.48031496062992124,0,oboe	,1
98880,65,979,0.30708661417322836,0,clarinet	,2
39600,63,120,0.48031496062992124,0,clarinet	,3
91200,70,488,0.4566929133858268,0,clarinet	,4
41040,58,244,0.4645669291338583,0,clarinet	,5
103680,63,911,0.5511811023622047,0,french_horn	,6
103680,55,911,0.48031496062992124,0,french_horn	,7
44160,58,225,0.5039370078740157,0,bassoon	,8
58560,62,488,0.5984251968503937,0,bassoon	,9
58560,50,488,0.5905511811023622,0,bassoon	,10
95040,70,979,0.48031496062992124,0,oboe	,0
47040,70,225,0.48031496062992124,0,oboe	,1
99840,63,911,0.3228346456692913,0,clarinet	,2
40080,63,244,0.48031496062992124,0,clarinet	,3
91680,69,454,0.4566929133858268,0,clarinet	,4
41280,62,225,0.49606299212598426,0,clarinet	,5
44400,58,120,0.48031496062992124,0,bassoon	,8
59040,65,488,0.5905511811023622,0,bassoon	,9
59040,53,488,0.5905511811023622,0,bassoon	,10
96000,68,454,0.5039370078740157,0,oboe	,0
47280,70,120,0.48031496062992124,0,oboe	,1
109440,75,1200,0.49606299212598426,0,clarinet	,2
40320,65,225,0.5196850393700787,0,clarinet	,3
92160,67,960,0.4881889763779528,0,clarinet	,4
41520,62,120,0.49606299212598426,0,clarinet	,5
44880,58,240,0.48031496062992124,0,bassoon	,8
59520,53,488,0.5275590551181102,0,bassoon	,9
59520,41,488,0.5511811023622047,0,bassoon	,10
96960,80,1920,0.49606299212598426,0,oboe	,0
47760,70,240,0.48031496062992124,0,oboe	,1
110640,75,53,0.48031496062992124,0,clarinet	,2
40560,65,120,0.4881889763779528,0,clarinet	,3
94080,73,731,0.49606299212598426,0,clarinet	,4
42000,62,244,0.4881889763779528,0,clarinet	,5
45120,58,225,0.48031496062992124,0,bassoon	,8
60000,52,488,0.5354330708661418,0,bassoon	,9
60000,40,488,0.5433070866141733,0,bassoon	,10
98880,68,960,0.48031496062992124,0,oboe	,0
48000,70,225,0.49606299212598426,0,oboe	,1
110704,77,49,0.48031496062992124,0,clarinet	,2
41040,65,240,0.4881889763779528,0,clarinet	,3
94800,72,240,0.48031496062992124,0,clarinet	,4
42240,63,225,0.5196850393700787,0,clarinet	,5
45360,58,120,0.48031496062992124,0,bassoon	,8
60480,53,488,0.5511811023622047,0,bassoon	,9
60480,41,488,0.5590551181102362,0,bassoon	,10
99840,67,960,0.5039370078740157,0,oboe	,0
48240,70,120,0.48031496062992124,0,oboe	,1
110760,75,45,0.48031496062992124,0,clarinet	,2
41280,65,225,0.48031496062992124,0,clarinet	,3
95040,72,454,0.48031496062992124,0,clarinet	,4
42480,63,120,0.4881889763779528,0,clarinet	,5
49920,58,979,0.5118110236220472,0,bassoon	,8
60960,41,454,0.5275590551181102,0,bassoon	,9
60960,29,454,0.5275590551181102,0,bassoon	,10
103680,82,3360,0.5118110236220472,0,oboe	,0
48720,70,240,0.48031496062992124,0,oboe	,1
110820,77,45,0.48031496062992124,0,clarinet	,2
41520,65,120,0.48031496062992124,0,clarinet	,3
97920,71,731,0.49606299212598426,0,clarinet	,4
42960,63,244,0.48031496062992124,0,clarinet	,5
50880,56,979,0.48031496062992124,0,bassoon	,8
61440,46,960,0.5905511811023622,0,bassoon	,9
61440,34,960,0.5905511811023622,0,bassoon	,10
107040,80,244,0.48031496062992124,0,oboe	,0
48960,70,225,0.48031496062992124,0,oboe	,1
110880,77,244,0.48031496062992124,0,clarinet	,2
42000,65,240,0.48031496062992124,0,clarinet	,3
98640,70,240,0.48031496062992124,0,clarinet	,4
43200,60,225,0.4566929133858268,0,clarinet	,5
51840,55,911,0.49606299212598426,0,bassoon	,8
63360,53,960,0.5826771653543307,0,bassoon	,9
63360,41,960,0.5826771653543307,0,bassoon	,10
107280,79,225,0.48031496062992124,0,oboe	,0
49200,70,120,0.48031496062992124,0,oboe	,1
111120,79,225,0.4881889763779528,0,clarinet	,2
42240,65,225,0.5118110236220472,0,clarinet	,3
98880,70,454,0.48031496062992124,0,clarinet	,4
43440,60,120,0.4645669291338583,0,clarinet	,5
52800,58,731,0.4881889763779528,0,bassoon	,8
64320,41,960,0.5511811023622047,0,bassoon	,9
64320,29,960,0.5511811023622047,0,bassoon	,10
107520,77,480,0.49606299212598426,0,oboe	,0
49680,70,240,0.48031496062992124,0,oboe	,1
111360,76,731,0.49606299212598426,0,clarinet	,2
42480,65,120,0.48031496062992124,0,clarinet	,3
99840,51,960,0.48031496062992124,0,clarinet	,4
43920,60,244,0.47244094488188976,0,clarinet	,5
53520,62,225,0.4881889763779528,0,bassoon	,8
65280,46,488,0.5984251968503937,0,bassoon	,9
65280,34,488,0.5984251968503937,0,bassoon	,10
108000,75,720,0.4566929133858268,0,oboe	,0
49920,70,225,0.5118110236220472,0,oboe	,1
112080,77,225,0.48031496062992124,0,clarinet	,2
42960,65,240,0.48031496062992124,0,clarinet	,3
117120,72,960,0.49606299212598426,0,clarinet	,4
44160,62,225,0.5118110236220472,0,clarinet	,5
53760,63,1958,0.5196850393700787,0,bassoon	,8
65760,61,488,0.6062992125984252,0,bassoon	,9
65760,49,488,0.5984251968503937,0,bassoon	,10
108720,74,120,0.47244094488188976,0,oboe	,0
50160,70,120,0.48031496062992124,0,oboe	,1
112320,77,960,0.48031496062992124,0,clarinet	,2
43200,65,225,0.48031496062992124,0,clarinet	,3
118080,60,960,0.4645669291338583,0,clarinet	,4
44400,62,120,0.4881889763779528,0,clarinet	,5
55680,64,1823,0.49606299212598426,0,bassoon	,8
66240,58,488,0.5748031496062992,0,bassoon	,9
66240,46,488,0.5669291338582677,0,bassoon	,10
108840,75,120,0.48031496062992124,0,oboe	,0
50640,70,240,0.48031496062992124,0,oboe	,1
113280,79,244,0.5039370078740157,0,clarinet	,2
43440,65,120,0.48031496062992124,0,clarinet	,3
119040,77,960,0.5275590551181102,0,clarinet	,4
44880,62,240,0.4881889763779528,0,clarinet	,5
57600,65,4560,0.5118110236220472,0,bassoon	,8
66720,56,488,0.5511811023622047,0,bassoon	,9
66720,44,488,0.5590551181102362,0,bassoon	,10
108960,77,120,0.5039370078740157,0,oboe	,0
50880,70,225,0.48031496062992124,0,oboe	,1
113520,77,225,0.47244094488188976,0,clarinet	,2
43920,65,240,0.48031496062992124,0,clarinet	,3
120000,50,960,0.4645669291338583,0,clarinet	,4
45120,62,225,0.48031496062992124,0,clarinet	,5
62160,62,225,0.48031496062992124,0,bassoon	,8
67200,55,488,0.5669291338582677,0,bassoon	,9
67200,43,488,0.5748031496062992,0,bassoon	,10
109080,75,120,0.47244094488188976,0,oboe	,0
51120,70,120,0.48031496062992124,0,oboe	,1
113760,75,244,0.4566929133858268,0,clarinet	,2
44160,65,225,0.49606299212598426,0,clarinet	,3
120960,51,480,0.49606299212598426,0,clarinet	,4
45360,62,120,0.48031496062992124,0,clarinet	,5
124800,58,5760,0.49606299212598426,0,french_horn	,6
124800,46,5760,0.49606299212598426,0,french_horn	,7
62400,63,244,0.48031496062992124,0,bassoon	,8
67680,58,488,0.5748031496062992,0,bassoon	,9
67680,46,488,0.5669291338582677,0,bassoon	,10
109200,74,120,0.4566929133858268,0,oboe	,0
51600,70,240,0.48031496062992124,0,oboe	,1
114000,74,225,0.4566929133858268,0,clarinet	,2
44400,65,120,0.48031496062992124,0,clarinet	,3
121440,75,480,0.5196850393700787,0,clarinet	,4
45840,63,244,0.4881889763779528,0,clarinet	,5
62640,62,244,0.48031496062992124,0,bassoon	,8
68160,55,488,0.5511811023622047,0,bassoon	,9
68160,43,488,0.5511811023622047,0,bassoon	,10
109320,72,113,0.4330708661417323,0,oboe	,0
51840,70,225,0.49606299212598426,0,oboe	,1
114240,72,244,0.4409448818897638,0,clarinet	,2
44880,65,240,0.48031496062992124,0,clarinet	,3
121920,74,244,0.49606299212598426,0,clarinet	,4
46080,60,225,0.4881889763779528,0,clarinet	,5
62880,60,244,0.4645669291338583,0,bassoon	,8
68640,53,454,0.5433070866141733,0,bassoon	,9
68640,41,454,0.5511811023622047,0,bassoon	,10
109440,70,960,0.4330708661417323,0,oboe	,0
52080,70,120,0.48031496062992124,0,oboe	,1
114480,70,488,0.4330708661417323,0,clarinet	,2
45120,65,225,0.48031496062992124,0,clarinet	,3
122160,72,244,0.48031496062992124,0,clarinet	,4
46320,60,120,0.4645669291338583,0,clarinet	,5
63120,58,225,0.44881889763779526,0,bassoon	,8
69120,52,488,0.5826771653543307,0,bassoon	,9
69120,40,488,0.5905511811023622,0,bassoon	,10
128640,67,60,0.49606299212598426,0,oboe	,0
52560,70,240,0.48031496062992124,0,oboe	,1
114960,68,225,0.4409448818897638,0,clarinet	,2
45360,65,120,0.48031496062992124,0,clarinet	,3
122400,70,244,0.4645669291338583,0,clarinet	,4
46800,60,244,0.47244094488188976,0,clarinet	,5
63360,58,960,0.47244094488188976,0,bassoon	,8
69600,55,488,0.5748031496062992,0,bassoon	,9
69600,43,488,0.5669291338582677,0,bassoon	,10
128760,68,60,0.48031496062992124,0,oboe	,0
52800,70,225,0.48031496062992124,0,oboe	,1
115200,70,244,0.5039370078740157,0,clarinet	,2
45840,67,240,0.49606299212598426,0,clarinet	,3
122640,68,225,0.44881889763779526,0,clarinet	,4
47040,62,225,0.49606299212598426,0,clarinet	,5
64320,58,244,0.48031496062992124,0,bassoon	,8
70080,48,488,0.5354330708661418,0,bassoon	,9
70080,36,488,0.5433070866141733,0,bassoon	,10
128880,70,60,0.48031496062992124,0,oboe	,0
53040,70,120,0.48031496062992124,0,oboe	,1
115440,68,53,0.4566929133858268,0,clarinet	,2
46080,67,225,0.5196850393700787,0,clarinet	,3
122880,67,244,0.47244094488188976,0,clarinet	,4
47280,62,120,0.4881889763779528,0,clarinet	,5
130560,63,19200,0.5118110236220472,0,french_horn	,6
130560,51,19200,0.5118110236220472,0,french_horn	,7
64560,57,244,0.47244094488188976,0,bassoon	,8
70560,52,488,0.5669291338582677,0,bassoon	,9
70560,40,488,0.5669291338582677,0,bassoon	,10
129000,72,60,0.4881889763779528,0,oboe	,0
53520,70,244,0.48031496062992124,0,oboe	,1
115508,70,52,0.4566929133858268,0,clarinet	,2
46320,67,120,0.4881889763779528,0,clarinet	,3
123120,68,244,0.4645669291338583,0,clarinet	,4
47760,62,244,0.4881889763779528,0,clarinet	,5
64800,55,244,0.4645669291338583,0,bassoon	,8
71040,53,488,0.5905511811023622,0,bassoon	,9
71040,41,488,0.5905511811023622,0,bassoon	,10
129120,74,60,0.4881889763779528,0,oboe	,0
53760,72,225,0.5275590551181102,0,oboe	,1
115571,68,49,0.4566929133858268,0,clarinet	,2
46800,67,244,0.48031496062992124,0,clarinet	,3
123360,69,244,0.48031496062992124,0,clarinet	,4
48000,63,225,0.5118110236220472,0,clarinet	,5
65040,57,225,0.4881889763779528,0,bassoon	,8
71520,56,488,0.5826771653543307,0,bassoon	,9
71520,44,488,0.5748031496062992,0,bassoon	,10
129240,75,60,0.49606299212598426,0,oboe	,0
54000,72,120,0.4881889763779528,0,oboe	,1
115635,70,49,0.4566929133858268,0,clarinet	,2
47040,65,225,0.4645669291338583,0,clarinet	,3
123600,70,225,0.49606299212598426,0,clarinet	,4
48240,63,120,0.4881889763779528,0,clarinet	,5
65280,58,240,0.5196850393700787,0,bassoon	,8
72000,53,488,0.5511811023622047,0,bassoon	,9
72000,41,488,0.5590551181102362,0,bassoon	,10
129360,77,60,0.49606299212598426,0,oboe	,0
54480,72,240,0.4881889763779528,0,oboe	,1
115695,68,45,0.4566929133858268,0,clarinet	,2
47280,65,120,0.4645669291338583,0,clarinet	,3
123840,70,244,0.4881889763779528,0,clarinet	,4
48720,63,244,0.48031496062992124,0,clarinet	,5
65520,58,120,0.4881889763779528,0,bassoon	,8
72480,51,454,0.5433070866141733,0,bassoon	,9
72480,39,454,0.5511811023622047,0,bassoon	,10
129480,79,60,0.5039370078740157,0,oboe	,0
54720,72,225,0.48031496062992124,0,oboe	,1
115755,70,45,0.4566929133858268,0,clarinet	,2
47760,65,244,0.47244094488188976,0,clarinet	,3
124080,68,244,0.4645669291338583,0,clarinet	,4
48960,62,225,0.47244094488188976,0,clarinet	,5
66000,58,240,0.4881889763779528,0,bassoon	,8
72960,49,488,0.5748031496062992,0,bassoon	,9
72960,37,488,0.5826771653543307,0,bassoon	,10
129600,80,731,0.7480314960629921,0,oboe	,0
54960,72,120,0.48031496062992124,0,oboe	,1
115811,68,45,0.4566929133858268,0,clarinet	,2
48000,63,225,0.48031496062992124,0,clarinet	,3
124320,67,244,0.4566929133858268,0,clarinet	,4
49200,62,120,0.47244094488188976,0,clarinet	,5
66240,58,225,0.48031496062992124,0,bassoon	,8
73440,53,488,0.5748031496062992,0,bassoon	,9
73440,41,488,0.5669291338582677,0,bassoon	,10
130320,74,225,0.4645669291338583,0,oboe	,0
55440,72,244,0.48031496062992124,0,oboe	,1
115868,70,45,0.4566929133858268,0,clarinet	,2
48240,63,120,0.4645669291338583,0,clarinet	,3
124560,65,225,0.4409448818897638,0,clarinet	,4
49680,62,244,0.48031496062992124,0,clarinet	,5
66480,58,120,0.48031496062992124,0,bassoon	,8
73920,49,488,0.5511811023622047,0,bassoon	,9
73920,37,488,0.5511811023622047,0,bassoon	,10
130560,77,244,0.5196850393700787,0,oboe	,0
55680,73,225,0.5118110236220472,0,oboe	,1
115924,68,45,0.4566929133858268,0,clarinet	,2
48720,63,244,0.47244094488188976,0,clarinet	,3
124800,63,960,0.44881889763779526,0,clarinet	,4
49920,60,225,0.4881889763779528,0,clarinet	,5
66960,58,240,0.48031496062992124,0,bassoon	,8
74400,48,488,0.5511811023622047,0,bassoon	,9
74400,36,488,0.5511811023622047,0,bassoon	,10
130800,75,225,0.47244094488188976,0,oboe	,0
55920,73,120,0.4881889763779528,0,oboe	,1
115984,70,45,0.4566929133858268,0,clarinet	,2
48960,65,225,0.49606299212598426,0,clarinet	,3
126720,55,244,0.5039370078740157,0,clarinet	,4
50160,60,120,0.4645669291338583,0,clarinet	,5
67200,58,225,0.49606299212598426,0,bassoon	,8
74880,47,488,0.5748031496062992,0,bassoon	,9
74880,35,488,0.5748031496062992,0,bassoon	,10
131040,75,240,0.47244094488188976,0,oboe	,0
56400,73,240,0.48031496062992124,0,oboe	,1
116044,68,45,0.4566929133858268,0,clarinet	,2
49200,65,120,0.4881889763779528,0,clarinet	,3
126960,58,244,0.4881889763779528,0,clarinet	,4
50640,60,244,0.47244094488188976,0,clarinet	,5
67440,58,120,0.48031496062992124,0,bassoon	,8
75360,50,488,0.5669291338582677,0,bassoon	,9
75360,38,488,0.5669291338582677,0,bassoon	,10
134400,63,960,0.5118110236220472,0,oboe	,0
56640,73,225,0.48031496062992124,0,oboe	,1
116108,70,48,0.4566929133858268,0,clarinet	,2
49680,65,244,0.4881889763779528,0,clarinet	,3
127200,63,244,0.5196850393700787,0,clarinet	,4
50880,62,225,0.49606299212598426,0,clarinet	,5
67920,58,240,0.48031496062992124,0,bassoon	,8
75840,43,488,0.5433070866141733,0,bassoon	,9
75840,31,488,0.5433070866141733,0,bassoon	,10
135360,82,960,0.49606299212598426,0,oboe	,0
56880,73,120,0.48031496062992124,0,oboe	,1
116160,67,911,0.47244094488188976,0,clarinet	,2
49920,67,225,0.5275590551181102,0,clarinet	,3
127440,67,225,0.5354330708661418,0,clarinet	,4
51120,62,120,0.4881889763779528,0,clarinet	,5
68160,58,225,0.48031496062992124,0,bassoon	,8
76320,47,454,0.5669291338582677,0,bassoon	,9
76320,35,454,0.5669291338582677,0,bassoon	,10
136320,84,364,0.5039370078740157,0,oboe	,0
57360,73,244,0.48031496062992124,0,oboe	,1
124800,67,244,0.49606299212598426,0,clarinet	,2
50160,67,120,0.49606299212598426,0,clarinet	,3
127680,68,731,0.5354330708661418,0,clarinet	,4
51600,62,244,0.4881889763779528,0,clarinet	,5
68400,58,120,0.48031496062992124,0,bassoon	,8
76800,48,488,0.5984251968503937,0,bassoon	,9
76800,36,488,0.5984251968503937,0,bassoon	,10
136680,80,113,0.5039370078740157,0,oboe	,0
57600,74,225,0.5196850393700787,0,oboe	,1
125040,70,244,0.4881889763779528,0,clarinet	,2
50640,67,244,0.4881889763779528,0,clarinet	,3
128400,62,225,0.4645669291338583,0,clarinet	,4
51840,63,225,0.5118110236220472,0,clarinet	,5
68880,56,244,0.4645669291338583,0,bassoon	,8
77280,60,488,0.6220472440944882,0,bassoon	,9
77280,48,488,0.6062992125984252,0,bassoon	,10
136800,80,240,0.4881889763779528,0,oboe	,0
57840,74,120,0.4881889763779528,0,oboe	,1
125280,75,244,0.5196850393700787,0,clarinet	,2
50880,65,225,0.4645669291338583,0,clarinet	,3
128640,65,244,0.5118110236220472,0,clarinet	,4
52080,63,120,0.4881889763779528,0,clarinet	,5
69120,55,225,0.4881889763779528,0,bassoon	,8
77760,56,488,0.5669291338582677,0,bassoon	,9
77760,44,488,0.5669291338582677,0,bassoon	,10
140160,75,960,0.49606299212598426,0,oboe	,0
58320,74,240,0.48031496062992124,0,oboe	,1
125520,79,225,0.5354330708661418,0,clarinet	,2
51120,65,120,0.47244094488188976,0,clarinet	,3
128880,63,225,0.47244094488188976,0,clarinet	,4
52560,63,244,0.48031496062992124,0,clarinet	,5
69360,55,120,0.4645669291338583,0,bassoon	,8
78240,55,488,0.5511811023622047,0,bassoon	,9
78240,43,488,0.5590551181102362,0,bassoon	,10
141120,77,120,0.48031496062992124,0,oboe	,0
58560,74,225,0.48031496062992124,0,oboe	,1
125760,80,731,0.7874015748031497,0,clarinet	,2
51600,65,244,0.47244094488188976,0,clarinet	,3
129120,63,240,0.47244094488188976,0,clarinet	,4
52800,62,225,0.47244094488188976,0,clarinet	,5
69840,60,240,0.5118110236220472,0,bassoon	,8
78720,54,488,0.5748031496062992,0,bassoon	,9
78720,42,488,0.5748031496062992,0,bassoon	,10
141240,75,120,0.47244094488188976,0,oboe	,0
58800,74,120,0.48031496062992124,0,oboe	,1
126480,74,225,0.4645669291338583,0,clarinet	,2
51840,63,225,0.48031496062992124,0,clarinet	,3
130560,51,960,0.49606299212598426,0,clarinet	,4
53040,62,120,0.47244094488188976,0,clarinet	,5
70080,60,225,0.5039370078740157,0,bassoon	,8
79200,60,488,0.5905511811023622,0,bassoon	,9
79200,48,488,0.5826771653543307,0,bassoon	,10
141360,74,120,0.4645669291338583,0,oboe	,0
59280,70,244,0.44881889763779526,0,oboe	,1
126720,77,244,0.5196850393700787,0,clarinet	,2
52080,63,120,0.4645669291338583,0,clarinet	,3
131520,67,960,0.49606299212598426,0,clarinet	,4
53520,65,244,0.49606299212598426,0,clarinet	,5
70320,60,120,0.49606299212598426,0,bassoon	,8
79680,55,488,0.5433070866141733,0,bassoon	,9
79680,43,488,0.5511811023622047,0,bassoon	,10
141480,72,113,0.4409448818897638,0,oboe	,0
59520,77,225,0.5433070866141733,0,oboe	,1
126960,75,225,0.47244094488188976,0,clarinet	,2
52560,63,244,0.47244094488188976,0,clarinet	,3
132480,68,960,0.5039370078740157,0,clarinet	,4
53760,67,225,0.5433070866141733,0,clarinet	,5
149760,58,3840,0.5118110236220472,0,french_horn	,6
149760,46,3840,0.5118110236220472,0,french_horn	,7
70800,58,244,0.47244094488188976,0,bassoon	,8
80160,60,454,0.5826771653543307,0,bassoon	,9
80160,48,454,0.5748031496062992,0,bassoon	,10
141600,72,120,0.44881889763779526,0,oboe	,0
59760,77,120,0.5118110236220472,0,oboe	,1
127200,75,240,0.47244094488188976,0,clarinet	,2
52800,65,225,0.49606299212598426,0,clarinet	,3
133440,48,960,0.4645669291338583,0,clarinet	,4
54000,67,120,0.5039370078740157,0,clarinet	,5
71040,56,225,0.47244094488188976,0,bassoon	,8
80640,56,488,0.5826771653543307,0,bassoon	,9
80640,44,488,0.5826771653543307,0,bassoon	,10
141720,70,120,0.4251968503937008,0,oboe	,0
60240,77,240,0.49606299212598426,0,oboe	,1
132480,51,960,0.49606299212598426,0,clarinet	,2
53040,65,120,0.4881889763779528,0,clarinet	,3
134400,46,960,0.5039370078740157,0,clarinet	,4
54480,67,240,0.49606299212598426,0,clarinet	,5
71280,56,120,0.4645669291338583,0,bassoon	,8
81120,60,488,0.5748031496062992,0,bassoon	,9
81120,48,488,0.5748031496062992,0,bassoon	,10
141840,68,120,0.4094488188976378,0,oboe	,0
60480,77,225,0.4881889763779528,0,oboe	,1
133440,68,960,0.49606299212598426,0,clarinet	,2
53520,70,240,0.5196850393700787,0,clarinet	,3
135360,73,979,0.49606299212598426,0,clarinet	,4
54720,67,225,0.5039370078740157,0,clarinet	,5
71760,56,240,0.47244094488188976,0,bassoon	,8
81600,55,488,0.5354330708661418,0,bassoon	,9
81600,43,488,0.5511811023622047,0,bassoon	,10
141960,67,113,0.4094488188976378,0,oboe	,0
60720,77,120,0.4881889763779528,0,oboe	,1
134400,73,960,0.5196850393700787,0,clarinet	,2
53760,70,225,0.5354330708661418,0,clarinet	,3
136320,72,911,0.49606299212598426,0,clarinet	,4
54960,67,120,0.5039370078740157,0,clarinet	,5
153600,51,960,0.5118110236220472,0,french_horn	,6
153600,51,960,0.5118110236220472,0,french_horn	,7
72000,56,225,0.47244094488188976,0,bassoon	,8
82080,60,488,0.5748031496062992,0,bassoon	,9
82080,48,488,0.5748031496062992,0,bassoon	,10
142080,65,960,0.4330708661417323,0,oboe	,0
61200,77,240,0.48031496062992124,0,oboe	,1
135360,55,960,0.4645669291338583,0,clarinet	,2
54000,70,120,0.49606299212598426,0,clarinet	,3
144000,63,960,0.49606299212598426,0,clarinet	,4
55440,67,240,0.5118110236220472,0,clarinet	,5
72240,56,120,0.48031496062992124,0,bassoon	,8
82560,54,488,0.5590551181102362,0,bassoon	,9
82560,42,488,0.5669291338582677,0,bassoon	,10
147360,75,480,0.48031496062992124,0,oboe	,0
61440,82,731,0.5511811023622047,0,oboe	,1
136320,56,960,0.49606299212598426,0,clarinet	,2
54480,70,240,0.49606299212598426,0,clarinet	,3
144960,65,120,0.48031496062992124,0,clarinet	,4
55680,67,225,0.5433070866141733,0,clarinet	,5
155520,58,1920,0.5039370078740157,0,french_horn	,6
155520,46,1920,0.49606299212598426,0,french_horn	,7
72720,56,244,0.48031496062992124,0,bassoon	,8
83040,60,488,0.5826771653543307,0,bassoon	,9
83040,48,488,0.5748031496062992,0,bassoon	,10
147840,84,1920,0.84251968503937,0,oboe	,0
62160,77,225,0.47244094488188976,0,oboe	,1
137760,63,480,0.4881889763779528,0,clarinet	,2
54720,70,225,0.49606299212598426,0,clarinet	,3
145080,63,120,0.47244094488188976,0,clarinet	,4
55920,67,120,0.5196850393700787,0,clarinet	,5
72960,53,225,0.48031496062992124,0,bassoon	,8
83520,55,488,0.5433070866141733,0,bassoon	,9
83520,43,488,0.5511811023622047,0,bassoon	,10
149760,82,1200,0.5118110236220472,0,oboe	,0
62400,79,244,0.4881889763779528,0,oboe	,1
138240,65,979,0.5118110236220472,0,clarinet	,2
54960,70,120,0.5039370078740157,0,clarinet	,3
145200,62,120,0.4645669291338583,0,clarinet	,4
56400,67,240,0.5275590551181102,0,clarinet	,5
157440,63,240,0.5118110236220472,0,french_horn	,6
157440,51,240,0.5118110236220472,0,french_horn	,7
73200,53,120,0.4645669291338583,0,bassoon	,8
84000,60,454,0.5826771653543307,0,bassoon	,9
84000,48,454,0.5748031496062992,0,bassoon	,10
150960,81,244,0.48031496062992124,0,oboe	,0
62640,77,244,0.4645669291338583,0,oboe	,1
139200,67,979,0.4881889763779528,0,clarinet	,2
55440,70,240,0.5118110236220472,0,clarinet	,3
145320,60,113,0.4409448818897638,0,clarinet	,4
56640,67,225,0.5354330708661418,0,clarinet	,5
157680,63,120,0.48031496062992124,0,french_horn	,6
157680,51,120,0.48031496062992124,0,french_horn	,7
73680,53,240,0.47244094488188976,0,bassoon	,8
84480,56,488,0.5826771653543307,0,bassoon	,9
84480,44,488,0.5826771653543307,0,bassoon	,10
151200,80,244,0.47244094488188976,0,oboe	,0
62880,75,244,0.4566929133858268,0,oboe	,1
140160,68,911,0.5039370078740157,0,clarinet	,2
55680,70,225,0.5433070866141733,0,clarinet	,3
145440,60,120,0.44881889763779526,0,clarinet	,4
56880,67,120,0.5433070866141733,0,clarinet	,5
158160,63,240,0.48031496062992124,0,french_horn	,6
158160,51,240,0.48031496062992124,0,french_horn	,7
73920,53,225,0.47244094488188976,0,bassoon	,8
84960,60,488,0.5748031496062992,0,bassoon	,9
84960,48,488,0.5748031496062992,0,bassoon	,10
151440,79,225,0.47244094488188976,0,oboe	,0
63120,74,240,0.44881889763779526,0,oboe	,1
141600,75,480,0.4881889763779528,0,clarinet	,2
55920,70,120,0.5196850393700787,0,clarinet	,3
145560,58,120,0.4251968503937008,0,clarinet	,4
57360,67,244,0.5511811023622047,0,clarinet	,5
158400,63,225,0.48031496062992124,0,french_horn	,6
158400,51,225,0.48031496062992124,0,french_horn	,7
74160,53,120,0.48031496062992124,0,bassoon	,8
85440,55,488,0.5354330708661418,0,bassoon	,9
85440,43,488,0.5511811023622047,0,bassoon	,10
151680,79,1200,0.4881889763779528,0,oboe	,0
63360,74,911,0.48031496062992124,0,oboe	,1
142080,77,979,0.5118110236220472,0,clarinet	,2
56400,70,240,0.5275590551181102,0,clarinet	,3
145680,56,120,0.4094488188976378,0,clarinet	,4
57600,65,225,0.5748031496062992,0,clarinet	,5
158640,63,120,0.48031496062992124,0,french_horn	,6
158640,51,120,0.48031496062992124,0,french_horn	,7
74640,53,240,0.48031496062992124,0,bassoon	,8
85920,60,488,0.5748031496062992,0,bassoon	,9
85920,48,488,0.5748031496062992,0,bassoon	,10
152880,77,244,0.47244094488188976,0,oboe	,0
64320,74,244,0.48031496062992124,0,oboe	,1
143040,79,979,0.4881889763779528,0,clarinet	,2
56640,70,225,0.5354330708661418,0,clarinet	,3
145800,55,113,0.4094488188976378,0,clarinet	,4
57840,65,120,0.5433070866141733,0,clarinet	,5
159120,63,240,0.48031496062992124,0,french_horn	,6
159120,51,240,0.48031496062992124,0,french_horn	,7
74880,53,225,0.49606299212598426,0,bassoon	,8
86400,54,488,0.5590551181102362,0,bassoon	,9
86400,42,488,0.5669291338582677,0,bassoon	,10
153120,75,244,0.47244094488188976,0,oboe	,0
64560,72,244,0.4645669291338583,0,oboe	,1
144000,80,911,0.5039370078740157,0,clarinet	,2
56880,70,120,0.5433070866141733,0,clarinet	,3
145920,53,1958,0.4330708661417323,0,clarinet	,4
58320,62,244,0.5275590551181102,0,clarinet	,5
159360,63,225,0.49606299212598426,0,french_horn	,6
159360,51,225,0.49606299212598426,0,french_horn	,7
75120,53,120,0.48031496062992124,0,bassoon	,8
86880,60,488,0.5826771653543307,0,bassoon	,9
86880,48,488,0.5748031496062992,0,bassoon	,10
153360,77,225,0.4881889763779528,0,oboe	,0
64800,70,244,0.4566929133858268,0,oboe	,1
145440,63,480,0.47244094488188976,0,clarinet	,2
57360,70,240,0.5511811023622047,0,clarinet	,3
147840,66,1823,0.5039370078740157,0,clarinet	,4
58560,58,225,0.5039370078740157,0,clarinet	,5
159600,63,120,0.48031496062992124,0,french_horn	,6
159600,51,120,0.48031496062992124,0,french_horn	,7
75600,53,240,0.48031496062992124,0,bassoon	,8
87360,55,488,0.5433070866141733,0,bassoon	,9
87360,43,488,0.5511811023622047,0,bassoon	,10
153600,75,960,0.49606299212598426,0,oboe	,0
65040,72,225,0.48031496062992124,0,oboe	,1
145920,72,1958,0.5354330708661418,0,clarinet	,2
57600,70,225,0.5905511811023622,0,clarinet	,3
149760,67,1200,0.5118110236220472,0,clarinet	,4
58800,58,120,0.5196850393700787,0,clarinet	,5
160080,63,240,0.48031496062992124,0,french_horn	,6
160080,51,240,0.48031496062992124,0,french_horn	,7
75840,53,225,0.48031496062992124,0,bassoon	,8
87840,60,454,0.5826771653543307,0,bassoon	,9
87840,48,454,0.5748031496062992,0,bassoon	,10
159360,82,1466,0.49606299212598426,0,oboe	,0
65280,70,240,0.4881889763779528,0,oboe	,1
147840,75,1823,0.8031496062992126,0,clarinet	,2
57840,70,120,0.5590551181102362,0,clarinet	,3
150960,66,244,0.48031496062992124,0,clarinet	,4
59280,53,244,0.5039370078740157,0,clarinet	,5
160320,63,225,0.48031496062992124,0,french_horn	,6
160320,51,225,0.48031496062992124,0,french_horn	,7
76080,53,120,0.48031496062992124,0,bassoon	,8
88320,57,488,0.5826771653543307,0,bassoon	,9
88320,45,488,0.5905511811023622,0,bassoon	,10
160800,83,488,0.5354330708661418,0,oboe	,0
65520,70,120,0.4645669291338583,0,oboe	,1
149760,70,1200,0.5118110236220472,0,clarinet	,2
58320,70,240,0.5590551181102362,0,clarinet	,3
151200,65,244,0.47244094488188976,0,clarinet	,4
59520,70,225,0.6692913385826772,0,clarinet	,5
160560,63,120,0.48031496062992124,0,french_horn	,6
160560,51,120,0.48031496062992124,0,french_horn	,7
76560,53,244,0.48031496062992124,0,bassoon	,8
88800,62,488,0.5826771653543307,0,bassoon	,9
88800,50,488,0.5826771653543307,0,bassoon	,10
161280,84,454,0.5984251968503937,0,oboe	,0
66000,70,240,0.47244094488188976,0,oboe	,1
150960,69,244,0.48031496062992124,0,clarinet	,2
58560,70,225,0.5590551181102362,0,clarinet	,3
151440,63,225,0.4645669291338583,0,clarinet	,4
59760,70,120,0.6299212598425197,0,clarinet	,5
161040,63,240,0.48031496062992124,0,french_horn	,6
161040,51,240,0.48031496062992124,0,french_horn	,7
76800,48,225,0.48031496062992124,0,bassoon	,8
89280,58,488,0.5511811023622047,0,bassoon	,9
89280,46,488,0.5511811023622047,0,bassoon	,10
161760,82,244,0.47244094488188976,0,oboe	,0
66240,70,225,0.48031496062992124,0,oboe	,1
151200,68,244,0.47244094488188976,0,clarinet	,2
58800,70,120,0.5590551181102362,0,clarinet	,3
151680,63,1200,0.4881889763779528,0,clarinet	,4
60240,58,244,0.5039370078740157,0,clarinet	,5
161280,63,225,0.5118110236220472,0,french_horn	,6
161280,51,225,0.5118110236220472,0,french_horn	,7
77040,48,120,0.4566929133858268,0,bassoon	,8
89760,62,488,0.5748031496062992,0,bassoon	,9
89760,50,488,0.5748031496062992,0,bassoon	,10
162000,80,244,0.4645669291338583,0,oboe	,0
66480,70,120,0.48031496062992124,0,oboe	,1
151440,67,225,0.47244094488188976,0,clarinet	,2
59280,65,244,0.5196850393700787,0,clarinet	,3
152880,62,244,0.48031496062992124,0,clarinet	,4
60480,57,225,0.5118110236220472,0,clarinet	,5
161520,63,120,0.48031496062992124,0,french_horn	,6
161520,51,120,0.48031496062992124,0,french_horn	,7
77520,55,244,0.5196850393700787,0,bassoon	,8
90240,60,488,0.5748031496062992,0,bassoon	,9
90240,48,488,0.5826771653543307,0,bassoon	,10
162240,79,244,0.4566929133858268,0,oboe	,0
66960,70,240,0.48031496062992124,0,oboe	,1
151680,67,1200,0.4881889763779528,0,clarinet	,2
59520,74,225,0.6456692913385826,0,clarinet	,3
153120,60,244,0.47244094488188976,0,clarinet	,4
60720,57,120,0.5275590551181102,0,clarinet	,5
162000,63,240,0.48031496062992124,0,french_horn	,6
162000,51,240,0.48031496062992124,0,french_horn	,7
77760,56,225,0.5196850393700787,0,bassoon	,8
90720,57,488,0.5433070866141733,0,bassoon	,9
90720,45,488,0.5511811023622047,0,bassoon	,10
162480,77,244,0.44881889763779526,0,oboe	,0
67200,70,225,0.49606299212598426,0,oboe	,1
152880,65,244,0.47244094488188976,0,clarinet	,2
59760,74,120,0.6062992125984252,0,clarinet	,3
153360,62,225,0.4881889763779528,0,clarinet	,4
61200,57,244,0.5433070866141733,0,clarinet	,5
162240,63,225,0.48031496062992124,0,french_horn	,6
162240,51,225,0.48031496062992124,0,french_horn	,7
78000,56,120,0.5039370078740157,0,bassoon	,8
91200,62,488,0.5826771653543307,0,bassoon	,9
91200,50,488,0.5748031496062992,0,bassoon	,10
162720,75,244,0.4330708661417323,0,oboe	,0
67440,70,120,0.48031496062992124,0,oboe	,1
153120,63,244,0.47244094488188976,0,clarinet	,2
60240,62,244,0.4881889763779528,0,clarinet	,3
153600,63,960,0.5196850393700787,0,clarinet	,4
61440,58,694,0.5984251968503937,0,clarinet	,5
162480,63,120,0.48031496062992124,0,french_horn	,6
162480,51,120,0.48031496062992124,0,french_horn	,7
78480,60,240,0.5196850393700787,0,bassoon	,8
91680,50,454,0.5118110236220472,0,bassoon	,9
91680,38,454,0.5275590551181102,0,bassoon	,10
162960,74,225,0.4409448818897638,0,oboe	,0
67920,70,240,0.48031496062992124,0,oboe	,1
153360,65,225,0.4881889763779528,0,clarinet	,2
60480,63,225,0.5118110236220472,0,clarinet	,3
159360,67,1958,0.49606299212598426,0,clarinet	,4
62160,65,225,0.5984251968503937,0,clarinet	,5
162960,63,240,0.48031496062992124,0,french_horn	,6
162960,51,240,0.48031496062992124,0,french_horn	,7
78720,60,9600,0.5275590551181102,0,bassoon	,8
92160,55,488,0.5984251968503937,0,bassoon	,9
92160,43,488,0.5905511811023622,0,bassoon	,10
163200,75,480,0.48031496062992124,0,oboe	,0
68160,70,225,0.48031496062992124,0,oboe	,1
153600,63,960,0.49606299212598426,0,clarinet	,2
60720,63,120,0.5275590551181102,0,clarinet	,3
161280,68,454,0.5905511811023622,0,clarinet	,4
62400,67,244,0.5984251968503937,0,clarinet	,5
163200,51,6240,0.4330708661417323,0,french_horn	,6
163200,51,1920,0.49606299212598426,0,french_horn	,7
88320,62,1920,0.5118110236220472,0,bassoon	,8
92640,58,488,0.5826771653543307,0,bassoon	,9
92640,46,488,0.5748031496062992,0,bassoon	,10
165120,82,1466,0.5118110236220472,0,oboe	,0
68400,70,120,0.48031496062992124,0,oboe	,1
159360,73,1958,0.49606299212598426,0,clarinet	,2
61200,63,244,0.5511811023622047,0,clarinet	,3
161760,72,488,0.4881889763779528,0,clarinet	,4
62640,65,244,0.5669291338582677,0,clarinet	,5
169920,58,979,0.48031496062992124,0,french_horn	,6
165120,51,4103,0.5118110236220472,0,french_horn	,7
90240,60,488,0.49606299212598426,0,bassoon	,8
93120,61,488,0.5905511811023622,0,bassoon	,9
93120,49,488,0.5826771653543307,0,bassoon	,10
166560,83,488,0.5590551181102362,0,oboe	,0
68880,70,240,0.48031496062992124,0,oboe	,1
161280,72,454,0.5905511811023622,0,clarinet	,2
61440,62,694,0.5748031496062992,0,clarinet	,3
162240,68,488,0.47244094488188976,0,clarinet	,4
62880,63,244,0.5433070866141733,0,clarinet	,5
170880,63,454,0.5039370078740157,0,french_horn	,6
169920,46,979,0.48031496062992124,0,french_horn	,7
90720,57,488,0.47244094488188976,0,bassoon	,8
93600,53,488,0.5275590551181102,0,bassoon	,9
93600,41,488,0.5433070866141733,0,bassoon	,10
167040,84,454,0.5826771653543307,0,oboe	,0
69120,70,225,0.5118110236220472,0,oboe	,1
161760,75,488,0.4881889763779528,0,clarinet	,2
62160,74,225,0.6220472440944882,0,clarinet	,3
162720,65,454,0.4566929133858268,0,clarinet	,4
63120,62,240,0.5354330708661418,0,clarinet	,5
171840,70,979,0.4881889763779528,0,french_horn	,6
170880,51,454,0.5039370078740157,0,french_horn	,7
91200,62,488,0.49606299212598426,0,bassoon	,8
94080,52,488,0.5590551181102362,0,bassoon	,9
94080,40,488,0.5669291338582677,0,bassoon	,10
167520,82,244,0.47244094488188976,0,oboe	,0
69360,70,120,0.48031496062992124,0,oboe	,1
162240,72,488,0.47244094488188976,0,clarinet	,2
62400,75,244,0.6062992125984252,0,clarinet	,3
163200,63,480,0.48031496062992124,0,clarinet	,4
63360,62,911,0.5590551181102362,0,clarinet	,5
172800,63,454,0.49606299212598426,0,french_horn	,6
171840,58,979,0.4881889763779528,0,french_horn	,7
91680,50,454,0.4409448818897638,0,bassoon	,8
94560,55,488,0.5669291338582677,0,bassoon	,9
94560,43,488,0.5669291338582677,0,bassoon	,10
167760,80,244,0.4645669291338583,0,oboe	,0
69840,70,240,0.48031496062992124,0,oboe	,1
162720,68,454,0.4566929133858268,0,clarinet	,2
62640,74,244,0.5826771653543307,0,clarinet	,3
165120,67,1958,0.5118110236220472,0,clarinet	,4
64320,62,244,0.5590551181102362,0,clarinet	,5
173760,58,979,0.47244094488188976,0,french_horn	,6
172800,51,454,0.49606299212598426,0,french_horn	,7
92160,58,240,0.5275590551181102,0,bassoon	,8
95040,58,488,0.5826771653543307,0,bassoon	,9
95040,46,488,0.5748031496062992,0,bassoon	,10
168000,79,244,0.4566929133858268,0,oboe	,0
70080,70,225,0.48031496062992124,0,oboe	,1
163200,67,480,0.48031496062992124,0,clarinet	,2
62880,72,244,0.5511811023622047,0,clarinet	,3
167040,68,454,0.5826771653543307,0,clarinet	,4
64560,60,244,0.5433070866141733,0,clarinet	,5
174720,51,454,0.4881889763779528,0,french_horn	,6
173760,46,979,0.47244094488188976,0,french_horn	,7
92400,58,120,0.49606299212598426,0,bassoon	,8
95520,52,454,0.5354330708661418,0,bassoon	,9
95520,40,454,0.5511811023622047,0,bassoon	,10
168240,77,244,0.44881889763779526,0,oboe	,0
70320,70,120,0.48031496062992124,0,oboe	,1
165120,73,1958,0.5118110236220472,0,clarinet	,2
63120,70,240,0.5275590551181102,0,clarinet	,3
167520,72,488,0.4881889763779528,0,clarinet	,4
64800,58,244,0.5354330708661418,0,clarinet	,5
168480,75,244,0.4330708661417323,0,oboe	,0
70800,70,244,0.48031496062992124,0,oboe	,1
167040,72,454,0.5826771653543307,0,clarinet	,2
63360,70,911,0.5511811023622047,0,clarinet	,3
168000,68,488,0.47244094488188976,0,clarinet	,4
65040,60,225,0.5590551181102362,0,clarinet	,5
168720,74,225,0.4409448818897638,0,oboe	,0
71040,68,225,0.48031496062992124,0,oboe	,1
167520,75,488,0.4881889763779528,0,clarinet	,2
64320,70,244,0.5590551181102362,0,clarinet	,3
168480,65,454,0.4566929133858268,0,clarinet	,4
65280,62,240,0.6220472440944882,0,clarinet	,5
168960,75,240,0.4881889763779528,0,oboe	,0
71280,68,120,0.4645669291338583,0,oboe	,1
168000,72,488,0.47244094488188976,0,clarinet	,2
64560,69,244,0.5511811023622047,0,clarinet	,3
168960,63,240,0.4881889763779528,0,clarinet	,4
65520,62,120,0.5826771653543307,0,clarinet	,5
169200,74,244,0.4566929133858268,0,oboe	,0
71760,68,240,0.47244094488188976,0,oboe	,1
168480,68,454,0.4566929133858268,0,clarinet	,2
64800,67,244,0.5354330708661418,0,clarinet	,3
169200,46,244,0.4330708661417323,0,clarinet	,4
66000,62,240,0.5669291338582677,0,clarinet	,5
169440,75,244,0.48031496062992124,0,oboe	,0
72000,68,225,0.48031496062992124,0,oboe	,1
168960,67,120,0.49606299212598426,0,clarinet	,2
65040,69,225,0.5669291338582677,0,clarinet	,3
169440,51,244,0.44881889763779526,0,clarinet	,4
66240,62,225,0.5669291338582677,0,clarinet	,5
169680,79,244,0.5275590551181102,0,oboe	,0
72240,68,120,0.48031496062992124,0,oboe	,1
169200,58,244,0.4251968503937008,0,clarinet	,2
65280,70,240,0.6141732283464567,0,clarinet	,3
169680,55,244,0.4881889763779528,0,clarinet	,4
66480,62,120,0.5669291338582677,0,clarinet	,5
169920,82,454,0.5354330708661418,0,oboe	,0
72720,68,244,0.48031496062992124,0,oboe	,1
169440,63,244,0.47244094488188976,0,clarinet	,2
65520,65,120,0.5118110236220472,0,clarinet	,3
169920,58,454,0.5196850393700787,0,clarinet	,4
66960,62,240,0.5590551181102362,0,clarinet	,5
171120,70,244,0.4566929133858268,0,oboe	,0
72960,71,225,0.5354330708661418,0,oboe	,1
169680,67,244,0.5118110236220472,0,clarinet	,2
66000,65,240,0.5354330708661418,0,clarinet	,3
171120,46,244,0.4645669291338583,0,clarinet	,4
67200,62,225,0.5826771653543307,0,clarinet	,5
171360,75,244,0.4881889763779528,0,oboe	,0
73200,71,120,0.49606299212598426,0,oboe	,1
169920,70,454,0.5354330708661418,0,clarinet	,2
66240,65,225,0.5433070866141733,0,clarinet	,3
171360,51,244,0.4881889763779528,0,clarinet	,4
67440,62,120,0.5590551181102362,0,clarinet	,5
171600,79,244,0.5196850393700787,0,oboe	,0
73680,71,240,0.4881889763779528,0,oboe	,1
171120,58,244,0.4645669291338583,0,clarinet	,2
66480,65,120,0.5511811023622047,0,clarinet	,3
171600,55,244,0.5196850393700787,0,clarinet	,4
67920,62,240,0.5590551181102362,0,clarinet	,5
171840,82,454,0.5275590551181102,0,oboe	,0
73920,71,225,0.4881889763779528,0,oboe	,1
171360,63,244,0.4881889763779528,0,clarinet	,2
66960,65,244,0.5590551181102362,0,clarinet	,3
171840,58,454,0.5275590551181102,0,clarinet	,4
68160,62,225,0.5590551181102362,0,clarinet	,5
173040,70,244,0.2992125984251969,0,oboe	,0
74160,71,120,0.48031496062992124,0,oboe	,1
171600,67,244,0.5196850393700787,0,clarinet	,2
67200,64,225,0.5748031496062992,0,clarinet	,3
173040,46,244,0.2992125984251969,0,clarinet	,4
68400,62,120,0.5590551181102362,0,clarinet	,5
173280,75,244,0.31496062992125984,0,oboe	,0
74640,72,244,0.4881889763779528,0,oboe	,1
171840,70,454,0.5275590551181102,0,clarinet	,2
67440,64,120,0.5511811023622047,0,clarinet	,3
173280,51,244,0.31496062992125984,0,clarinet	,4
68880,62,244,0.5590551181102362,0,clarinet	,5
173520,79,244,0.33070866141732286,0,oboe	,0
74880,74,225,0.5196850393700787,0,oboe	,1
173040,58,244,0.2992125984251969,0,clarinet	,2
67920,64,240,0.5590551181102362,0,clarinet	,3
173520,55,244,0.33070866141732286,0,clarinet	,4
69120,60,225,0.5748031496062992,0,clarinet	,5
173760,82,454,0.3464566929133858,0,oboe	,0
75120,74,120,0.49606299212598426,0,oboe	,1
173280,63,244,0.31496062992125984,0,clarinet	,2
68160,64,225,0.5590551181102362,0,clarinet	,3
173760,58,454,0.3464566929133858,0,clarinet	,4
69360,60,120,0.5433070866141733,0,clarinet	,5
174720,87,480,0.33858267716535434,0,oboe	,0
75600,74,240,0.4881889763779528,0,oboe	,1
173520,67,244,0.33070866141732286,0,clarinet	,2
68400,64,120,0.5590551181102362,0,clarinet	,3
174720,63,480,0.33858267716535434,0,clarinet	,4
69840,64,240,0.5905511811023622,0,clarinet	,5
