4,41,35,0.8818897637795275,1,electric_guitar_(jazz)	,5
4,41,19,0.9606299212598425,1,orchestra_kit	,8
4,29,35,0.8818897637795275,1,electric_guitar_(jazz)	,5
4,36,19,0.7795275590551181,1,orchestra_kit	,8
81,41,43,0.7244094488188977,1,electric_guitar_(jazz)	,5
4,38,19,0.7165354330708661,1,orchestra_kit	,8
81,29,43,0.7244094488188977,1,electric_guitar_(jazz)	,5
81,41,23,0.8031496062992126,1,orchestra_kit	,8
162,41,54,0.7244094488188977,1,electric_guitar_(jazz)	,5
81,40,23,0.5196850393700787,1,orchestra_kit	,8
162,29,54,0.7244094488188977,1,electric_guitar_(jazz)	,5
162,41,19,0.8031496062992126,1,orchestra_kit	,8
243,41,50,0.8740157480314961,1,electric_guitar_(jazz)	,5
162,38,19,0.5196850393700787,1,orchestra_kit	,8
243,29,50,0.8740157480314961,1,electric_guitar_(jazz)	,5
243,41,19,0.952755905511811,1,orchestra_kit	,8
483,41,50,0.8582677165354331,1,electric_guitar_(jazz)	,5
243,40,19,0.6535433070866141,1,orchestra_kit	,8
483,29,50,0.8582677165354331,1,electric_guitar_(jazz)	,5
483,41,19,0.937007874015748,1,orchestra_kit	,8
723,41,50,0.8110236220472441,1,electric_guitar_(jazz)	,5
483,36,19,0.7795275590551181,1,orchestra_kit	,8
723,29,50,0.8110236220472441,1,electric_guitar_(jazz)	,5
483,38,19,0.6377952755905512,1,orchestra_kit	,8
843,41,54,0.8346456692913385,1,electric_guitar_(jazz)	,5
723,41,19,0.889763779527559,1,orchestra_kit	,8
3358,41,31,0.984251968503937,1,trombone	,1
843,29,54,0.8346456692913385,1,electric_guitar_(jazz)	,5
723,38,19,0.5905511811023622,1,orchestra_kit	,8
3540,41,31,1,1,trombone	,1
959,41,50,0.8818897637795275,1,electric_guitar_(jazz)	,5
843,41,19,0.9133858267716536,1,orchestra_kit	,8
3602,48,3318,0.889763779527559,1,trombone	,1
959,29,50,0.8818897637795275,1,electric_guitar_(jazz)	,5
843,40,19,0.6141732283464567,1,orchestra_kit	,8
4322,65,39,0.952755905511811,1,brass_section	,0
3602,41,3352,1,1,trombone	,1
1199,41,50,0.8740157480314961,1,electric_guitar_(jazz)	,5
4322,65,39,0.952755905511811,1,brass_section	,7
959,41,19,0.9606299212598425,1,orchestra_kit	,8
4500,65,50,0.889763779527559,1,brass_section	,0
4020,53,50,0.8582677165354331,1,trombone	,1
1199,29,50,0.8740157480314961,1,electric_guitar_(jazz)	,5
4500,65,50,0.889763779527559,1,brass_section	,7
959,36,19,0.7559055118110236,1,orchestra_kit	,8
4562,72,2366,0.952755905511811,1,brass_section	,0
4082,60,2869,0.9212598425196851,1,trombone	,1
1319,41,50,0.8740157480314961,1,electric_guitar_(jazz)	,5
4562,72,2366,0.952755905511811,1,brass_section	,7
959,38,19,0.7165354330708661,1,orchestra_kit	,8
4801,77,62,0.889763779527559,1,brass_section	,0
1319,29,50,0.8740157480314961,1,electric_guitar_(jazz)	,5
4801,77,62,0.889763779527559,1,brass_section	,7
1199,41,19,0.952755905511811,1,orchestra_kit	,8
4979,77,50,0.889763779527559,1,brass_section	,0
5280,89,39,0.8661417322834646,1,electric_guitar_(jazz)	,4
1439,41,54,0.8582677165354331,1,electric_guitar_(jazz)	,5
4979,77,50,0.889763779527559,1,brass_section	,7
1199,38,19,0.6535433070866141,1,orchestra_kit	,8
5041,84,1914,0.889763779527559,1,brass_section	,0
5462,89,27,0.7874015748031497,1,electric_guitar_(jazz)	,4
1439,29,54,0.8582677165354331,1,electric_guitar_(jazz)	,5
5041,84,1914,0.889763779527559,1,brass_section	,7
1319,41,19,0.952755905511811,1,orchestra_kit	,8
5520,89,5042,0.8740157480314961,1,electric_guitar_(jazz)	,4
1679,41,35,0.8818897637795275,1,electric_guitar_(jazz)	,5
1319,40,19,0.6535433070866141,1,orchestra_kit	,8
1679,29,35,0.8818897637795275,1,electric_guitar_(jazz)	,5
1439,41,19,0.937007874015748,1,orchestra_kit	,8
1760,41,43,0.7244094488188977,1,electric_guitar_(jazz)	,5
1439,36,19,0.7637795275590551,1,orchestra_kit	,8
1760,29,43,0.7244094488188977,1,electric_guitar_(jazz)	,5
1439,38,19,0.6377952755905512,1,orchestra_kit	,8
1837,41,58,0.7244094488188977,1,electric_guitar_(jazz)	,5
1679,41,19,0.9606299212598425,1,orchestra_kit	,8
6965,65,31,0.6377952755905512,1,brass_section	,2
6965,53,580,0.8582677165354331,1,synthbrass_2	,3
1837,29,58,0.7244094488188977,1,electric_guitar_(jazz)	,5
6965,53,580,0.8582677165354331,1,synthbrass_2	,6
1679,36,19,0.7795275590551181,1,orchestra_kit	,8
7045,65,31,0.4409448818897638,1,brass_section	,2
6965,48,580,0.8582677165354331,1,synthbrass_2	,3
1918,41,50,0.8740157480314961,1,electric_guitar_(jazz)	,5
6965,48,580,0.8582677165354331,1,synthbrass_2	,6
1679,38,19,0.7165354330708661,1,orchestra_kit	,8
7125,65,31,0.4409448818897638,1,brass_section	,2
1918,29,50,0.8740157480314961,1,electric_guitar_(jazz)	,5
1760,41,19,0.8031496062992126,1,orchestra_kit	,8
7205,65,27,0.5748031496062992,1,brass_section	,2
7684,48,50,0.7952755905511811,1,synthbrass_2	,3
2158,41,50,0.8582677165354331,1,electric_guitar_(jazz)	,5
7684,48,50,0.7952755905511811,1,synthbrass_2	,6
1760,40,19,0.5196850393700787,1,orchestra_kit	,8
7444,65,27,0.5590551181102362,1,brass_section	,2
7684,53,50,0.8188976377952756,1,synthbrass_2	,3
2158,29,50,0.8582677165354331,1,electric_guitar_(jazz)	,5
7684,53,50,0.8188976377952756,1,synthbrass_2	,6
1837,41,23,0.8031496062992126,1,orchestra_kit	,8
7684,65,27,0.5118110236220472,1,brass_section	,2
7923,49,476,0.905511811023622,1,synthbrass_2	,3
2398,41,50,0.8110236220472441,1,electric_guitar_(jazz)	,5
7923,49,476,0.905511811023622,1,synthbrass_2	,6
1837,38,23,0.5196850393700787,1,orchestra_kit	,8
7804,65,27,0.5354330708661418,1,brass_section	,2
7923,54,476,0.7952755905511811,1,synthbrass_2	,3
2398,29,50,0.8110236220472441,1,electric_guitar_(jazz)	,5
7923,54,476,0.7952755905511811,1,synthbrass_2	,6
1918,41,19,0.952755905511811,1,orchestra_kit	,8
7923,65,31,0.6377952755905512,1,brass_section	,2
8403,53,39,0.8188976377952756,1,synthbrass_2	,3
2518,41,54,0.8346456692913385,1,electric_guitar_(jazz)	,5
8403,53,39,0.8188976377952756,1,synthbrass_2	,6
1918,40,19,0.6535433070866141,1,orchestra_kit	,8
8162,65,31,0.5748031496062992,1,brass_section	,2
8403,48,39,0.8582677165354331,1,synthbrass_2	,3
2518,29,54,0.8346456692913385,1,electric_guitar_(jazz)	,5
8403,48,39,0.8582677165354331,1,synthbrass_2	,6
2158,41,19,0.937007874015748,1,orchestra_kit	,8
8282,65,31,0.5748031496062992,1,brass_section	,2
8643,48,1639,0.889763779527559,1,synthbrass_2	,3
2638,41,54,0.8818897637795275,1,electric_guitar_(jazz)	,5
8643,48,1639,0.889763779527559,1,synthbrass_2	,6
2158,36,19,0.7795275590551181,1,orchestra_kit	,8
9241,53,43,0.8188976377952756,1,bassoon	,9
9241,53,43,0.8188976377952756,1,bassoon	,10
9241,53,43,0.5433070866141733,1,english_horn	,11
8403,65,31,0.5590551181102362,1,brass_section	,2
8643,53,1639,0.8582677165354331,1,synthbrass_2	,3
2638,29,54,0.8818897637795275,1,electric_guitar_(jazz)	,5
8643,53,1639,0.8582677165354331,1,synthbrass_2	,6
2158,38,19,0.6377952755905512,1,orchestra_kit	,8
9303,60,35,0.7401574803149606,1,bassoon	,9
9303,60,35,0.7401574803149606,1,bassoon	,10
9303,60,35,0.49606299212598426,1,english_horn	,11
8643,65,31,0.6377952755905512,1,brass_section	,2
2878,41,54,0.8740157480314961,1,electric_guitar_(jazz)	,5
2398,41,19,0.889763779527559,1,orchestra_kit	,8
9361,65,54,0.7165354330708661,1,bassoon	,9
9361,65,54,0.7165354330708661,1,bassoon	,10
9361,65,54,0.48031496062992124,1,english_horn	,11
8724,65,27,0.4409448818897638,1,brass_section	,2
2878,29,54,0.8740157480314961,1,electric_guitar_(jazz)	,5
2398,38,19,0.5905511811023622,1,orchestra_kit	,8
9423,60,39,0.6929133858267716,1,bassoon	,9
9423,60,39,0.6929133858267716,1,bassoon	,10
9423,60,39,0.4645669291338583,1,english_horn	,11
8801,65,31,0.4409448818897638,1,brass_section	,2
10321,48,580,0.8582677165354331,1,synthbrass_2	,3
2998,41,50,0.8740157480314961,1,electric_guitar_(jazz)	,5
10321,48,580,0.8582677165354331,1,synthbrass_2	,6
2518,41,19,0.9133858267716536,1,orchestra_kit	,8
9481,53,43,0.7637795275590551,1,bassoon	,9
9481,53,43,0.7637795275590551,1,bassoon	,10
9481,53,43,0.5039370078740157,1,english_horn	,11
8882,65,31,0.5748031496062992,1,brass_section	,2
10321,53,580,0.8582677165354331,1,synthbrass_2	,3
2998,29,50,0.8740157480314961,1,electric_guitar_(jazz)	,5
10321,53,580,0.8582677165354331,1,synthbrass_2	,6
2518,40,19,0.6141732283464567,1,orchestra_kit	,8
9543,60,35,0.7401574803149606,1,bassoon	,9
9543,60,35,0.7401574803149606,1,bassoon	,10
9543,60,35,0.49606299212598426,1,english_horn	,11
9122,65,31,0.5590551181102362,1,brass_section	,2
3118,41,58,0.8582677165354331,1,electric_guitar_(jazz)	,5
2638,41,19,0.9606299212598425,1,orchestra_kit	,8
9601,53,50,0.84251968503937,1,bassoon	,9
9601,53,50,0.84251968503937,1,bassoon	,10
9601,53,50,0.5905511811023622,1,english_horn	,11
9361,65,31,0.5118110236220472,1,brass_section	,2
11044,53,50,0.8188976377952756,1,synthbrass_2	,3
3118,29,58,0.8582677165354331,1,electric_guitar_(jazz)	,5
11044,53,50,0.8188976377952756,1,synthbrass_2	,6
2638,36,19,0.7795275590551181,1,orchestra_kit	,8
9961,53,46,0.84251968503937,1,bassoon	,9
9961,53,46,0.84251968503937,1,bassoon	,10
9961,53,46,0.5669291338582677,1,english_horn	,11
9481,65,31,0.5354330708661418,1,brass_section	,2
11044,48,50,0.889763779527559,1,synthbrass_2	,3
3238,41,35,0.8818897637795275,1,electric_guitar_(jazz)	,5
11044,48,50,0.889763779527559,1,synthbrass_2	,6
2638,38,19,0.7165354330708661,1,orchestra_kit	,8
10023,60,43,0.7874015748031497,1,bassoon	,9
10023,60,43,0.7874015748031497,1,bassoon	,10
10023,60,43,0.5196850393700787,1,english_horn	,11
9601,65,31,0.6377952755905512,1,brass_section	,2
11284,54,476,0.8503937007874016,1,synthbrass_2	,3
3238,29,35,0.8818897637795275,1,electric_guitar_(jazz)	,5
11284,54,476,0.8503937007874016,1,synthbrass_2	,6
2878,41,19,0.952755905511811,1,orchestra_kit	,8
10081,65,58,0.6692913385826772,1,bassoon	,9
10081,65,58,0.6692913385826772,1,bassoon	,10
10081,65,58,0.44881889763779526,1,english_horn	,11
9841,65,31,0.5748031496062992,1,brass_section	,2
11284,49,476,0.8740157480314961,1,synthbrass_2	,3
3358,41,35,1,1,electric_guitar_(jazz)	,5
11284,49,476,0.8740157480314961,1,synthbrass_2	,6
2878,38,19,0.6535433070866141,1,orchestra_kit	,8
10143,60,43,0.7637795275590551,1,bassoon	,9
10143,60,43,0.7637795275590551,1,bassoon	,10
10143,60,43,0.5039370078740157,1,english_horn	,11
9961,65,31,0.5748031496062992,1,brass_section	,2
11763,48,39,0.8582677165354331,1,synthbrass_2	,3
3358,41,35,0.8818897637795275,1,electric_guitar_(jazz)	,5
11763,48,39,0.8582677165354331,1,synthbrass_2	,6
2998,41,23,0.952755905511811,1,orchestra_kit	,8
10201,53,46,0.7637795275590551,1,bassoon	,9
10201,53,46,0.7637795275590551,1,bassoon	,10
10201,53,46,0.5039370078740157,1,english_horn	,11
10081,65,31,0.5590551181102362,1,brass_section	,2
11763,53,39,0.8346456692913385,1,synthbrass_2	,3
3358,29,35,0.8818897637795275,1,electric_guitar_(jazz)	,5
11763,53,39,0.8346456692913385,1,synthbrass_2	,6
2998,40,23,0.6535433070866141,1,orchestra_kit	,8
10263,48,50,0.8188976377952756,1,bassoon	,9
10263,48,50,0.8188976377952756,1,bassoon	,10
10263,48,50,0.5433070866141733,1,english_horn	,11
10201,65,31,0.5826771653543307,1,brass_section	,2
12003,48,1798,0.9212598425196851,1,synthbrass_2	,3
3439,41,43,0.7244094488188977,1,electric_guitar_(jazz)	,5
12003,48,1798,0.9212598425196851,1,synthbrass_2	,6
3118,41,23,0.937007874015748,1,orchestra_kit	,8
10321,53,43,0.84251968503937,1,bassoon	,9
10321,53,43,0.84251968503937,1,bassoon	,10
10321,41,43,0.5669291338582677,1,english_horn	,11
12602,89,50,0.5511811023622047,1,flute	,12
12602,89,50,0.5511811023622047,1,flute	,13
10321,65,31,0.6377952755905512,1,brass_section	,2
12003,53,1798,0.889763779527559,1,synthbrass_2	,3
3439,29,43,0.7244094488188977,1,electric_guitar_(jazz)	,5
12003,53,1798,0.889763779527559,1,synthbrass_2	,6
3118,36,23,0.7637795275590551,1,orchestra_kit	,8
10402,65,31,0.4409448818897638,1,brass_section	,2
3521,41,54,0.7244094488188977,1,electric_guitar_(jazz)	,5
3118,38,23,0.6377952755905512,1,orchestra_kit	,8
10483,65,31,0.4409448818897638,1,brass_section	,2
3521,29,54,0.7244094488188977,1,electric_guitar_(jazz)	,5
3238,41,23,0.9606299212598425,1,orchestra_kit	,8
10564,65,27,0.5748031496062992,1,brass_section	,2
3540,41,35,1,1,electric_guitar_(jazz)	,5
3238,38,23,0.6614173228346457,1,orchestra_kit	,8
10804,65,27,0.5590551181102362,1,brass_section	,2
13919,53,626,0.8582677165354331,1,synthbrass_2	,3
13919,96,3356,0.5433070866141733,1,electric_guitar_(jazz)	,4
3602,41,50,0.8740157480314961,1,electric_guitar_(jazz)	,5
13919,53,626,0.8582677165354331,1,synthbrass_2	,6
3358,41,23,0.9606299212598425,1,orchestra_kit	,8
11044,65,27,0.5118110236220472,1,brass_section	,2
13919,48,630,0.8582677165354331,1,synthbrass_2	,3
3602,29,50,0.8740157480314961,1,electric_guitar_(jazz)	,5
13919,48,630,0.8582677165354331,1,synthbrass_2	,6
3358,36,23,0.7795275590551181,1,orchestra_kit	,8
11164,65,27,0.5354330708661418,1,brass_section	,2
3602,48,220,1,1,electric_guitar_(jazz)	,5
3358,38,23,0.7165354330708661,1,orchestra_kit	,8
11284,65,27,0.6377952755905512,1,brass_section	,2
14642,53,50,0.889763779527559,1,synthbrass_2	,3
3842,41,50,0.8582677165354331,1,electric_guitar_(jazz)	,5
14642,53,50,0.889763779527559,1,synthbrass_2	,6
3439,41,19,0.8031496062992126,1,orchestra_kit	,8
11524,65,31,0.5748031496062992,1,brass_section	,2
14642,60,50,0.889763779527559,1,synthbrass_2	,3
3842,29,50,0.8582677165354331,1,electric_guitar_(jazz)	,5
14642,60,50,0.889763779527559,1,synthbrass_2	,6
3439,40,19,0.5196850393700787,1,orchestra_kit	,8
11601,65,27,0.5826771653543307,1,brass_section	,2
14881,54,441,0.8740157480314961,1,synthbrass_2	,3
3842,53,58,0.9921259842519685,1,electric_guitar_(jazz)	,5
14881,54,441,0.8740157480314961,1,synthbrass_2	,6
3521,41,19,0.8031496062992126,1,orchestra_kit	,8
11682,65,31,0.5748031496062992,1,brass_section	,2
14881,59,441,0.889763779527559,1,synthbrass_2	,3
4020,53,50,1,1,electric_guitar_(jazz)	,5
14881,59,441,0.889763779527559,1,synthbrass_2	,6
3521,38,19,0.5196850393700787,1,orchestra_kit	,8
11763,65,31,0.5590551181102362,1,brass_section	,2
15361,60,39,0.8582677165354331,1,synthbrass_2	,3
4082,41,50,0.8110236220472441,1,electric_guitar_(jazz)	,5
15361,60,39,0.8582677165354331,1,synthbrass_2	,6
3602,41,19,0.952755905511811,1,orchestra_kit	,8
12003,65,31,0.6377952755905512,1,brass_section	,2
15361,53,39,0.7716535433070866,1,synthbrass_2	,3
4082,29,50,0.8110236220472441,1,electric_guitar_(jazz)	,5
15361,53,39,0.7716535433070866,1,synthbrass_2	,6
3602,40,19,0.6535433070866141,1,orchestra_kit	,8
12084,65,27,0.4409448818897638,1,brass_section	,2
15600,60,1438,0.8188976377952756,1,synthbrass_2	,3
4082,60,2869,1,1,electric_guitar_(jazz)	,5
15600,60,1438,0.8188976377952756,1,synthbrass_2	,6
3842,41,19,0.937007874015748,1,orchestra_kit	,8
12161,65,31,0.4409448818897638,1,brass_section	,2
15600,53,1438,0.8188976377952756,1,synthbrass_2	,3
4202,41,50,0.8346456692913385,1,electric_guitar_(jazz)	,5
15600,53,1438,0.8188976377952756,1,synthbrass_2	,6
3842,36,19,0.7795275590551181,1,orchestra_kit	,8
12242,65,31,0.5748031496062992,1,brass_section	,2
4202,29,50,0.8346456692913385,1,electric_guitar_(jazz)	,5
3842,38,19,0.6377952755905512,1,orchestra_kit	,8
12482,65,31,0.5590551181102362,1,brass_section	,2
4322,65,58,0.9921259842519685,1,electric_guitar_(jazz)	,5
4082,41,19,0.889763779527559,1,orchestra_kit	,8
12722,65,31,0.5118110236220472,1,brass_section	,2
17279,48,580,0.8582677165354331,1,synthbrass_2	,3
17279,101,3600,0.5118110236220472,1,electric_guitar_(jazz)	,4
4322,41,50,0.8818897637795275,1,electric_guitar_(jazz)	,5
17279,48,580,0.8582677165354331,1,synthbrass_2	,6
4082,38,19,0.5905511811023622,1,orchestra_kit	,8
12842,65,31,0.5354330708661418,1,brass_section	,2
17279,53,580,0.8582677165354331,1,synthbrass_2	,3
4322,29,50,0.8818897637795275,1,electric_guitar_(jazz)	,5
17279,53,580,0.8582677165354331,1,synthbrass_2	,6
4202,41,19,0.9133858267716536,1,orchestra_kit	,8
12962,65,31,0.6377952755905512,1,brass_section	,2
4500,65,50,0.9921259842519685,1,electric_guitar_(jazz)	,5
4202,40,19,0.6141732283464567,1,orchestra_kit	,8
13202,65,31,0.5748031496062992,1,brass_section	,2
18002,53,50,0.8582677165354331,1,synthbrass_2	,3
4562,41,50,0.8740157480314961,1,electric_guitar_(jazz)	,5
18002,53,50,0.8582677165354331,1,synthbrass_2	,6
4322,41,19,0.9606299212598425,1,orchestra_kit	,8
13283,65,31,0.4409448818897638,1,brass_section	,2
18002,60,50,0.8346456692913385,1,synthbrass_2	,3
4562,29,50,0.8740157480314961,1,electric_guitar_(jazz)	,5
18002,60,50,0.8346456692913385,1,synthbrass_2	,6
4322,36,19,0.7795275590551181,1,orchestra_kit	,8
13365,65,27,0.5511811023622047,1,brass_section	,2
18242,59,476,0.9212598425196851,1,synthbrass_2	,3
4562,72,236,0.952755905511811,1,electric_guitar_(jazz)	,5
18242,59,476,0.9212598425196851,1,synthbrass_2	,6
4322,38,19,0.7165354330708661,1,orchestra_kit	,8
13442,65,31,0.5590551181102362,1,brass_section	,2
18242,54,476,0.8740157480314961,1,synthbrass_2	,3
4639,41,31,0.8818897637795275,1,electric_guitar_(jazz)	,5
18242,54,476,0.8740157480314961,1,synthbrass_2	,6
4562,41,19,0.952755905511811,1,orchestra_kit	,8
13562,65,31,0.6062992125984252,1,brass_section	,2
18721,60,39,0.8582677165354331,1,synthbrass_2	,3
4639,29,31,0.8818897637795275,1,electric_guitar_(jazz)	,5
18721,60,39,0.8582677165354331,1,synthbrass_2	,6
4562,38,19,0.6535433070866141,1,orchestra_kit	,8
13682,65,31,0.7165354330708661,1,brass_section	,2
18721,53,39,0.7952755905511811,1,synthbrass_2	,3
4720,41,50,0.8740157480314961,1,electric_guitar_(jazz)	,5
18721,53,39,0.7952755905511811,1,synthbrass_2	,6
4639,41,23,0.9606299212598425,1,orchestra_kit	,8
13919,65,31,0.6377952755905512,1,brass_section	,2
18961,53,1895,0.8346456692913385,1,synthbrass_2	,3
4720,29,50,0.8740157480314961,1,electric_guitar_(jazz)	,5
18961,53,1895,0.8346456692913385,1,synthbrass_2	,6
4639,40,23,0.6614173228346457,1,orchestra_kit	,8
13999,65,31,0.4409448818897638,1,brass_section	,2
18961,60,1895,0.9212598425196851,1,synthbrass_2	,3
4801,41,54,0.8582677165354331,1,electric_guitar_(jazz)	,5
18961,60,1895,0.9212598425196851,1,synthbrass_2	,6
4720,41,19,0.952755905511811,1,orchestra_kit	,8
14081,65,31,0.4409448818897638,1,brass_section	,2
4801,29,54,0.8582677165354331,1,electric_guitar_(jazz)	,5
4720,40,19,0.6535433070866141,1,orchestra_kit	,8
14163,65,27,0.5748031496062992,1,brass_section	,2
4801,77,50,0.9291338582677166,1,electric_guitar_(jazz)	,5
4801,41,19,0.937007874015748,1,orchestra_kit	,8
14403,65,27,0.5590551181102362,1,brass_section	,2
4979,77,43,1,1,electric_guitar_(jazz)	,5
4801,36,19,0.7795275590551181,1,orchestra_kit	,8
20879,48,483,0.8188976377952756,1,brass_section	,0
20879,29,35,0.9763779527559056,1,trombone	,1
14642,65,27,0.5118110236220472,1,brass_section	,2
20879,53,530,0.7874015748031497,1,synthbrass_2	,3
20879,89,62,0.3779527559055118,1,electric_guitar_(jazz)	,4
5041,84,1906,0.9448818897637795,1,electric_guitar_(jazz)	,5
20879,53,530,0.7874015748031497,1,synthbrass_2	,6
20879,48,483,0.8188976377952756,1,brass_section	,7
4801,38,19,0.6377952755905512,1,orchestra_kit	,8
20879,53,483,0.7952755905511811,1,trombone	,1
14761,65,27,0.5354330708661418,1,brass_section	,2
21003,77,31,0.3779527559055118,1,electric_guitar_(jazz)	,4
5041,41,35,0.8818897637795275,1,electric_guitar_(jazz)	,5
5041,41,19,0.9606299212598425,1,orchestra_kit	,8
20879,48,483,0.8188976377952756,1,trombone	,1
14881,65,31,0.6377952755905512,1,brass_section	,2
21123,77,58,0.3779527559055118,1,electric_guitar_(jazz)	,4
5041,29,35,0.8818897637795275,1,electric_guitar_(jazz)	,5
5041,36,19,0.7795275590551181,1,orchestra_kit	,8
21603,53,58,0.8188976377952756,1,brass_section	,0
20960,29,43,0.8031496062992126,1,trombone	,1
15122,65,31,0.5748031496062992,1,brass_section	,2
21603,60,58,0.7874015748031497,1,synthbrass_2	,3
21243,89,54,0.3779527559055118,1,electric_guitar_(jazz)	,4
5122,41,43,0.7244094488188977,1,electric_guitar_(jazz)	,5
21603,60,58,0.7874015748031497,1,synthbrass_2	,6
21603,53,58,0.8188976377952756,1,brass_section	,7
5041,38,19,0.7165354330708661,1,orchestra_kit	,8
21781,53,31,0.7086614173228346,1,brass_section	,0
21042,29,54,0.8031496062992126,1,trombone	,1
15241,65,31,0.5748031496062992,1,brass_section	,2
21781,60,31,0.7244094488188977,1,synthbrass_2	,3
21363,77,31,0.3779527559055118,1,electric_guitar_(jazz)	,4
5122,29,43,0.7244094488188977,1,electric_guitar_(jazz)	,5
21781,60,31,0.7244094488188977,1,synthbrass_2	,6
21781,53,31,0.7086614173228346,1,brass_section	,7
5122,41,19,0.8031496062992126,1,orchestra_kit	,8
21843,54,344,0.8267716535433071,1,brass_section	,0
21123,29,50,0.968503937007874,1,trombone	,1
15361,65,31,0.5590551181102362,1,brass_section	,2
21843,61,344,0.8661417322834646,1,synthbrass_2	,3
21483,77,62,0.3779527559055118,1,electric_guitar_(jazz)	,4
5199,41,58,0.7244094488188977,1,electric_guitar_(jazz)	,5
21843,61,344,0.8661417322834646,1,synthbrass_2	,6
21843,54,344,0.8267716535433071,1,brass_section	,7
5122,40,19,0.5196850393700787,1,orchestra_kit	,8
22323,59,54,0.7952755905511811,1,brass_section	,0
21363,29,50,0.952755905511811,1,trombone	,1
15600,65,31,0.6377952755905512,1,brass_section	,2
22323,64,54,0.8267716535433071,1,synthbrass_2	,3
21603,89,62,0.3779527559055118,1,electric_guitar_(jazz)	,4
5199,29,58,0.7244094488188977,1,electric_guitar_(jazz)	,5
22323,64,54,0.8267716535433071,1,synthbrass_2	,6
22323,59,54,0.7952755905511811,1,brass_section	,7
5199,41,19,0.8031496062992126,1,orchestra_kit	,8
22563,65,530,0.7952755905511811,1,brass_section	,0
21603,60,58,0.7952755905511811,1,trombone	,1
15681,65,27,0.4409448818897638,1,brass_section	,2
22563,65,530,0.8740157480314961,1,synthbrass_2	,3
21723,77,46,0.3779527559055118,1,electric_guitar_(jazz)	,4
5280,41,50,0.8740157480314961,1,electric_guitar_(jazz)	,5
22563,65,530,0.8740157480314961,1,synthbrass_2	,6
22563,65,530,0.7952755905511811,1,brass_section	,7
5199,38,19,0.5196850393700787,1,orchestra_kit	,8
22563,60,530,0.8740157480314961,1,brass_section	,0
21603,29,50,0.8976377952755905,1,trombone	,1
15758,65,31,0.4409448818897638,1,brass_section	,2
21843,89,62,0.3779527559055118,1,electric_guitar_(jazz)	,4
5280,29,50,0.8740157480314961,1,electric_guitar_(jazz)	,5
22563,60,530,0.8740157480314961,1,brass_section	,7
5280,41,19,0.952755905511811,1,orchestra_kit	,8
22563,60,530,0.8188976377952756,1,brass_section	,0
21603,53,58,0.8188976377952756,1,trombone	,1
15839,65,31,0.5748031496062992,1,brass_section	,2
21963,77,31,0.3779527559055118,1,electric_guitar_(jazz)	,4
5520,41,50,0.8582677165354331,1,electric_guitar_(jazz)	,5
22563,60,530,0.8188976377952756,1,brass_section	,7
5280,40,19,0.6535433070866141,1,orchestra_kit	,8
23283,72,58,0.7952755905511811,1,brass_section	,0
21723,29,50,0.9133858267716536,1,trombone	,1
16079,65,31,0.5590551181102362,1,brass_section	,2
23283,65,58,0.7874015748031497,1,synthbrass_2	,3
22083,77,62,0.3858267716535433,1,electric_guitar_(jazz)	,4
5520,29,50,0.8582677165354331,1,electric_guitar_(jazz)	,5
23283,65,58,0.7874015748031497,1,synthbrass_2	,6
23283,72,58,0.7952755905511811,1,brass_section	,7
5520,41,19,0.937007874015748,1,orchestra_kit	,8
23283,60,58,0.8188976377952756,1,brass_section	,0
21781,60,31,0.7244094488188977,1,trombone	,1
16319,65,31,0.5118110236220472,1,brass_section	,2
23465,65,31,0.7244094488188977,1,synthbrass_2	,3
22203,89,50,0.3858267716535433,1,electric_guitar_(jazz)	,4
5760,41,50,0.8110236220472441,1,electric_guitar_(jazz)	,5
23465,65,31,0.7244094488188977,1,synthbrass_2	,6
23283,60,58,0.8188976377952756,1,brass_section	,7
5520,36,19,0.7795275590551181,1,orchestra_kit	,8
23283,65,58,0.8188976377952756,1,brass_section	,0
21781,53,31,0.7165354330708661,1,trombone	,1
16439,65,31,0.5354330708661418,1,brass_section	,2
23523,66,344,0.8661417322834646,1,synthbrass_2	,3
22323,77,50,0.3858267716535433,1,electric_guitar_(jazz)	,4
5760,29,50,0.8110236220472441,1,electric_guitar_(jazz)	,5
23523,66,344,0.8661417322834646,1,synthbrass_2	,6
23283,65,58,0.8188976377952756,1,brass_section	,7
5520,38,19,0.6377952755905512,1,orchestra_kit	,8
23465,72,27,0.7244094488188977,1,brass_section	,0
21843,29,50,0.9763779527559056,1,trombone	,1
16559,65,31,0.6377952755905512,1,brass_section	,2
24003,66,58,0.8267716535433071,1,synthbrass_2	,3
22443,89,43,0.3858267716535433,1,electric_guitar_(jazz)	,4
5880,41,54,0.8346456692913385,1,electric_guitar_(jazz)	,5
24003,66,58,0.8267716535433071,1,synthbrass_2	,6
23465,72,27,0.7244094488188977,1,brass_section	,7
5760,41,19,0.889763779527559,1,orchestra_kit	,8
23465,60,31,0.7716535433070866,1,brass_section	,0
21843,54,344,0.8346456692913385,1,trombone	,1
16799,65,31,0.5748031496062992,1,brass_section	,2
24243,65,534,0.8740157480314961,1,synthbrass_2	,3
22563,89,62,0.3937007874015748,1,electric_guitar_(jazz)	,4
5880,29,54,0.8346456692913385,1,electric_guitar_(jazz)	,5
24243,65,534,0.8740157480314961,1,synthbrass_2	,6
23465,60,31,0.7716535433070866,1,brass_section	,7
5760,38,19,0.5905511811023622,1,orchestra_kit	,8
23465,65,27,0.7165354330708661,1,brass_section	,0
21843,61,344,0.8661417322834646,1,trombone	,1
16919,65,31,0.5748031496062992,1,brass_section	,2
22683,77,31,0.3937007874015748,1,electric_guitar_(jazz)	,4
6000,41,35,0.8818897637795275,1,electric_guitar_(jazz)	,5
23465,65,27,0.7165354330708661,1,brass_section	,7
5880,41,19,0.9133858267716536,1,orchestra_kit	,8
23523,66,344,0.8346456692913385,1,brass_section	,0
22083,29,50,0.968503937007874,1,trombone	,1
17039,65,31,0.5748031496062992,1,brass_section	,2
24967,65,58,0.7874015748031497,1,synthbrass_2	,3
22803,77,62,0.3937007874015748,1,electric_guitar_(jazz)	,4
6000,29,35,0.8818897637795275,1,electric_guitar_(jazz)	,5
24967,65,58,0.7874015748031497,1,synthbrass_2	,6
23523,66,344,0.8346456692913385,1,brass_section	,7
5880,40,19,0.6141732283464567,1,orchestra_kit	,8
23523,58,344,0.8661417322834646,1,brass_section	,0
22203,29,50,0.968503937007874,1,trombone	,1
17159,65,31,0.5039370078740157,1,brass_section	,2
25145,65,35,0.7244094488188977,1,synthbrass_2	,3
22923,89,54,0.4015748031496063,1,electric_guitar_(jazz)	,4
6240,41,39,0.8740157480314961,1,electric_guitar_(jazz)	,5
25145,65,35,0.7244094488188977,1,synthbrass_2	,6
23523,58,344,0.8661417322834646,1,brass_section	,7
6000,41,19,0.9606299212598425,1,orchestra_kit	,8
23523,73,344,0.8661417322834646,1,brass_section	,0
22323,64,54,0.8267716535433071,1,trombone	,1
17279,65,31,0.6377952755905512,1,brass_section	,2
25207,66,344,0.8661417322834646,1,synthbrass_2	,3
23043,77,35,0.4015748031496063,1,electric_guitar_(jazz)	,4
6240,29,39,0.8740157480314961,1,electric_guitar_(jazz)	,5
25207,66,344,0.8661417322834646,1,synthbrass_2	,6
23523,73,344,0.8661417322834646,1,brass_section	,7
6000,36,19,0.7795275590551181,1,orchestra_kit	,8
24003,76,58,0.8267716535433071,1,brass_section	,0
22323,29,54,0.952755905511811,1,trombone	,1
17360,65,31,0.4409448818897638,1,brass_section	,2
25687,66,54,0.8267716535433071,1,synthbrass_2	,3
23163,77,62,0.4094488188976378,1,electric_guitar_(jazz)	,4
6321,41,46,0.7244094488188977,1,electric_guitar_(jazz)	,5
25687,66,54,0.8267716535433071,1,synthbrass_2	,6
24003,76,58,0.8267716535433071,1,brass_section	,7
6000,38,19,0.7165354330708661,1,orchestra_kit	,8
24003,61,58,0.7716535433070866,1,brass_section	,0
22323,59,54,0.8031496062992126,1,trombone	,1
17441,65,31,0.4409448818897638,1,brass_section	,2
25927,65,31,0.8740157480314961,1,synthbrass_2	,3
23283,89,62,0.4094488188976378,1,electric_guitar_(jazz)	,4
6321,29,46,0.7244094488188977,1,electric_guitar_(jazz)	,5
25927,65,31,0.8740157480314961,1,synthbrass_2	,6
24003,61,58,0.7716535433070866,1,brass_section	,7
6240,41,19,0.952755905511811,1,orchestra_kit	,8
24003,71,58,0.8031496062992126,1,brass_section	,0
22563,60,530,0.8740157480314961,1,trombone	,1
17522,65,27,0.5748031496062992,1,brass_section	,2
23403,77,50,0.4094488188976378,1,electric_guitar_(jazz)	,4
6402,41,54,0.8503937007874016,1,electric_guitar_(jazz)	,5
24003,71,58,0.8031496062992126,1,brass_section	,7
6240,38,19,0.6535433070866141,1,orchestra_kit	,8
24243,77,534,0.8740157480314961,1,brass_section	,0
22563,29,35,0.9763779527559056,1,trombone	,1
17762,65,27,0.5590551181102362,1,brass_section	,2
23523,89,62,0.4094488188976378,1,electric_guitar_(jazz)	,4
6402,29,54,0.8503937007874016,1,electric_guitar_(jazz)	,5
24243,77,534,0.8740157480314961,1,brass_section	,7
6321,41,19,0.8031496062992126,1,orchestra_kit	,8
24243,60,534,0.8740157480314961,1,brass_section	,0
22563,53,530,0.8740157480314961,1,trombone	,1
18002,65,27,0.5118110236220472,1,brass_section	,2
23643,77,35,0.41732283464566927,1,electric_guitar_(jazz)	,4
6479,41,46,0.8582677165354331,1,electric_guitar_(jazz)	,5
24243,60,534,0.8740157480314961,1,brass_section	,7
6321,40,19,0.5196850393700787,1,orchestra_kit	,8
24243,72,534,0.8740157480314961,1,brass_section	,0
22644,29,43,0.8031496062992126,1,trombone	,1
18122,65,27,0.5354330708661418,1,brass_section	,2
23763,77,62,0.41732283464566927,1,electric_guitar_(jazz)	,4
6479,29,46,0.8582677165354331,1,electric_guitar_(jazz)	,5
24243,72,534,0.8740157480314961,1,brass_section	,7
6402,41,19,0.9291338582677166,1,orchestra_kit	,8
24967,65,58,0.7952755905511811,1,brass_section	,0
22722,29,58,0.8031496062992126,1,trombone	,1
18242,65,27,0.6377952755905512,1,brass_section	,2
23883,89,54,0.4330708661417323,1,electric_guitar_(jazz)	,4
6599,41,58,0.8818897637795275,1,electric_guitar_(jazz)	,5
24967,65,58,0.7952755905511811,1,brass_section	,7
6402,38,19,0.6299212598425197,1,orchestra_kit	,8
24967,60,58,0.8188976377952756,1,brass_section	,0
22803,29,50,0.968503937007874,1,trombone	,1
18482,65,31,0.5748031496062992,1,brass_section	,2
24003,77,50,0.44881889763779526,1,electric_guitar_(jazz)	,4
6599,29,58,0.8818897637795275,1,electric_guitar_(jazz)	,5
24967,60,58,0.8188976377952756,1,brass_section	,7
6479,41,23,0.937007874015748,1,orchestra_kit	,8
24967,72,58,0.8188976377952756,1,brass_section	,0
23043,29,50,0.952755905511811,1,trombone	,1
18559,65,31,0.5039370078740157,1,brass_section	,2
24123,89,43,0.4566929133858268,1,electric_guitar_(jazz)	,4
6723,41,39,0.8818897637795275,1,electric_guitar_(jazz)	,5
24967,72,58,0.8188976377952756,1,brass_section	,7
6479,36,23,0.7795275590551181,1,orchestra_kit	,8
25145,65,35,0.7244094488188977,1,brass_section	,0
23283,60,58,0.8188976377952756,1,trombone	,1
18640,65,31,0.4645669291338583,1,brass_section	,2
27847,68,35,0.7322834645669292,1,synthbrass_2	,3
24243,89,62,0.48031496062992124,1,electric_guitar_(jazz)	,4
6723,29,39,0.8818897637795275,1,electric_guitar_(jazz)	,5
27847,68,35,0.7322834645669292,1,synthbrass_2	,6
25145,65,35,0.7244094488188977,1,brass_section	,7
6479,40,23,0.6377952755905512,1,orchestra_kit	,8
25145,60,35,0.7716535433070866,1,brass_section	,0
23283,29,50,0.8976377952755905,1,trombone	,1
18721,65,31,0.5590551181102362,1,brass_section	,2
27847,64,35,0.6850393700787402,1,synthbrass_2	,3
24363,77,35,0.48031496062992124,1,electric_guitar_(jazz)	,4
6965,41,35,0.8818897637795275,1,electric_guitar_(jazz)	,5
27847,64,35,0.6850393700787402,1,synthbrass_2	,6
25145,60,35,0.7716535433070866,1,brass_section	,7
6599,41,23,0.9606299212598425,1,orchestra_kit	,8
25145,72,35,0.7716535433070866,1,brass_section	,0
23283,53,58,0.7952755905511811,1,trombone	,1
18961,65,31,0.6377952755905512,1,brass_section	,2
28091,68,35,0.7244094488188977,1,synthbrass_2	,3
24487,77,58,0.4881889763779528,1,electric_guitar_(jazz)	,4
6965,29,35,0.8818897637795275,1,electric_guitar_(jazz)	,5
28091,68,35,0.7244094488188977,1,synthbrass_2	,6
25145,72,35,0.7716535433070866,1,brass_section	,7
6599,38,23,0.6850393700787402,1,orchestra_kit	,8
25207,73,344,0.8661417322834646,1,brass_section	,0
23403,29,54,0.9133858267716536,1,trombone	,1
19042,65,27,0.4409448818897638,1,brass_section	,2
28091,64,31,0.6692913385826772,1,synthbrass_2	,3
24607,89,54,0.4881889763779528,1,electric_guitar_(jazz)	,4
7045,41,43,0.7244094488188977,1,electric_guitar_(jazz)	,5
28091,64,31,0.6692913385826772,1,synthbrass_2	,6
25207,73,344,0.8661417322834646,1,brass_section	,7
6723,41,23,0.9606299212598425,1,orchestra_kit	,8
25207,58,344,0.8661417322834646,1,brass_section	,0
23465,60,31,0.7716535433070866,1,trombone	,1
19119,65,31,0.4409448818897638,1,brass_section	,2
28331,68,35,0.7165354330708661,1,synthbrass_2	,3
24727,77,31,0.4881889763779528,1,electric_guitar_(jazz)	,4
7045,29,43,0.7244094488188977,1,electric_guitar_(jazz)	,5
28331,68,35,0.7165354330708661,1,synthbrass_2	,6
25207,58,344,0.8661417322834646,1,brass_section	,7
6723,36,23,0.7795275590551181,1,orchestra_kit	,8
25207,66,344,0.8661417322834646,1,brass_section	,0
23465,53,31,0.7244094488188977,1,trombone	,1
19200,65,31,0.5748031496062992,1,brass_section	,2
28331,64,35,0.7007874015748031,1,synthbrass_2	,3
24847,77,58,0.4881889763779528,1,electric_guitar_(jazz)	,4
7125,41,54,0.7244094488188977,1,electric_guitar_(jazz)	,5
28331,64,35,0.7007874015748031,1,synthbrass_2	,6
25207,66,344,0.8661417322834646,1,brass_section	,7
6723,38,23,0.7952755905511811,1,orchestra_kit	,8
25687,71,54,0.7795275590551181,1,brass_section	,0
23523,29,54,0.9763779527559056,1,trombone	,1
19440,65,31,0.5590551181102362,1,brass_section	,2
28571,68,54,0.7086614173228346,1,synthbrass_2	,3
24967,89,62,0.4881889763779528,1,electric_guitar_(jazz)	,4
7125,29,54,0.7244094488188977,1,electric_guitar_(jazz)	,5
28571,68,54,0.7086614173228346,1,synthbrass_2	,6
25687,71,54,0.7795275590551181,1,brass_section	,7
6965,41,23,0.9606299212598425,1,orchestra_kit	,8
25687,61,54,0.7716535433070866,1,brass_section	,0
23523,54,344,0.8661417322834646,1,trombone	,1
19680,65,31,0.5118110236220472,1,brass_section	,2
28571,64,50,0.6850393700787402,1,synthbrass_2	,3
25087,77,46,0.4881889763779528,1,electric_guitar_(jazz)	,4
7205,41,50,0.8740157480314961,1,electric_guitar_(jazz)	,5
28571,64,50,0.6850393700787402,1,synthbrass_2	,6
25687,61,54,0.7716535433070866,1,brass_section	,7
6965,36,23,0.7795275590551181,1,orchestra_kit	,8
25687,76,54,0.8267716535433071,1,brass_section	,0
23523,61,344,0.8661417322834646,1,trombone	,1
19800,65,31,0.5354330708661418,1,brass_section	,2
28811,68,39,0.7322834645669292,1,synthbrass_2	,3
25207,89,62,0.49606299212598426,1,electric_guitar_(jazz)	,4
7205,29,50,0.8740157480314961,1,electric_guitar_(jazz)	,5
28811,68,39,0.7322834645669292,1,synthbrass_2	,6
25687,76,54,0.8267716535433071,1,brass_section	,7
6965,38,23,0.7165354330708661,1,orchestra_kit	,8
25927,77,1535,0.8740157480314961,1,brass_section	,0
23763,29,54,0.968503937007874,1,trombone	,1
19920,65,31,0.6377952755905512,1,brass_section	,2
28811,64,35,0.7165354330708661,1,synthbrass_2	,3
25327,77,31,0.49606299212598426,1,electric_guitar_(jazz)	,4
7444,41,50,0.8582677165354331,1,electric_guitar_(jazz)	,5
28811,64,35,0.7165354330708661,1,synthbrass_2	,6
25927,77,1535,0.8740157480314961,1,brass_section	,7
7045,41,19,0.8031496062992126,1,orchestra_kit	,8
25927,60,31,0.84251968503937,1,brass_section	,0
23883,29,50,0.968503937007874,1,trombone	,1
20160,65,31,0.5748031496062992,1,brass_section	,2
29051,68,39,0.7401574803149606,1,synthbrass_2	,3
25447,77,62,0.5039370078740157,1,electric_guitar_(jazz)	,4
7444,29,50,0.8582677165354331,1,electric_guitar_(jazz)	,5
29051,68,39,0.7401574803149606,1,synthbrass_2	,6
25927,60,31,0.84251968503937,1,brass_section	,7
7045,40,19,0.5196850393700787,1,orchestra_kit	,8
25927,72,1535,0.8503937007874016,1,brass_section	,0
24003,54,58,0.8267716535433071,1,trombone	,1
20241,65,31,0.4409448818897638,1,brass_section	,2
29051,64,39,0.7244094488188977,1,synthbrass_2	,3
25567,89,50,0.5039370078740157,1,electric_guitar_(jazz)	,4
7684,41,50,0.8110236220472441,1,electric_guitar_(jazz)	,5
29051,64,39,0.7244094488188977,1,synthbrass_2	,6
25927,72,1535,0.8503937007874016,1,brass_section	,7
7125,41,19,0.8031496062992126,1,orchestra_kit	,8
27847,75,483,0.9448818897637795,1,brass_section	,0
24003,29,58,0.952755905511811,1,trombone	,1
20322,65,27,0.5511811023622047,1,brass_section	,2
29291,68,39,0.7401574803149606,1,synthbrass_2	,3
25687,77,50,0.5118110236220472,1,electric_guitar_(jazz)	,4
7684,29,50,0.8110236220472441,1,electric_guitar_(jazz)	,5
29291,68,39,0.7401574803149606,1,synthbrass_2	,6
27847,75,483,0.9448818897637795,1,brass_section	,7
7125,38,19,0.5196850393700787,1,orchestra_kit	,8
28331,72,50,0.8346456692913385,1,brass_section	,0
24003,61,58,0.7795275590551181,1,trombone	,1
20399,65,31,0.5590551181102362,1,brass_section	,2
29291,64,39,0.7244094488188977,1,synthbrass_2	,3
25807,89,43,0.5118110236220472,1,electric_guitar_(jazz)	,4
7804,41,50,0.8346456692913385,1,electric_guitar_(jazz)	,5
29291,64,39,0.7244094488188977,1,synthbrass_2	,6
28331,72,50,0.8346456692913385,1,brass_section	,7
7205,41,19,0.952755905511811,1,orchestra_kit	,8
28509,72,58,0.7952755905511811,1,brass_section	,0
24123,29,35,0.9763779527559056,1,trombone	,1
20519,65,31,0.6062992125984252,1,brass_section	,2
29531,68,39,0.7559055118110236,1,synthbrass_2	,3
25927,89,54,0.5196850393700787,1,electric_guitar_(jazz)	,4
7804,29,50,0.8346456692913385,1,electric_guitar_(jazz)	,5
29531,68,39,0.7559055118110236,1,synthbrass_2	,6
28509,72,58,0.7952755905511811,1,brass_section	,7
7205,40,19,0.6535433070866141,1,orchestra_kit	,8
28571,75,213,0.9448818897637795,1,brass_section	,0
24243,65,534,0.8740157480314961,1,trombone	,1
20639,65,31,0.5118110236220472,1,brass_section	,2
29531,64,39,0.7165354330708661,1,synthbrass_2	,3
26047,77,35,0.5275590551181102,1,electric_guitar_(jazz)	,4
7923,41,50,0.8818897637795275,1,electric_guitar_(jazz)	,5
29531,64,39,0.7165354330708661,1,synthbrass_2	,6
28571,75,213,0.9448818897637795,1,brass_section	,7
7444,41,19,0.937007874015748,1,orchestra_kit	,8
28811,72,46,0.8582677165354331,1,brass_section	,0
24243,29,35,0.9763779527559056,1,trombone	,1
20759,65,31,0.6614173228346457,1,brass_section	,2
29771,68,39,0.7401574803149606,1,synthbrass_2	,3
26167,77,62,0.5354330708661418,1,electric_guitar_(jazz)	,4
7923,29,50,0.8818897637795275,1,electric_guitar_(jazz)	,5
29771,68,39,0.7401574803149606,1,synthbrass_2	,6
28811,72,46,0.8582677165354331,1,brass_section	,7
7444,36,19,0.7795275590551181,1,orchestra_kit	,8
28989,72,58,0.8346456692913385,1,brass_section	,0
24243,60,534,0.8740157480314961,1,trombone	,1
20879,77,31,0.6377952755905512,1,brass_section	,2
29771,64,39,0.7086614173228346,1,synthbrass_2	,3
26287,89,46,0.5354330708661418,1,electric_guitar_(jazz)	,4
8162,41,50,0.8740157480314961,1,electric_guitar_(jazz)	,5
29771,64,39,0.7086614173228346,1,synthbrass_2	,6
28989,72,58,0.8346456692913385,1,brass_section	,7
7444,38,19,0.6377952755905512,1,orchestra_kit	,8
29051,75,479,0.9448818897637795,1,brass_section	,0
24324,29,43,0.8031496062992126,1,trombone	,1
20960,77,31,0.4409448818897638,1,brass_section	,2
30011,68,39,0.7165354330708661,1,synthbrass_2	,3
26407,77,39,0.5354330708661418,1,electric_guitar_(jazz)	,4
8162,29,50,0.8740157480314961,1,electric_guitar_(jazz)	,5
30011,68,39,0.7165354330708661,1,synthbrass_2	,6
29051,75,479,0.9448818897637795,1,brass_section	,7
7684,41,19,0.889763779527559,1,orchestra_kit	,8
29531,75,479,0.9448818897637795,1,brass_section	,0
24406,29,54,0.8031496062992126,1,trombone	,1
21042,77,31,0.4409448818897638,1,brass_section	,2
30011,64,39,0.7007874015748031,1,synthbrass_2	,3
26527,77,62,0.5433070866141733,1,electric_guitar_(jazz)	,4
8282,41,50,0.8740157480314961,1,electric_guitar_(jazz)	,5
30011,64,39,0.7007874015748031,1,synthbrass_2	,6
29531,75,479,0.9448818897637795,1,brass_section	,7
7684,38,19,0.5905511811023622,1,orchestra_kit	,8
30011,72,50,0.8346456692913385,1,brass_section	,0
24487,29,50,0.968503937007874,1,trombone	,1
21123,77,27,0.5748031496062992,1,brass_section	,2
30251,68,58,0.7559055118110236,1,synthbrass_2	,3
26647,89,54,0.5511811023622047,1,electric_guitar_(jazz)	,4
8282,29,50,0.8740157480314961,1,electric_guitar_(jazz)	,5
30251,68,58,0.7559055118110236,1,synthbrass_2	,6
30011,72,50,0.8346456692913385,1,brass_section	,7
7804,41,19,0.9133858267716536,1,orchestra_kit	,8
30193,72,58,0.7952755905511811,1,brass_section	,0
24727,29,50,0.952755905511811,1,trombone	,1
21363,77,27,0.5590551181102362,1,brass_section	,2
30251,64,58,0.6929133858267716,1,synthbrass_2	,3
26767,77,62,0.5511811023622047,1,electric_guitar_(jazz)	,4
8403,41,54,0.8582677165354331,1,electric_guitar_(jazz)	,5
30251,64,58,0.6929133858267716,1,synthbrass_2	,6
30193,72,58,0.7952755905511811,1,brass_section	,7
7804,40,19,0.6141732283464567,1,orchestra_kit	,8
30251,75,213,0.9448818897637795,1,brass_section	,0
24967,53,58,0.7952755905511811,1,trombone	,1
21603,77,27,0.5118110236220472,1,brass_section	,2
30491,68,39,0.7559055118110236,1,synthbrass_2	,3
26887,89,62,0.5669291338582677,1,electric_guitar_(jazz)	,4
8403,29,54,0.8582677165354331,1,electric_guitar_(jazz)	,5
30491,68,39,0.7559055118110236,1,synthbrass_2	,6
30251,75,213,0.9448818897637795,1,brass_section	,7
7923,41,19,0.9606299212598425,1,orchestra_kit	,8
30491,72,50,0.8582677165354331,1,brass_section	,0
24967,29,50,0.8976377952755905,1,trombone	,1
21723,77,27,0.5354330708661418,1,brass_section	,2
30491,72,39,0.7401574803149606,1,synthbrass_2	,3
27007,77,43,0.5748031496062992,1,electric_guitar_(jazz)	,4
8643,41,35,0.8818897637795275,1,electric_guitar_(jazz)	,5
30491,72,39,0.7401574803149606,1,synthbrass_2	,6
30491,72,50,0.8582677165354331,1,brass_section	,7
7923,36,19,0.7559055118110236,1,orchestra_kit	,8
30673,72,54,0.8346456692913385,1,brass_section	,0
24967,60,58,0.8188976377952756,1,trombone	,1
21843,77,31,0.6377952755905512,1,brass_section	,2
30731,68,43,0.7401574803149606,1,synthbrass_2	,3
27127,77,62,0.5905511811023622,1,electric_guitar_(jazz)	,4
8643,29,35,0.8818897637795275,1,electric_guitar_(jazz)	,5
30731,68,43,0.7401574803149606,1,synthbrass_2	,6
30673,72,54,0.8346456692913385,1,brass_section	,7
7923,38,19,0.7165354330708661,1,orchestra_kit	,8
30731,76,479,0.9448818897637795,1,brass_section	,0
25087,29,50,0.9133858267716536,1,trombone	,1
22083,77,31,0.5748031496062992,1,brass_section	,2
30731,72,39,0.7559055118110236,1,synthbrass_2	,3
27247,89,54,0.5984251968503937,1,electric_guitar_(jazz)	,4
8724,41,43,0.7244094488188977,1,electric_guitar_(jazz)	,5
30731,72,39,0.7559055118110236,1,synthbrass_2	,6
30731,76,479,0.9448818897637795,1,brass_section	,7
8162,41,19,0.952755905511811,1,orchestra_kit	,8
31211,76,483,0.9448818897637795,1,brass_section	,0
25145,53,35,0.7244094488188977,1,trombone	,1
22203,77,31,0.5748031496062992,1,brass_section	,2
30971,68,46,0.7637795275590551,1,synthbrass_2	,3
27367,77,39,0.6062992125984252,1,electric_guitar_(jazz)	,4
8724,29,43,0.7244094488188977,1,electric_guitar_(jazz)	,5
30971,68,46,0.7637795275590551,1,synthbrass_2	,6
31211,76,483,0.9448818897637795,1,brass_section	,7
8162,38,19,0.6535433070866141,1,orchestra_kit	,8
31695,72,50,0.8346456692913385,1,brass_section	,0
25145,60,35,0.7716535433070866,1,trombone	,1
22323,77,31,0.5590551181102362,1,brass_section	,2
30971,72,39,0.7559055118110236,1,synthbrass_2	,3
27487,77,62,0.6220472440944882,1,electric_guitar_(jazz)	,4
8801,41,58,0.7244094488188977,1,electric_guitar_(jazz)	,5
30971,72,39,0.7559055118110236,1,synthbrass_2	,6
31695,72,50,0.8346456692913385,1,brass_section	,7
8282,41,19,0.952755905511811,1,orchestra_kit	,8
31873,72,58,0.7952755905511811,1,brass_section	,0
25207,29,50,0.9763779527559056,1,trombone	,1
22563,77,31,0.6377952755905512,1,brass_section	,2
31211,68,43,0.7795275590551181,1,synthbrass_2	,3
27607,89,43,0.6456692913385826,1,electric_guitar_(jazz)	,4
8801,29,58,0.7244094488188977,1,electric_guitar_(jazz)	,5
31211,68,43,0.7795275590551181,1,synthbrass_2	,6
31873,72,58,0.7952755905511811,1,brass_section	,7
8282,40,19,0.6535433070866141,1,orchestra_kit	,8
31935,76,213,0.9448818897637795,1,brass_section	,0
25207,61,344,0.8661417322834646,1,trombone	,1
22644,77,27,0.4409448818897638,1,brass_section	,2
31211,72,39,0.7637795275590551,1,synthbrass_2	,3
27727,77,58,0.6614173228346457,1,electric_guitar_(jazz)	,4
8882,41,50,0.8740157480314961,1,electric_guitar_(jazz)	,5
31211,72,39,0.7637795275590551,1,synthbrass_2	,6
31935,76,213,0.9448818897637795,1,brass_section	,7
8403,41,19,0.937007874015748,1,orchestra_kit	,8
32175,72,46,0.8582677165354331,1,brass_section	,0
25207,54,344,0.8661417322834646,1,trombone	,1
22722,77,31,0.4409448818897638,1,brass_section	,2
31455,68,43,0.7716535433070866,1,synthbrass_2	,3
27847,87,50,0.5354330708661418,1,electric_guitar_(jazz)	,4
8882,29,50,0.8740157480314961,1,electric_guitar_(jazz)	,5
31455,68,43,0.7716535433070866,1,synthbrass_2	,6
32175,72,46,0.8582677165354331,1,brass_section	,7
8403,36,19,0.7637795275590551,1,orchestra_kit	,8
32353,72,58,0.8346456692913385,1,brass_section	,0
25447,29,50,0.968503937007874,1,trombone	,1
22803,77,31,0.5748031496062992,1,brass_section	,2
31455,72,35,0.7244094488188977,1,synthbrass_2	,3
27909,88,50,0.49606299212598426,1,electric_guitar_(jazz)	,4
9122,41,50,0.8582677165354331,1,electric_guitar_(jazz)	,5
31455,72,35,0.7244094488188977,1,synthbrass_2	,6
32353,72,58,0.8346456692913385,1,brass_section	,7
8403,38,19,0.6377952755905512,1,orchestra_kit	,8
32415,77,479,0.9448818897637795,1,brass_section	,0
25524,29,31,0.9763779527559056,1,trombone	,1
23043,77,31,0.5590551181102362,1,brass_section	,2
31695,68,43,0.8031496062992126,1,synthbrass_2	,3
27971,87,46,0.5118110236220472,1,electric_guitar_(jazz)	,4
9122,29,50,0.8582677165354331,1,electric_guitar_(jazz)	,5
31695,68,43,0.8031496062992126,1,synthbrass_2	,6
32415,77,479,0.9448818897637795,1,brass_section	,7
8643,41,19,0.9606299212598425,1,orchestra_kit	,8
32895,77,479,0.9448818897637795,1,brass_section	,0
25606,29,50,0.968503937007874,1,trombone	,1
23283,77,31,0.5118110236220472,1,brass_section	,2
31695,72,39,0.7559055118110236,1,synthbrass_2	,3
28029,84,50,0.49606299212598426,1,electric_guitar_(jazz)	,4
9361,41,50,0.8110236220472441,1,electric_guitar_(jazz)	,5
31695,72,39,0.7559055118110236,1,synthbrass_2	,6
32895,77,479,0.9448818897637795,1,brass_section	,7
8643,36,19,0.7795275590551181,1,orchestra_kit	,8
33375,72,50,0.8346456692913385,1,brass_section	,0
25687,59,54,0.7795275590551181,1,trombone	,1
23403,77,31,0.5354330708661418,1,brass_section	,2
31935,68,58,0.7559055118110236,1,synthbrass_2	,3
28091,83,46,0.5118110236220472,1,electric_guitar_(jazz)	,4
9361,29,50,0.8110236220472441,1,electric_guitar_(jazz)	,5
31935,68,58,0.7559055118110236,1,synthbrass_2	,6
33375,72,50,0.8346456692913385,1,brass_section	,7
8643,38,19,0.7165354330708661,1,orchestra_kit	,8
33557,72,54,0.7952755905511811,1,brass_section	,0
25687,29,54,0.952755905511811,1,trombone	,1
23523,77,31,0.6377952755905512,1,brass_section	,2
31935,72,54,0.7716535433070866,1,synthbrass_2	,3
28149,80,50,0.5354330708661418,1,electric_guitar_(jazz)	,4
9481,41,54,0.8346456692913385,1,electric_guitar_(jazz)	,5
31935,72,54,0.7716535433070866,1,synthbrass_2	,6
33557,72,54,0.7952755905511811,1,brass_section	,7
8724,41,19,0.8031496062992126,1,orchestra_kit	,8
33615,72,39,0.8346456692913385,1,brass_section	,0
25687,64,54,0.8267716535433071,1,trombone	,1
23763,77,31,0.5748031496062992,1,brass_section	,2
32175,68,39,0.8188976377952756,1,synthbrass_2	,3
28211,79,50,0.4881889763779528,1,electric_guitar_(jazz)	,4
9481,29,54,0.8346456692913385,1,electric_guitar_(jazz)	,5
32175,68,39,0.8188976377952756,1,synthbrass_2	,6
33615,72,39,0.8346456692913385,1,brass_section	,7
8724,40,19,0.5196850393700787,1,orchestra_kit	,8
33797,72,58,0.7952755905511811,1,brass_section	,0
25927,65,1535,0.8740157480314961,1,trombone	,1
23883,77,31,0.5748031496062992,1,brass_section	,2
32175,72,39,0.8188976377952756,1,synthbrass_2	,3
28269,80,50,0.5511811023622047,1,electric_guitar_(jazz)	,4
9601,41,54,0.8818897637795275,1,electric_guitar_(jazz)	,5
32175,72,39,0.8188976377952756,1,synthbrass_2	,6
33797,72,58,0.7952755905511811,1,brass_section	,7
8801,41,23,0.8031496062992126,1,orchestra_kit	,8
33855,77,959,0.889763779527559,1,brass_section	,0
25927,29,35,0.9763779527559056,1,trombone	,1
24003,77,31,0.5748031496062992,1,brass_section	,2
32415,68,43,0.8031496062992126,1,synthbrass_2	,3
28331,83,50,0.5039370078740157,1,electric_guitar_(jazz)	,4
9601,29,54,0.8818897637795275,1,electric_guitar_(jazz)	,5
32415,68,43,0.8031496062992126,1,synthbrass_2	,6
33855,77,959,0.889763779527559,1,brass_section	,7
8801,38,23,0.5196850393700787,1,orchestra_kit	,8
34816,79,43,0.7795275590551181,1,brass_section	,0
25927,60,1535,0.8503937007874016,1,trombone	,1
24123,77,31,0.5039370078740157,1,brass_section	,2
32415,72,35,0.7874015748031497,1,synthbrass_2	,3
28389,84,50,0.5275590551181102,1,electric_guitar_(jazz)	,4
9841,41,54,0.8740157480314961,1,electric_guitar_(jazz)	,5
32415,72,35,0.7874015748031497,1,synthbrass_2	,6
34816,79,43,0.7795275590551181,1,brass_section	,7
8882,41,19,0.952755905511811,1,orchestra_kit	,8
34816,84,50,0.8110236220472441,1,brass_section	,0
26008,29,43,0.8031496062992126,1,trombone	,1
24243,77,31,0.6377952755905512,1,brass_section	,2
32655,68,43,0.8031496062992126,1,synthbrass_2	,3
28451,87,50,0.6062992125984252,1,electric_guitar_(jazz)	,4
9841,29,54,0.8740157480314961,1,electric_guitar_(jazz)	,5
32655,68,43,0.8031496062992126,1,synthbrass_2	,6
34816,84,50,0.8110236220472441,1,brass_section	,7
8882,40,19,0.6535433070866141,1,orchestra_kit	,8
35059,79,437,0.8110236220472441,1,brass_section	,0
26086,29,58,0.8031496062992126,1,trombone	,1
24324,77,31,0.4409448818897638,1,brass_section	,2
32655,72,39,0.7795275590551181,1,synthbrass_2	,3
28509,88,50,0.5118110236220472,1,electric_guitar_(jazz)	,4
9961,41,50,0.8740157480314961,1,electric_guitar_(jazz)	,5
32655,72,39,0.7795275590551181,1,synthbrass_2	,6
35059,79,437,0.8110236220472441,1,brass_section	,7
9122,41,19,0.937007874015748,1,orchestra_kit	,8
35059,84,418,0.8740157480314961,1,brass_section	,0
26167,29,50,0.968503937007874,1,trombone	,1
24406,77,31,0.4409448818897638,1,brass_section	,2
32895,72,39,0.7401574803149606,1,synthbrass_2	,3
28571,87,50,0.5826771653543307,1,electric_guitar_(jazz)	,4
9961,29,50,0.8740157480314961,1,electric_guitar_(jazz)	,5
32895,72,39,0.7401574803149606,1,synthbrass_2	,6
35059,84,418,0.8740157480314961,1,brass_section	,7
9122,36,19,0.7795275590551181,1,orchestra_kit	,8
35539,80,928,0.7165354330708661,1,brass_section	,0
26407,29,50,0.952755905511811,1,trombone	,1
24487,77,27,0.5748031496062992,1,brass_section	,2
32895,68,39,0.7559055118110236,1,synthbrass_2	,3
28629,84,50,0.5275590551181102,1,electric_guitar_(jazz)	,4
10081,41,58,0.8582677165354331,1,electric_guitar_(jazz)	,5
32895,68,39,0.7559055118110236,1,synthbrass_2	,6
35539,80,928,0.7165354330708661,1,brass_section	,7
9122,38,19,0.6377952755905512,1,orchestra_kit	,8
35539,85,932,0.7952755905511811,1,brass_section	,0
26647,29,50,0.8976377952755905,1,trombone	,1
24727,77,27,0.5590551181102362,1,brass_section	,2
33135,72,50,0.7559055118110236,1,synthbrass_2	,3
28691,83,50,0.5511811023622047,1,electric_guitar_(jazz)	,4
10081,29,58,0.8582677165354331,1,electric_guitar_(jazz)	,5
33135,72,50,0.7559055118110236,1,synthbrass_2	,6
35539,85,932,0.7952755905511811,1,brass_section	,7
9361,41,19,0.889763779527559,1,orchestra_kit	,8
36499,79,43,0.7559055118110236,1,brass_section	,0
26767,29,54,0.9133858267716536,1,trombone	,1
24967,77,27,0.5118110236220472,1,brass_section	,2
33135,70,50,0.7716535433070866,1,synthbrass_2	,3
28749,80,50,0.5669291338582677,1,electric_guitar_(jazz)	,4
10201,41,35,0.8818897637795275,1,electric_guitar_(jazz)	,5
33135,70,50,0.7716535433070866,1,synthbrass_2	,6
36499,79,43,0.7559055118110236,1,brass_section	,7
9361,38,19,0.5905511811023622,1,orchestra_kit	,8
36499,84,46,0.7559055118110236,1,brass_section	,0
26887,29,35,0.9763779527559056,1,trombone	,1
25087,77,27,0.5354330708661418,1,brass_section	,2
33375,70,46,0.7637795275590551,1,synthbrass_2	,3
28811,79,50,0.5196850393700787,1,electric_guitar_(jazz)	,4
10201,29,35,0.8818897637795275,1,electric_guitar_(jazz)	,5
33375,70,46,0.7637795275590551,1,synthbrass_2	,6
36499,84,46,0.7559055118110236,1,brass_section	,7
9481,41,19,0.9133858267716536,1,orchestra_kit	,8
#tempo, {"bpm":113.00009605008164,"ticks":39861,"time":80.85389608235295}
36738,79,429,0.7795275590551181,1,brass_section	,0
27127,29,39,0.968503937007874,1,trombone	,1
25207,77,27,0.6377952755905512,1,brass_section	,2
33375,72,46,0.7559055118110236,1,synthbrass_2	,3
28869,80,50,0.5905511811023622,1,electric_guitar_(jazz)	,4
10321,41,35,0.8818897637795275,1,electric_guitar_(jazz)	,5
33375,72,46,0.7559055118110236,1,synthbrass_2	,6
36738,79,429,0.7795275590551181,1,brass_section	,7
9481,40,19,0.6141732283464567,1,orchestra_kit	,8
#tempo, {"bpm":112.00005973336519,"ticks":40073,"time":81.29533245882354}
36738,84,449,0.84251968503937,1,brass_section	,0
27208,29,46,0.8031496062992126,1,trombone	,1
25447,77,31,0.5748031496062992,1,brass_section	,2
33615,72,62,0.8031496062992126,1,synthbrass_2	,3
28931,83,50,0.5354330708661418,1,electric_guitar_(jazz)	,4
10321,29,35,0.8818897637795275,1,electric_guitar_(jazz)	,5
33615,72,62,0.8031496062992126,1,synthbrass_2	,6
36738,84,449,0.84251968503937,1,brass_section	,7
9601,41,19,0.9606299212598425,1,orchestra_kit	,8
#tempo, {"bpm":111.000111000111,"ticks":40080,"time":81.31003833333334}
37218,83,924,0.7795275590551181,1,brass_section	,0
27290,29,54,0.937007874015748,1,trombone	,1
25524,77,31,0.5039370078740157,1,brass_section	,2
33615,70,62,0.7952755905511811,1,synthbrass_2	,3
28989,84,50,0.5433070866141733,1,electric_guitar_(jazz)	,4
10402,41,43,0.7244094488188977,1,electric_guitar_(jazz)	,5
33615,70,62,0.7952755905511811,1,synthbrass_2	,6
37218,83,924,0.7795275590551181,1,brass_section	,7
9601,36,19,0.7795275590551181,1,orchestra_kit	,8
#tempo, {"bpm":110.00011000011,"ticks":40321,"time":81.82090162745098}
37218,78,932,0.7716535433070866,1,brass_section	,0
27367,29,46,0.952755905511811,1,trombone	,1
25606,77,31,0.4645669291338583,1,brass_section	,2
33855,72,959,0.8110236220472441,1,synthbrass_2	,3
29051,87,50,0.5984251968503937,1,electric_guitar_(jazz)	,4
10402,29,43,0.7244094488188977,1,electric_guitar_(jazz)	,5
33855,72,959,0.8110236220472441,1,synthbrass_2	,6
37218,78,932,0.7716535433070866,1,brass_section	,7
9601,38,19,0.7165354330708661,1,orchestra_kit	,8
#tempo, {"bpm":109.00014170018422,"ticks":40332,"time":81.84443101568627}
38178,84,58,0.7795275590551181,1,brass_section	,0
27487,29,58,0.9763779527559056,1,trombone	,1
25687,77,31,0.5590551181102362,1,brass_section	,2
33855,70,959,0.8110236220472441,1,synthbrass_2	,3
29109,88,50,0.5275590551181102,1,electric_guitar_(jazz)	,4
10483,41,54,0.7244094488188977,1,electric_guitar_(jazz)	,5
33855,70,959,0.8110236220472441,1,synthbrass_2	,6
38178,84,58,0.7795275590551181,1,brass_section	,7
9841,41,19,0.952755905511811,1,orchestra_kit	,8
#tempo, {"bpm":107.0001266168165,"ticks":40623,"time":82.47260073333334}
38178,79,50,0.7401574803149606,1,brass_section	,0
27607,29,39,0.9763779527559056,1,trombone	,1
25927,77,31,0.6377952755905512,1,brass_section	,2
34816,67,43,0.7559055118110236,1,synthbrass_2	,3
29171,87,50,0.6062992125984252,1,electric_guitar_(jazz)	,4
10483,29,54,0.7244094488188977,1,electric_guitar_(jazz)	,5
34816,67,43,0.7559055118110236,1,synthbrass_2	,6
38178,79,50,0.7401574803149606,1,brass_section	,7
9841,38,19,0.6535433070866141,1,orchestra_kit	,8
#tempo, {"bpm":105.000105000105,"ticks":41003,"time":83.30822371372548}
38422,84,429,0.8110236220472441,1,brass_section	,0
27847,48,62,0.8346456692913385,1,trombone	,1
26008,77,27,0.4409448818897638,1,brass_section	,2
34816,72,50,0.7795275590551181,1,synthbrass_2	,3
29229,84,50,0.5354330708661418,1,electric_guitar_(jazz)	,4
10564,41,50,0.8740157480314961,1,electric_guitar_(jazz)	,5
34816,72,50,0.7795275590551181,1,synthbrass_2	,6
38422,84,429,0.8110236220472441,1,brass_section	,7
9961,41,23,0.952755905511811,1,orchestra_kit	,8
#tempo, {"bpm":104.00001386666851,"ticks":41014,"time":83.33287354901961}
38422,79,449,0.8110236220472441,1,brass_section	,0
28029,48,50,0.8188976377952756,1,trombone	,1
26086,77,31,0.4409448818897638,1,brass_section	,2
35059,67,437,0.7795275590551181,1,synthbrass_2	,3
29291,83,50,0.5748031496062992,1,electric_guitar_(jazz)	,4
10564,29,50,0.8740157480314961,1,electric_guitar_(jazz)	,5
35059,67,437,0.7795275590551181,1,synthbrass_2	,6
38422,79,449,0.8110236220472441,1,brass_section	,7
9961,40,23,0.6535433070866141,1,orchestra_kit	,8
#tempo, {"bpm":103.0000480666891,"ticks":41485,"time":84.39848426666667}
38902,85,916,0.7952755905511811,1,brass_section	,0
28091,51,456,0.8740157480314961,1,trombone	,1
26167,77,31,0.5748031496062992,1,brass_section	,2
35059,72,418,0.8346456692913385,1,synthbrass_2	,3
29349,80,50,0.5826771653543307,1,electric_guitar_(jazz)	,4
10804,41,50,0.8582677165354331,1,electric_guitar_(jazz)	,5
35059,72,418,0.8346456692913385,1,synthbrass_2	,6
38902,85,916,0.7952755905511811,1,brass_section	,7
10081,41,23,0.937007874015748,1,orchestra_kit	,8
38902,80,928,0.7716535433070866,1,brass_section	,0
28571,48,58,0.8346456692913385,1,trombone	,1
26407,77,31,0.5590551181102362,1,brass_section	,2
35539,68,940,0.7007874015748031,1,synthbrass_2	,3
29411,79,50,0.4881889763779528,1,electric_guitar_(jazz)	,4
10804,29,50,0.8582677165354331,1,electric_guitar_(jazz)	,5
35539,68,940,0.7007874015748031,1,synthbrass_2	,6
38902,80,928,0.7716535433070866,1,brass_section	,7
10081,36,23,0.7637795275590551,1,orchestra_kit	,8
39861,84,77,0.7559055118110236,1,brass_section	,0
28749,48,43,0.8346456692913385,1,trombone	,1
26647,77,31,0.5118110236220472,1,brass_section	,2
35539,73,932,0.7716535433070866,1,synthbrass_2	,3
29469,80,50,0.6062992125984252,1,electric_guitar_(jazz)	,4
11044,41,50,0.8110236220472441,1,electric_guitar_(jazz)	,5
35539,73,932,0.7716535433070866,1,synthbrass_2	,6
39861,84,77,0.7559055118110236,1,brass_section	,7
10081,38,23,0.6377952755905512,1,orchestra_kit	,8
39861,79,64,0.7401574803149606,1,brass_section	,0
28811,51,228,0.905511811023622,1,trombone	,1
26767,77,31,0.5354330708661418,1,brass_section	,2
36499,67,43,0.7322834645669292,1,synthbrass_2	,3
29531,83,50,0.5354330708661418,1,electric_guitar_(jazz)	,4
11044,29,50,0.8110236220472441,1,electric_guitar_(jazz)	,5
36499,67,43,0.7322834645669292,1,synthbrass_2	,6
39861,79,66,0.7401574803149606,1,brass_section	,7
10201,41,23,0.9606299212598425,1,orchestra_kit	,8
40102,79,396,0.7559055118110236,1,brass_section	,0
29051,48,58,0.8582677165354331,1,trombone	,1
26887,77,31,0.6377952755905512,1,brass_section	,2
36499,72,46,0.7322834645669292,1,synthbrass_2	,3
29589,84,50,0.5354330708661418,1,electric_guitar_(jazz)	,4
11164,41,50,0.8346456692913385,1,electric_guitar_(jazz)	,5
36499,72,46,0.7322834645669292,1,synthbrass_2	,6
40102,79,396,0.7559055118110236,1,brass_section	,7
10201,38,23,0.6614173228346457,1,orchestra_kit	,8
40102,84,422,0.8110236220472441,1,brass_section	,0
29229,48,43,0.8582677165354331,1,trombone	,1
27127,77,31,0.5748031496062992,1,brass_section	,2
36738,67,429,0.7559055118110236,1,synthbrass_2	,3
29651,87,50,0.6456692913385826,1,electric_guitar_(jazz)	,4
11164,29,50,0.8346456692913385,1,electric_guitar_(jazz)	,5
36738,67,429,0.7559055118110236,1,synthbrass_2	,6
40102,84,422,0.8110236220472441,1,brass_section	,7
10321,41,23,0.9606299212598425,1,orchestra_kit	,8
40583,78,1246,0.7952755905511811,1,brass_section	,0
29291,51,236,0.9448818897637795,1,trombone	,1
27208,77,31,0.4409448818897638,1,brass_section	,2
36738,72,449,0.8110236220472441,1,synthbrass_2	,3
29713,88,46,0.5590551181102362,1,electric_guitar_(jazz)	,4
11284,41,50,0.8818897637795275,1,electric_guitar_(jazz)	,5
36738,72,449,0.8110236220472441,1,synthbrass_2	,6
40583,78,1246,0.7952755905511811,1,brass_section	,7
10321,36,23,0.7795275590551181,1,orchestra_kit	,8
40583,82,1246,0.7165354330708661,1,brass_section	,0
29531,48,58,0.8346456692913385,1,trombone	,1
27290,77,27,0.5511811023622047,1,brass_section	,2
37218,71,924,0.7559055118110236,1,synthbrass_2	,3
29771,87,50,0.6141732283464567,1,electric_guitar_(jazz)	,4
11284,29,50,0.8818897637795275,1,electric_guitar_(jazz)	,5
37218,71,924,0.7559055118110236,1,synthbrass_2	,6
40583,82,1246,0.7165354330708661,1,brass_section	,7
10321,38,23,0.7165354330708661,1,orchestra_kit	,8
